tree
version=v4
num_class=1
num_tree_per_iteration=1
label_index=0
max_feature_idx=35
objective=quantile
feature_names=hour weekday hour_sin hour_cos weekday_sin weekday_cos is_weekend time_basis_utc_fallback month account_baseline history_depth_code primary_cat_code primary_subcat_code primary_cat_confidence has_secondary_cat context_source_code accepted_tag_count rejected_tag_count generic_tag_count semantic_tag_ratio irrelevant_tag_ratio tag_alignment_mean tag_alignment_min tag_category_entropy cat_x_hour cat_x_weekday history_x_hour media_type_code text_svd_0 text_svd_1 text_svd_2 text_svd_3 text_svd_4 text_svd_5 text_svd_6 text_svd_7
feature_infos=[0:23] [0:6] [-1:1] [-1:1] [-0.97492791218182362:0.97492791218182362] [-0.90096886790241903:1] [0:1] [0:1] [2:12] [1.3236300151177833:14.796830022583357] [0:4] [0:10] [0:43] none [0:1] [0:1] [0:28] [0:75] [0:23] [0:1] [0:1] [0:1] [0:1] [0:3.0503018554349817] [0:1023] [0:106] [0:423] [0:1] [-7.2686138899560305e-07:0.99607819077828708] [-0.015068717731374737:0.88316589478320395] [-0.29768118115682757:0.85250850433227199] [-0.01262606349054227:0.9864993280116845] [-0.063935771927925683:0.97275986806149295] [-0.20201671317666017:0.91981854387489104] [-0.22134527136321994:0.6408118281664934] [-0.44446794705689274:0.68285280788542313]
tree_sizes=11470 11733 11911 11953 11745 11747 11814 11793 11922 11793 11796 11810 11812 11790 11843 11858 11887 11903 11841 11877 11895 11887 11874 11823 11832 11865 11828 11858 11896 11823 11971 11973 11878 11994 11900 12001 11924 11889 11864 11948 11920 11849 11864 11842 11884 11965 11862 11869 11988 11883 11843 11849 11791 11954 11873 11879 11867 11920 11821 11873 11845 11873 11867 11777 11801 11825 11821 11796 11877

Tree=0
num_leaves=127
num_cat=0
split_feature=9 10 10 10 10 9 17 10 17 9 10 9 17 10 8 9 17 24 25 32 9 17 9 8 25 17 9 35 9 14 9 29 29 23 17 29 8 17 17 8 33 23 33 32 17 9 34 16 17 11 24 18 35 35 17 19 23 24 24 35 11 29 1 17 17 31 1 18 31 7 24 9 10 9 8 8 34 17 9 2 9 32 29 1 33 17 12 3 25 17 9 33 8 24 9 35 35 17 35 29 2 9 34 24 18 34 35 10 24 18 15 32 24 3 9 24 19 24 7 1 29 19 23 25 35 29
split_gain=8442.55 3295.5 1943.66 1255.82 432.23 459.781 374.829 332.319 277.074 244.843 214.406 180.12 155.842 148.465 128.392 111.898 104.583 205.227 120.404 85.9735 82.2687 79.312 74.7075 73.2273 73.1567 72.8767 70.7158 85.6048 69.2565 66.7308 63.3732 62.4575 59.0894 51.5407 84.2443 50.1313 47.1897 56.8516 45.6079 45.4635 43.7286 42.5669 40.8488 40.0517 38.9821 37.9284 37.9111 37.2507 36.9642 41.9434 44.7105 35.6981 35.3114 43.6121 34.4616 34.4583 58.0229 47.0349 46.7925 37.1072 34.2214 33.4982 33.3323 32.6782 40.4394 32.5911 32.4383 32.3117 31.799 31.2112 30.9554 30.5793 29.7971 50.5748 29.5042 31.3868 39.9622 29.4037 29.2357 29.1872 29.1366 29.1067 34.571 27.5368 43.4897 27.4382 27.3145 28.0289 27.0852 28.9191 33.8074 26.7711 25.5535 26.7292 52.9105 24.0144 23.4825 26.3422 23.0759 25.6939 22.8887 23.7442 22.7793 22.4936 22.1418 21.1439 30.5508 20.5489 20.4071 20.2779 19.9007 20.4783 35.469 19.8649 19.6903 19.2177 19.2111 18.987 18.9355 18.1522 18.0052 18.4242 21.5126 17.9054 17.9052 17.7341
threshold=6.443721501868823 1.0000000180025095e-35 2.5000000000000004 3.5000000000000004 3.5000000000000004 7.4292277797806276 6.5000000000000009 1.0000000180025095e-35 12.500000000000002 6.7627748885793375 1.5000000000000002 6.3700895103449549 61.500000000000007 2.5000000000000004 9.5000000000000018 9.5650922337205859 42.500000000000007 404.50000000000006 31.500000000000004 4.9911462010460588e-06 6.9391560819286742 12.500000000000002 4.7571303064240302 9.5000000000000018 103.50000000000001 7.5000000000000009 8.1791321490895879 -2.4277681973435706e-05 6.5374542106201234 1.0000000180025095e-35 8.0772341169730471 0.00048602041618146184 0.00057108644637129025 0.99117016018682558 45.500000000000007 -1.0000000180025095e-35 9.5000000000000018 47.500000000000007 20.500000000000004 11.500000000000002 -1.0000000180025095e-35 1.4912147535457925 -0.0014930094834497707 0.00025932288836771211 58.500000000000007 6.1609814165723638 0.36879226450807762 3.5000000000000004 21.500000000000004 2.5000000000000004 1004.5000000000001 1.0000000180025095e-35 -0.13201413190049566 -0.0087525249413932336 33.500000000000007 0.03883861236802414 1.1469726343312499 512.50000000000011 1002.5000000000001 0.017442729153356384 1.5000000000000002 4.8112163938513861e-06 3.5000000000000004 10.500000000000002 9.5000000000000018 0.91043797189931219 3.5000000000000004 1.0000000180025095e-35 0.00037957266140686575 1.0000000180025095e-35 305.50000000000006 6.5374542106201234 1.5000000000000002 7.3268331890861695 11.500000000000002 10.500000000000002 7.5119620337211676e-05 9.5000000000000018 7.8688572590266093 0.91597561503675362 7.8358423678846352 -0.0059923676551528098 0.20859746479431149 3.5000000000000004 0.00095671393741932054 41.500000000000007 42.000000000000007 0.78656609248549303 100.50000000000001 25.500000000000004 2.7910059376074821 -0.0020643890095927305 8.5000000000000018 212.50000000000003 5.419754394101461 -3.9353844468773589e-05 0.0030047749753479096 24.500000000000004 0.00099113376470011719 0.012402001628611372 -0.91597561503675329 6.8658811164318214 0.09680657611069092 1012.5000000000001 5.5000000000000009 0.071943370150765795 0.028332945128515769 1.5000000000000002 201.50000000000003 2.5000000000000004 1.0000000180025095e-35 -1.7864895270107106e-05 219.50000000000003 0.78656609248549303 6.4128760218017353 306.50000000000006 0.14185110663983905 318.50000000000006 1.0000000180025095e-35 2.5000000000000004 0.090806801094556966 0.16428133306072382 1.573909939779113 102.50000000000001 -4.9465776921521646e-05 0.0032826123494479613
decision_type=2 2 2 2 2 2 2 2 2 2 2 2 2 2 2 2 2 2 2 2 2 2 2 2 2 2 2 2 2 2 2 2 2 2 2 2 2 2 2 2 2 2 2 2 2 2 2 2 2 2 2 2 2 2 2 2 2 2 2 2 2 2 2 2 2 2 2 2 2 2 2 2 2 2 2 2 2 2 2 2 2 2 2 2 2 2 2 2 2 2 2 2 2 2 2 2 2 2 2 2 2 2 2 2 2 2 2 2 2 2 2 2 2 2 2 2 2 2 2 2 2 2 2 2 2 2
left_child=1 6 7 11 5 20 69 25 23 10 28 13 15 45 40 19 17 18 32 29 -4 118 -15 83 63 -2 27 43 -9 55 -7 35 -16 -28 -35 -19 -31 70 65 98 44 48 -18 67 62 -3 54 68 49 92 -51 79 -26 -54 -45 57 78 -6 -59 77 -50 -17 91 64 110 95 -40 -21 102 -1 -38 -12 -11 -74 75 76 -55 -60 100 -20 -48 82 -33 -5 103 -83 -56 -88 -62 -90 -91 -10 93 94 108 124 97 -64 -14 -100 101 -57 -29 -85 109 106 -22 -47 -42 -58 111 -25 -113 -66 -13 -43 125 -63 -8 -36 121 122 -72 -93 -24 -78
right_child=2 3 4 8 12 30 21 9 14 72 71 114 39 22 16 61 42 31 51 26 105 -23 38 24 52 -27 33 47 -30 36 -32 81 -34 34 119 -37 37 -39 66 -41 41 115 -44 46 -46 107 80 -49 60 50 -52 -53 53 74 86 56 104 58 59 -61 88 117 96 -65 113 -67 -68 -69 -70 -71 120 -73 73 -75 -76 -77 116 -79 -80 -81 -82 85 -84 84 -86 -87 87 -89 89 90 -92 123 -94 -95 -96 -97 -98 -99 99 -101 -102 -103 -104 -105 -106 -107 -108 -109 -110 -111 -112 112 -114 -115 -116 -117 -118 -119 -120 -121 -122 -123 -124 -125 -126 -127
leaf_value=0.097861124575138098 0.068411133733396759 0.02591004881512049 0.082006471872056258 0.076190128169507071 0.06496142068932001 0.094562368925390675 0.16136112362146376 0.10449538081884384 0.097210267776285872 0.21270280425352225 0.082332349325314011 0.075092912092804914 0.096832502423541911 0.051583320307319443 0.17164830609870521 0.097263059574606903 0.094256701018533201 0.11533274847783392 0.10633186452014964 0.078636619507065394 0.090535117486822886 0.19836113005876543 0.070193942077539526 0.062558082909389162 0.076387636685917013 0.15736112147569659 0.075917654797598016 0.10368734767506993 0.15197391551179962 0.061577685433378451 0.11068159804649902 0.065314094467756337 0.07942036811772217 0.034349245791162449 0.070525043208257546 0.070014616407912553 0.095151965063279581 0.068872834751598694 0.077776864795838646 0.12652181049586736 0.087550555995004581 0.059110166889563678 0.14046036322028571 0.070064313036087358 0.09284819335662195 0.041677199304103851 0.11676793896822613 0.12152994399149045 0.079710002831660826 0.067297218891843438 0.086467529579075914 0.054852991375763514 0.096952510153550969 0.0685671800443938 0.10930354207172996 0.095332988040366565 0.084340326184748821 0.10486715104116354 0.10086632489639209 0.077199022446407251 0.14914990485751078 0.092570665071546362 0.071699942753908008 0.068155427568980326 0.083916797308861743 0.097172588217859526 0.071833052028801705 0.10719074275211042 0.074471840990268573 0.057861123979091642 0.055046593594917231 0.090318734187106522 0.10907842716763412 0.1563757763601174 0.066377108797671364 0.12707329826657182 0.10529836622502434 0.083565903013856205 0.080483776830235595 0.077408654705118929 0.069255119148634178 0.093136773498303072 0.087182918034059892 0.062653369550456084 0.084661908285077914 -0.016095861623992749 0.078731142044657296 0.10367242242506798 0.035567230733311916 0.080436059424833561 0.13448966658497669 0.06377411426619943 0.14205446519056153 0.090595294661436385 0.075552963299356304 0.067246814106004568 0.067658080195769355 0.091547490401729353 0.067171939838975445 0.09653551482070899 0.066633000772185369 0.07467480522914656 0.054237166733965475 0.090838872840501003 0.067369031540248286 0.098104986095551808 0.074627705933913685 0.07101035192608833 0.11369949077627162 0.089974395397030088 0.060518943079864579 0.090770339790886514 0.074977741803145509 0.10488792225096474 0.081848853221981294 0.075371629739901302 0.032707778218692592 0.076956220742619569 0.12336112409830094 0.1106280731221064 0.094121031756094903 0.084861816744954452 0.09028089457199702 0.092405708251708768 0.090566746073787077 0.084038280697349602
leaf_weight=4315 1563 26737 6510 1943 284 4462 4663 3419 525 10254 1043 2598 511 12704 268 794 451 84 1602 193 3915 8159 4999 810 139 3066 1429 441 7575 1813 8390 317 1090 250 27 1929 188 623 2441 480 281 260 803 801 139 6653 380 548 121 723 565 110 249 377 91 72 972 348 186 186 485 639 530 956 397 80 3292 283 179 3296 320 2850 5481 8982 210 308 230 559 1217 58 94 1231 200 3598 366 86 533 138 127 222 264 537 130 210 584 9627 1226 204 161 280 2105 97 51 130 268 370 320 2504 167 321 257 274 2190 136 1975 840 127 508 2896 364 172 152 80 101 46 439
leaf_count=4315 1563 26737 6510 1943 284 4462 4663 3419 525 10254 1043 2598 511 12704 268 794 451 84 1602 193 3915 8159 4999 810 139 3066 1429 441 7575 1813 8390 317 1090 250 27 1929 188 623 2441 480 281 260 803 801 139 6653 380 548 121 723 565 110 249 377 91 72 972 348 186 186 485 639 530 956 397 80 3292 283 179 3296 320 2850 5481 8982 210 308 230 559 1217 58 94 1231 200 3598 366 86 533 138 127 222 264 537 130 210 584 9627 1226 204 161 280 2105 97 51 130 268 370 320 2504 167 321 257 274 2190 136 1975 840 127 508 2896 364 172 152 80 101 46 439
internal_value=0.083538 0.0752878 0.095496 0.0714534 0.0879393 0.0924127 0.0922591 0.102859 0.0801513 0.10434 0.0992641 0.0679577 0.0823363 0.0673215 0.0844713 0.0810517 0.0888875 0.0864911 0.0959925 0.0796564 0.0849645 0.0966682 0.0697373 0.0747366 0.0781851 0.0901732 0.0844946 0.0886036 0.102834 0.0768398 0.0988511 0.0787593 0.0847816 0.0770922 0.0888438 0.0726894 0.0710925 0.0775721 0.0716121 0.0981727 0.0800609 0.0830108 0.102152 0.0833226 0.0755659 0.06509 0.0802655 0.0994469 0.0854748 0.0821684 0.0757035 0.104566 0.086068 0.0878311 0.0765116 0.0797559 0.07775 0.0862373 0.0903313 0.0844488 0.0926659 0.0923651 0.0744052 0.0749211 0.0768927 0.0701396 0.0754093 0.0963031 0.0914559 0.083151 0.0855337 0.089171 0.107394 0.1059 0.0849251 0.087426 0.0836717 0.0894547 0.0741709 0.106391 0.0925881 0.0854331 0.0754298 0.0706892 0.0683599 0.0893758 0.0841312 0.0805831 0.0954555 0.0884045 0.0939555 0.0811258 0.0882439 0.0859879 0.0826509 0.0699644 0.0704337 0.0775637 0.0917721 0.0833755 0.0708285 0.0884087 0.0979847 0.0667472 0.0857587 0.0900754 0.0890598 0.0678938 0.0955027 0.0884745 0.0749556 0.0760312 0.0783173 0.0896858 0.0775764 0.0743525 0.0900174 0.0868735 0.0929672 0.103241 0.0808083 0.0764106 0.070822 0.0742768 0.0727831 0.0934008
internal_weight=213929 126591 87338 103262 43105 23967 23329 44233 29606 39604 14887 73656 19138 69083 16470 17706 8229 6975 3128 15765 11115 15718 33189 13136 7099 4629 5802 3732 10994 9963 12852 3847 1358 2070 641 2013 3348 1535 20485 1432 8241 4979 1254 2513 3262 35894 2037 1219 3879 2660 1288 1770 2079 1940 1563 6615 5052 1563 1279 931 1219 1941 3123 5020 4064 14752 5733 476 671 7611 912 3893 24717 14463 1691 1481 1173 745 3491 1660 474 1834 517 6037 4094 1317 762 671 1098 613 486 1163 1372 1242 1032 14672 1960 734 952 441 2274 169 492 3728 1561 4605 4235 9157 448 1293 3531 3274 2464 533 4573 1100 796 1147 7559 391 724 552 400 638 5045 669
internal_count=213929 126591 87338 103262 43105 23967 23329 44233 29606 39604 14887 73656 19138 69083 16470 17706 8229 6975 3128 15765 11115 15718 33189 13136 7099 4629 5802 3732 10994 9963 12852 3847 1358 2070 641 2013 3348 1535 20485 1432 8241 4979 1254 2513 3262 35894 2037 1219 3879 2660 1288 1770 2079 1940 1563 6615 5052 1563 1279 931 1219 1941 3123 5020 4064 14752 5733 476 671 7611 912 3893 24717 14463 1691 1481 1173 745 3491 1660 474 1834 517 6037 4094 1317 762 671 1098 613 486 1163 1372 1242 1032 14672 1960 734 952 441 2274 169 492 3728 1561 4605 4235 9157 448 1293 3531 3274 2464 533 4573 1100 796 1147 7559 391 724 552 400 638 5045 669
is_linear=0
shrinkage=1


Tree=1
num_leaves=127
num_cat=0
split_feature=9 26 26 26 26 9 17 26 9 17 26 9 26 17 8 14 17 9 30 18 9 8 9 9 25 17 1 16 34 20 20 1 23 9 9 17 12 2 30 14 20 8 11 17 17 29 18 30 9 17 17 34 23 29 26 9 17 16 31 29 9 8 17 17 1 1 33 35 8 5 17 8 35 5 33 17 2 20 9 17 9 20 26 18 35 30 17 2 3 9 0 34 35 35 29 9 29 0 0 9 0 30 2 25 0 35 18 34 17 29 2 33 3 1 0 25 18 2 17 7 8 3 17 25 9 30
split_gain=8102.31 3099.42 1878.65 1217.21 394.855 428.684 340.085 326.102 255.625 251.458 204.276 174.943 153.145 147.832 117.171 171.371 236.95 103.344 99.0179 82.1282 74.5305 74.4569 71.9261 69.158 66.7532 65.9521 63.6453 63.4277 86.2371 68.8775 67.0686 67.4301 65.3307 64.3818 58.8437 54.5878 52.5462 62.8692 51.3467 59.5714 63.7261 47.796 47.6262 46.4103 44.1476 41.7391 40.3049 39.4216 39.2533 38.1185 36.7102 35.7 35.4273 35.2047 33.5785 51.5715 32.4791 32.2049 32.0508 31.8808 31.5353 31.1441 30.8762 34.077 30.5715 30.1671 41.564 29.8442 32.8982 34.8657 42.301 29.8236 29.7291 29.6676 29.0433 28.2112 27.9652 27.7608 27.5906 27.4709 26.752 25.4999 24.9333 24.8493 24.5472 23.5253 24.7669 22.3929 22.2195 27.8454 21.6663 21.4109 29.2648 21.1566 25.3308 20.6279 27.3477 28.642 31.5723 20.5295 34.2677 28.9781 20.3808 19.9911 19.7534 21.6579 26.988 22.8796 19.4036 24.6473 23.9037 19.2035 18.8777 18.385 18.2682 18.1773 19.0042 23.0873 18.0092 17.8956 17.7371 17.683 19.779 17.6575 21.7876 17.6104
threshold=6.443721501868823 61.500000000000007 261.50000000000006 361.50000000000006 361.50000000000006 7.4292277797806276 8.5000000000000018 61.500000000000007 6.7627748885793375 12.500000000000002 161.50000000000003 6.3480695531468188 261.50000000000006 61.500000000000007 9.5000000000000018 1.0000000180025095e-35 42.500000000000007 9.5650922337205859 0.0065901838239398481 1.0000000180025095e-35 6.9391560819286742 9.5000000000000018 4.7571303064240302 6.4960462968475161 103.50000000000001 9.5000000000000018 1.5000000000000002 8.5000000000000018 -0.065444272854791388 0.86996779388083745 0.89512961508248245 3.5000000000000004 1.4912147535457925 7.5942045247465737 8.0772341169730471 5.5000000000000009 42.000000000000007 -0.91597561503675329 -1.0000000180025095e-35 1.0000000180025095e-35 0.83803656597774256 11.500000000000002 1.5000000000000002 61.500000000000007 20.500000000000004 -1.0000000180025095e-35 1.5000000000000002 0.0056428463177298173 3.7422261563057631 17.500000000000004 20.500000000000004 0.002464319936574881 1.573909939779113 0.014991475201691286 161.50000000000003 7.4023669590354144 4.5000000000000009 6.5000000000000009 0.91043797189931219 4.8112163938513861e-06 6.0900115914625887 11.500000000000002 10.500000000000002 9.5000000000000018 3.5000000000000004 3.5000000000000004 0.00095671393741932054 0.23508777326940525 6.5000000000000009 -0.22252093395631442 45.500000000000007 10.500000000000002 0.0073002872455131384 1.0000000180025095e-35 -0.013045893467615645 9.5000000000000018 0.91597561503675362 0.97700845665961955 6.4128760218017353 50.500000000000007 6.5374542106201234 0.94405320813771521 161.50000000000003 1.0000000180025095e-35 -3.9353844468773589e-05 1.0000000180025095e-35 8.5000000000000018 0.91597561503675362 -0.37940952255126015 6.8658811164318214 6.5000000000000009 0.071943370150765795 0.017442729153356384 0.00099113376470011719 0.012402001628611372 7.7225551465088893 0.20521599658010567 3.5000000000000004 4.5000000000000009 5.419754394101461 12.500000000000002 0.0012108270689859554 0.98296291314453421 101.50000000000001 1.0000000180025095e-35 -0.00046324684742684376 1.0000000180025095e-35 -0.017606914840251533 4.5000000000000009 2.8682416360007436e-05 -0.91597561503675329 -0.022466933380498141 -0.98296291314453399 5.5000000000000009 5.5000000000000009 55.500000000000007 6.5000000000000009 0.98296291314453421 4.5000000000000009 1.0000000180025095e-35 4.5000000000000009 0.78656609248549303 50.500000000000007 100.50000000000001 4.8376855539680186 -0.075797226141850985
decision_type=2 2 2 2 2 2 2 2 2 2 2 2 2 2 2 2 2 2 2 2 2 2 2 2 2 2 2 2 2 2 2 2 2 2 2 2 2 2 2 2 2 2 2 2 2 2 2 2 2 2 2 2 2 2 2 2 2 2 2 2 2 2 2 2 2 2 2 2 2 2 2 2 2 2 2 2 2 2 2 2 2 2 2 2 2 2 2 2 2 2 2 2 2 2 2 2 2 2 2 2 2 2 2 2 2 2 2 2 2 2 2 2 2 2 2 2 2 2 2 2 2 2 2 2 2 2
left_child=1 6 7 11 5 20 35 25 10 21 23 12 60 17 38 16 18 27 45 26 -4 65 85 -9 62 -2 -17 28 -6 32 31 -31 46 121 114 -1 42 -38 43 40 113 93 -32 -11 58 -16 61 48 71 -8 53 57 -47 75 -10 -56 -50 115 84 -19 -3 88 63 108 -46 -5 83 68 79 70 -70 -26 -58 -35 -41 118 -28 125 -13 -42 -12 -76 -62 102 -24 -14 -87 -59 -30 -90 -52 92 -22 -15 -95 96 -55 -98 -99 101 -101 -71 -67 -91 -44 106 107 -106 109 -23 -110 -33 -64 -40 -7 -34 117 -117 -39 -37 -107 122 -29 124 -65 -18
right_child=2 3 4 9 13 34 49 8 54 14 80 78 22 41 15 19 77 59 -20 -21 91 24 44 -25 47 -27 76 33 29 30 36 111 51 73 -36 119 37 50 39 74 67 -43 104 -45 64 52 -48 -49 56 -51 90 -53 -54 95 55 -57 72 87 -60 -61 82 -63 112 123 -66 66 -68 -69 69 99 -72 -73 -74 -75 81 -77 -78 -79 -80 -81 -82 -83 -84 -85 -86 86 -88 -89 89 103 -92 -93 -94 94 -96 -97 97 98 -100 100 -102 -103 -104 -105 105 120 -108 -109 110 -111 -112 -113 -114 -115 -116 116 -118 -119 -120 -121 -122 -123 -124 -125 -126 -127
leaf_value=-0.0093930561393183263 -0.0019205567201974506 -0.055870329321213323 -0.0014549760582660736 -0.0069805025756877904 -0.020089322265892749 0.0082151986426123903 0.080331944748759265 0.013045365736436275 0.12270653970412665 -0.013509863541808876 -0.0011453924776711998 -0.009300169767392636 -0.03185857688500332 0.012629752965645303 0.030204986717222715 -0.0065941756063634983 -0.0068735546434539208 0.013038782259157045 0.013857574298743014 -0.018348060331862454 0.006932044372131645 0.0040204532999028224 -0.012668304041507797 0.05707784270447061 0.0016636181976128527 0.077631945833563809 0.023427685937320721 -0.0084921772213321194 -0.010539038307269776 -0.0031560857051904836 0.015735707531511139 0.00013816663956883052 0.013255291358103632 0.027506971003123923 0.025786393807454556 0.057071949601864562 0.03869052340420312 -0.0084193093314733538 -0.014025040364243124 0.011366778831096998 0.031217340023212883 0.040834595634354487 0.0092887095621223513 0.013093637856632751 -0.0056213108175440056 -0.011709383461380306 -0.015249477845780762 0.0085723921535014475 0.018985133112878121 0.120581938251853 0.0004756890446248295 0.02466979042484134 0.005255424116980649 -0.017881639522266055 0.025414683903123458 0.072292828948840301 -0.014141076659423719 -0.051946244619922248 0.012952834470247036 0.0047813084678655846 -0.048297609345739546 0.011056327513203694 2.1275065908030189e-06 0.02221084787573499 -0.011293183855883857 -0.022028493967587215 0.001067688534104505 -0.020635620869586882 0.050837653851646472 0.014008018572410212 -0.014749135637488284 0.052526285490699542 0.00118752421888634 -0.025610445669080814 -0.0063021200530333499 0.0036652099393624572 -0.0058082376534220994 -0.01851779709777766 -0.0016047137758372786 -0.0025471812233570815 0.0064416731410316813 -0.013181428272136031 -0.013898234632875177 -0.0067001255647476839 -0.015603694775203972 -0.032091629638532217 -0.021806089690324104 0.032106013744418981 0.0085432234684894581 0.0012632020874898211 -0.016820219909466746 0.013838612454054704 -0.0054952203109005053 -0.015547781489692838 0.012347614742954028 -0.014911882182242134 0.019828750407512471 -0.0050596963804402789 0.012556416416840445 -0.012131721398343051 0.012730631908222753 -0.0082372602352002097 -0.0039043384581146537 -0.011559824707510559 0.061263752691785502 0.0020655984724070376 0.15452353271140562 -0.005890308914211999 0.073684964300088016 -0.013355827262594738 -0.015257714489064246 0.029911978533197239 -0.0160118645839404 0.0082163792256687088 0.01128545082787781 -0.0071289077584595897 0.01991151349898572 0.015540171249958002 0.018835731055849386 0.01383194409310818 -0.01281192333163771 0.024258790108021292 0.0082427639847617931 -0.0063858571025604688 0.00071349224591431358 0.052585726328126484
leaf_weight=5933 2074 24039 6510 1943 1073 1512 7637 1916 10254 1502 1043 3942 7090 511 84 205 54 794 859 315 3786 500 4966 9078 436 2555 1873 396 1164 436 142 108 195 553 8390 2837 276 21 1113 193 661 480 114 91 2404 3329 2322 603 60 4982 504 268 421 208 6147 8316 632 241 80 1147 7587 146 154 171 3213 3029 366 109 649 571 150 183 165 48 739 482 61 38 1975 173 2850 710 3220 404 9526 2913 2701 29 131 373 648 370 449 161 280 142 134 138 294 775 154 489 295 424 86 146 90 484 68 877 2086 634 802 162 2950 509 62 55 306 1940 2038 118 227 121 241 990
leaf_count=5933 2074 24039 6510 1943 1073 1512 7637 1916 10254 1502 1043 3942 7090 511 84 205 54 794 859 315 3786 500 4966 9078 436 2555 1873 396 1164 436 142 108 195 553 8390 2837 276 21 1113 193 661 480 114 91 2404 3329 2322 603 60 4982 504 268 421 208 6147 8316 632 241 80 1147 7587 146 154 171 3213 3029 366 109 649 571 150 183 165 48 739 482 61 38 1975 173 2850 710 3220 404 9526 2913 2701 29 131 373 648 370 449 161 280 142 134 138 294 775 154 489 295 424 86 146 90 484 68 877 2086 634 802 162 2950 509 62 55 306 1940 2038 118 227 121 241 990
internal_value=-3.24977e-05 -0.00811477 0.011682 -0.0118334 0.00425278 0.00852839 0.00834394 0.0189206 0.0203883 -0.00327024 0.0152023 -0.0152748 -0.0159952 -0.00110249 0.000845221 0.00506406 0.000356835 -0.00235362 -0.00451096 0.0161183 0.00133656 -0.00842858 -0.0135431 0.0186867 -0.00495179 0.00635466 0.0196234 -0.00369451 -0.00466229 -0.00356234 -0.000356038 0.0105621 -0.00758398 0.00668523 0.0147453 0.00178955 -0.0024197 0.00212397 -0.003368 -0.00143244 0.00128018 0.0143215 -0.00703704 -0.0114158 -0.0116818 -0.00794868 -0.0104491 0.00257798 -0.00182984 0.0139039 -8.06725e-05 0.00203263 -0.00874168 0.00453035 0.0235081 0.0219265 -0.0087384 -0.00200502 -0.0131351 0.00851876 -0.0183075 -0.005642 -0.00806965 -0.00615385 -0.00790333 -0.0125095 -0.0149463 0.00457776 0.00536394 0.00274615 0.011533 0.00772837 -0.0114495 0.0187748 -0.00968124 0.0120977 0.0224265 0.0213937 -0.0070217 0.0140465 0.00535082 -0.0121063 -0.0160384 -0.0165229 -0.013311 -0.0164954 -0.0140443 -0.0168182 -0.0072103 -0.00142551 -0.00697493 0.00620119 0.00517984 0.00776385 -0.000274663 -0.00218241 0.00107189 0.00676883 0.0004119 -0.00080366 -0.00621253 0.00394366 -0.0179453 -0.00496571 -0.00840533 -0.0092278 -0.00127819 -0.00534783 -0.00793198 -0.00327967 -0.0108916 0.0196854 -0.0161394 -0.00834961 0.0100862 0.00293886 -0.00124406 -0.00420035 0.0233208 0.00576485 -0.0116217 -0.00318029 -0.00655653 0.00559015 0.0105036 0.0229361
internal_weight=213929 126591 87338 103262 43105 23967 23329 44233 39604 29606 14887 73656 67739 19138 16470 8229 5775 17706 4693 2454 11115 13136 32893 10994 7099 4629 2139 15765 14423 13350 7431 1178 5919 1342 12852 10710 6253 3153 8241 6648 5006 1432 3100 1593 20189 3834 4560 2079 1476 12619 2877 1359 3750 1725 24717 14463 857 1091 14572 1941 34846 2238 5020 4064 5617 6037 4094 3731 3622 2788 799 619 797 601 1642 809 1934 1082 5917 834 3893 1449 10807 3728 14492 12704 5614 270 2092 928 1152 4605 4235 952 441 916 774 566 432 1989 929 1060 3324 797 2958 2844 660 570 3531 1377 2154 742 956 1275 4462 821 626 564 327 4777 2184 741 623 533 412 1044
internal_count=213929 126591 87338 103262 43105 23967 23329 44233 39604 29606 14887 73656 67739 19138 16470 8229 5775 17706 4693 2454 11115 13136 32893 10994 7099 4629 2139 15765 14423 13350 7431 1178 5919 1342 12852 10710 6253 3153 8241 6648 5006 1432 3100 1593 20189 3834 4560 2079 1476 12619 2877 1359 3750 1725 24717 14463 857 1091 14572 1941 34846 2238 5020 4064 5617 6037 4094 3731 3622 2788 799 619 797 601 1642 809 1934 1082 5917 834 3893 1449 10807 3728 14492 12704 5614 270 2092 928 1152 4605 4235 952 441 916 774 566 432 1989 929 1060 3324 797 2958 2844 660 570 3531 1377 2154 742 956 1275 4462 821 626 564 327 4777 2184 741 623 533 412 1044
is_linear=0
shrinkage=0.05


Tree=2
num_leaves=127
num_cat=0
split_feature=17 26 26 17 17 17 26 17 17 25 33 31 35 29 26 26 17 26 24 17 24 26 0 5 30 31 16 30 17 16 11 10 0 8 28 0 30 32 8 10 25 33 30 26 26 17 24 24 8 0 14 24 10 17 0 28 14 16 8 25 25 0 29 26 26 10 35 8 25 30 28 33 8 2 26 35 35 1 26 30 29 32 16 16 24 30 15 31 32 28 29 0 28 35 30 17 29 28 29 2 35 33 17 17 31 2 24 2 8 4 0 26 21 29 31 3 16 33 30 0 17 25 25 31 8 16
split_gain=1662.1 1107.05 687.969 337.158 278.103 259.12 192.879 172.317 148.693 123.585 99.7942 96.563 83.0808 78.293 69.8451 67.9351 75.5939 65.8993 93.8037 59.8741 54.4277 52.7844 51.8618 54.8956 62.3716 51.9699 49.675 57.1491 48.7894 47.5381 45.7366 49.9461 45.1993 42.901 55.8881 55.4915 42.3874 39.6988 39.3132 38.7632 37.6294 42.5554 37.4965 39.2737 37.4502 37.182 40.7808 36.8455 36.0666 36.0108 35.822 47.1898 39.4212 58.5933 53.7979 62.2003 35.2852 34.3172 34.1241 115.152 63.1049 33.8889 31.575 31.5082 31.1971 31.0142 30.7682 30.7124 37.1245 30.3101 47.7352 30.3047 29.9455 31.9343 29.8473 28.9742 28.9067 28.2538 27.9037 26.8341 25.6095 25.4274 32.8585 25.3225 24.9688 24.541 24.2432 27.6949 24.5071 23.4736 40.9816 22.8814 22.7621 23.6977 21.9412 31.9421 21.8374 21.8137 33.1787 32.8138 21.6718 21.6613 29.4182 26.0384 21.4963 22.5018 20.9933 20.391 41.1059 22.7497 20.3586 20.342 20.2799 20.1471 30.8076 23.1516 21.5123 19.5209 19.4931 19.1761 19.146 18.9643 18.9577 18.8371 18.6854 18.5485
threshold=12.500000000000002 217.50000000000003 117.50000000000001 61.500000000000007 6.5000000000000009 23.500000000000004 117.50000000000001 6.5000000000000009 32.500000000000007 34.500000000000007 -0.04799456329259847 2.9294391925359447e-07 -0.00027572781979338419 2.8682416360007436e-05 17.500000000000004 410.50000000000006 23.500000000000004 420.50000000000006 313.50000000000006 21.500000000000004 201.50000000000003 301.50000000000006 15.500000000000002 -0.56174490092936669 -1.1424214909580352e-10 0.0014941706149039229 2.5000000000000004 8.5963911863377236e-05 41.500000000000007 6.5000000000000009 2.5000000000000004 1.5000000000000002 12.500000000000002 5.5000000000000009 -3.8825395403337058e-12 14.500000000000002 -5.6736610601109645e-08 -0.00028550370912744475 11.500000000000002 1.0000000180025095e-35 104.50000000000001 -0.16006091799829295 7.2560005531780868e-05 401.50000000000006 17.500000000000004 45.500000000000007 1003.5000000000001 311.50000000000006 9.5000000000000018 9.5000000000000018 1.0000000180025095e-35 215.50000000000003 3.5000000000000004 10.500000000000002 3.5000000000000004 0.0028010262728312687 1.0000000180025095e-35 2.5000000000000004 9.5000000000000018 32.500000000000007 25.500000000000004 13.500000000000002 1.1294743021543007e-06 408.50000000000006 409.50000000000006 3.5000000000000004 -0.00073304154854976109 11.500000000000002 100.50000000000001 0.0046008390112736858 0.00051453252581698625 -1.0000000180025095e-35 9.5000000000000018 0.60355339059327384 305.50000000000006 -3.9353844468773589e-05 -0.020423935861343785 3.5000000000000004 16.500000000000004 0.011671425969696845 0.0051212890674762731 -0.0057737938956219188 4.5000000000000009 2.5000000000000004 219.50000000000003 2.189857612569283e-05 1.0000000180025095e-35 0.014665138462222225 0.00018238394674368098 4.4818248021469195e-06 0.00025036641924563243 2.5000000000000004 1.0000000180025095e-35 0.047009088140945163 -1.1424214909580352e-10 38.500000000000007 -1.0000000180025095e-35 0.00025935441353810447 0.0054414361972967449 -0.91597561503675329 0.034992134860075415 -1.0000000180025095e-35 46.500000000000007 42.500000000000007 5.9890144586374507e-05 0.78656609248549325 401.50000000000006 0.25881904510252091 7.5000000000000009 1.0000000180025095e-35 12.500000000000002 406.50000000000006 0.71130952380952395 0.24630067179242718 -0.0010479419174963364 0.25881904510252057 5.5000000000000009 0.21207393882078701 0.0031919721043114175 21.500000000000004 61.500000000000007 43.500000000000007 35.500000000000007 0.016504328520336637 9.5000000000000018 1.5000000000000002
decision_type=2 2 2 2 2 2 2 2 2 2 2 2 2 2 2 2 2 2 2 2 2 2 2 2 2 2 2 2 2 2 2 2 2 2 2 2 2 2 2 2 2 2 2 2 2 2 2 2 2 2 2 2 2 2 2 2 2 2 2 2 2 2 2 2 2 2 2 2 2 2 2 2 2 2 2 2 2 2 2 2 2 2 2 2 2 2 2 2 2 2 2 2 2 2 2 2 2 2 2 2 2 2 2 2 2 2 2 2 2 2 2 2 2 2 2 2 2 2 2 2 2 2 2 2 2 2
left_child=2 5 4 8 13 6 44 33 9 17 21 50 40 78 -6 69 36 18 19 20 -3 47 23 28 45 29 27 -21 94 63 -7 -32 62 34 -4 -36 37 125 -5 -15 41 -11 43 -35 -2 46 -25 -9 -45 -28 51 71 76 54 77 61 -31 -38 60 81 91 -56 111 100 72 -61 -20 68 84 113 80 -12 107 -74 -42 -8 -53 -54 -1 -72 -71 -60 -83 -79 -50 -37 87 88 -24 90 -44 -22 -62 -94 112 121 -16 98 118 -99 104 110 103 -103 105 -26 -43 108 109 -52 -30 -13 -10 114 -14 116 -116 -101 -76 -89 -33 -96 -41 -108 -19 -17
right_child=1 3 7 38 14 30 75 10 22 12 11 32 15 39 96 16 -18 124 66 26 58 -23 86 24 25 -27 49 -29 101 56 31 120 -34 42 35 85 57 -39 -40 122 74 106 89 48 -46 -47 -48 -49 67 -51 64 52 53 -55 55 -57 -58 -59 59 65 92 -63 -64 -65 -66 -67 -68 -69 -70 70 79 -73 73 -75 97 -77 -78 83 -80 -81 -82 82 -84 -85 -86 -87 -88 119 -90 -91 -92 -93 93 -95 95 -97 -98 99 -100 117 -102 102 -104 -105 -106 -107 123 -109 -110 -111 -112 -113 -114 -115 115 -117 -118 -119 -120 -121 -122 -123 -124 -125 -126 -127
leaf_value=-0.026324517982871738 0.090750344250351195 -0.010492398557988539 0.025735025978335286 0.017454333297008604 0.054738043602148526 0.075050737609364107 0.013255587660124754 0.026513712082368392 0.037104731121395867 0.038451140200124433 -0.010767764173900704 0.010415533035009299 0.0049856776329743335 0.0065843959481630748 -0.049208220611302034 -0.0080091780472200252 -0.014847510104619011 0.0022463495767430582 0.01697647442195864 0.020878476217322771 0.026433801480117921 -0.020094552410793196 0.0065722784883514409 0.0067467488416063821 0.014109376015788197 -0.0030158085705203367 -0.0075564052763690886 0.0040541990834193414 -0.0056913184320362131 0.0071236000294975059 0.084574121818346587 0.022494873102179361 -0.012218332860697338 -0.025422037878457288 -0.012619097512034489 0.010277972767105056 0.0050082189564481325 0.019547068104922353 0.040220960212834229 -0.00078722417593728167 0.0061695846079872704 0.016936336596181916 -0.015160480912352415 -0.015644862897945679 0.039838324365443233 -0.014541015937547095 -0.013236708968371728 -0.012467528081695906 0.015651177060482812 0.011712771009889759 0.011869437700512617 -0.0010751133902678583 -0.011195294547478103 -0.011846994905668982 0.014974324174332471 -0.007224813602001042 -0.020753450883585812 -0.0049871931247597199 0.025348185304973726 0.010070655052873396 0.0067293071274232528 -0.021374778732067386 -0.00076915824628249812 -0.0018820551462272299 -0.016051446549502819 0.035110377604383979 -0.014474869253471785 -0.016008342537769119 0.015721922992592351 0.0047158717834621623 0.017496699397881597 0.0087574981425807118 -0.014736275271987814 0.0019038355064710044 0.022433471526303771 -0.0018136626716860678 -0.016315147794227016 0.01848184306678298 -0.052380106496153524 0.0028507097094230497 -0.011237047630063298 -0.010176160011614395 0.0077108518585611817 -0.018423714130092979 -0.0146598271141858 -0.008863472789958372 -0.0049404777978379255 -0.0037692232611038507 0.030483758284284897 -0.017495462340313402 0.01396032891237497 0.0034506373852044542 -0.014063268566922617 0.0069061468829213109 0.0058311067749884883 0.040061133350410227 0.011146423346507903 0.04589028929974541 0.023963998279547823 -0.01370971641490591 0.035843156667992281 -0.007979105253764416 -0.01378562490993792 0.040492000292305728 0.0075420478174805343 0.030034600855130596 -0.0003374772687622775 -0.016422638351309585 -0.027049885617105564 -0.020049393815483315 0.015153572657210214 0.00079494255453106753 -0.067413452820789227 -0.01012387406394229 -0.0081193519299946719 -0.013093888324402159 0.0012885650445923586 0.01259364112814149 -0.034214503426587169 0.019801104855824776 0.06383548806203318 -0.010894952910516315 -0.030904983760333533 0.024797727427103265 0.011226219658129349 0.0078794712967328196
leaf_weight=2361 5715 1532 126 2326 8180 5316 4129 109 238 225 375 192 459 6291 185 145 781 152 164 1298 199 1926 1893 736 1095 1728 1018 1188 1205 1866 8668 5856 3926 10916 2761 413 587 481 738 1749 501 740 780 1549 9829 1058 605 404 209 535 477 1015 54 1293 761 572 415 1258 139 205 225 173 10476 582 1154 661 1068 562 173 281 187 1042 789 821 103 6252 7235 430 3370 770 1112 1279 262 46 1075 298 227 321 1152 8982 533 1521 1105 74 323 216 11131 51 252 1041 422 113 1121 121 1376 1498 4573 2371 502 191 192 145 30 967 7558 6613 982 35 241 105 353 500 4085 124 399 310
leaf_count=2361 5715 1532 126 2326 8180 5316 4129 109 238 225 375 192 459 6291 185 145 781 152 164 1298 199 1926 1893 736 1095 1728 1018 1188 1205 1866 8668 5856 3926 10916 2761 413 587 481 738 1749 501 740 780 1549 9829 1058 605 404 209 535 477 1015 54 1293 761 572 415 1258 139 205 225 173 10476 582 1154 661 1068 562 173 281 187 1042 789 821 103 6252 7235 430 3370 770 1112 1279 262 46 1075 298 227 321 1152 8982 533 1521 1105 74 323 216 11131 51 252 1041 422 113 1121 121 1376 1498 4573 2371 502 191 192 145 30 967 7558 6613 982 35 241 105 353 500 4085 124 399 310
internal_value=-0.000106352 0.00410896 -0.00471398 -6.42827e-05 0.000691437 0.0100448 0.00673496 -0.00782689 -0.000858235 -0.00247713 -0.0055525 -0.00485093 -0.00422396 -0.00381614 0.00481975 -0.00577203 0.000562098 0.00159721 0.00084609 0.00228326 -0.000450256 -0.015314 0.00281278 0.00153772 0.00331789 0.00523033 0.00715195 0.0115275 -0.00345165 0.00708569 0.0142914 0.012859 -0.0018026 -0.0107492 -0.00563558 -0.00683635 0.0044248 0.0130606 0.016116 -0.00153854 0.000191991 0.00235663 -0.0114904 -0.0131334 0.0102585 -0.00383839 0.00169205 -0.0010473 -0.00855863 0.000133184 -0.00717769 -0.00567341 -0.00672717 -0.00213032 0.00315532 -0.0016777 0.00110564 2.02709e-05 0.00181057 0.00610153 -0.00169064 0.00626731 -0.000133342 0.00982473 -0.0102714 0.0208553 -0.0122231 -0.00413908 -0.000295827 -0.00696379 -0.00164543 0.00293073 -0.00859145 -0.0029257 -0.0053118 0.00145653 -0.00857965 0.0167757 -0.00862927 0.00693087 -0.00754113 -0.00154303 -0.00341041 0.0206653 -0.00325058 0.00559008 0.00812719 0.00916355 0.010832 -0.00917354 -0.0029154 0.00472464 -0.00953868 -0.0123121 0.00449124 0.00117098 0.00227365 -0.00843027 -0.000682196 -0.0125066 0.0112722 -0.00722524 -0.0117187 0.00433054 0.0101025 0.0127819 0.00146408 -0.0111598 -0.0057234 0.00240713 -0.00284058 0.0148173 0.0171062 -0.00771693 -0.00727861 -0.00766542 -0.00593915 -0.0143941 -0.0107163 -0.00274942 0.00942187 -0.00334239 -0.00447251 0.000227032 0.0184397 0.00241848
internal_weight=213929 111721 102208 65603 37352 46118 25925 64856 62539 43401 36479 34040 30377 17856 19496 22491 3562 13024 12473 11241 7202 2439 19138 15440 11381 8982 4039 2486 4059 7254 20193 14877 14739 28377 3598 3472 2781 936 3064 12125 7886 5662 24779 14484 15544 2399 1341 513 3568 1553 19301 12996 11579 3329 2036 1506 2281 1845 5670 2546 3124 934 10813 4973 6305 866 1232 2019 1457 18929 2350 1417 5151 1610 2224 10381 8250 530 5731 957 1393 1680 1541 476 1284 711 3698 3471 3045 10295 1313 1720 1404 1179 1307 1039 11316 1723 596 1127 4391 2752 1355 234 3969 2593 5437 3541 1170 668 1397 337 268 16579 15612 15153 8540 1076 344 426 6209 823 5834 4697 551 455
internal_count=213929 111721 102208 65603 37352 46118 25925 64856 62539 43401 36479 34040 30377 17856 19496 22491 3562 13024 12473 11241 7202 2439 19138 15440 11381 8982 4039 2486 4059 7254 20193 14877 14739 28377 3598 3472 2781 936 3064 12125 7886 5662 24779 14484 15544 2399 1341 513 3568 1553 19301 12996 11579 3329 2036 1506 2281 1845 5670 2546 3124 934 10813 4973 6305 866 1232 2019 1457 18929 2350 1417 5151 1610 2224 10381 8250 530 5731 957 1393 1680 1541 476 1284 711 3698 3471 3045 10295 1313 1720 1404 1179 1307 1039 11316 1723 596 1127 4391 2752 1355 234 3969 2593 5437 3541 1170 668 1397 337 268 16579 15612 15153 8540 1076 344 426 6209 823 5834 4697 551 455
is_linear=0
shrinkage=0.05


Tree=3
num_leaves=127
num_cat=0
split_feature=10 16 19 16 23 19 19 16 19 19 29 19 31 24 10 8 29 25 19 25 21 34 23 8 34 35 24 10 30 18 31 35 5 10 20 20 23 23 24 16 28 19 20 10 33 30 32 32 7 18 19 20 19 16 25 35 16 20 8 33 28 34 31 8 23 19 0 20 20 8 8 25 18 8 19 16 19 10 0 24 16 20 29 19 19 29 20 25 25 23 5 19 28 30 29 0 25 28 0 5 24 7 25 33 0 8 28 0 31 19 35 35 24 29 24 19 20 33 29 29 34 34 24 8 24 20
split_gain=1133.47 302.158 279.668 339.571 228.186 220.982 190.097 162.496 158.257 140.072 109.245 103.246 96.2723 91.631 77.642 76.9209 73.0081 68.5711 68.0416 67.2324 63.7279 63.4392 58.4797 56.0767 103.012 63.2637 59.6885 56.2339 52.1206 63.4068 81.0044 56.0455 51.9225 56.9641 51.443 77.4674 50.5439 70.3761 49.8437 50.0466 49.1394 48.3201 47.6568 47.378 45.8953 45.1992 44.3765 43.9939 43.6819 43.0964 41.8664 40.7666 40.3551 39.9441 39.1516 38.5125 37.7129 40.4362 37.5982 37.099 35.7043 35.0888 35.4819 33.8654 36.6812 33.7824 33.3111 32.5933 46.946 32.3591 31.3998 30.7355 30.6656 30.3276 30.2183 29.2629 34.7656 29.1946 29.0983 29.0523 30.4011 28.9758 28.799 27.7654 27.2132 27.1406 27.0481 26.6807 26.3426 25.3824 25.2188 25.0792 24.7891 42.8766 25.1557 24.4801 24.3253 24.215 32.8369 24.1984 35.7963 24.0591 23.9972 23.7321 23.2922 22.9932 22.9573 22.884 22.8544 22.8424 22.6998 23.3651 29.0674 33.9106 30.7407 22.4467 22.3707 22.2747 24.8479 22.1454 22.8034 24.668 22.0255 21.7325 21.4941 26.793
threshold=1.5000000000000002 3.5000000000000004 0.13003220611916266 1.0000000180025095e-35 1.0000000180025095e-35 0.079156223893066008 0.29238505747126442 2.5000000000000004 0.22016949152542376 0.19859154929577469 1.1722617760071621e-09 0.085960591133004943 2.9294391925359447e-07 311.50000000000006 2.5000000000000004 5.5000000000000009 1.1294743021543007e-06 23.500000000000004 0.051503094606542892 104.50000000000001 0.74166666666666681 0.35888895367954399 2.2411828476500246 5.5000000000000009 1.0000000180025095e-35 -0.00077240823403582418 300.50000000000006 3.5000000000000004 -0.061282409412301946 3.5000000000000004 0.00020480764582857505 7.6462441490929563e-05 -0.56174490092936669 3.5000000000000004 0.99333333333333351 0.92365967365967372 1.0752541016508592 1.3790319903886179 1006.5000000000001 6.5000000000000009 -1.0000000180025095e-35 0.27842377260981915 0.98130677847658998 2.5000000000000004 0.00060115320852753248 -0.048431609108410649 4.7053060210052376e-05 -0.00068930876127629972 1.0000000180025095e-35 1.5000000000000002 0.15925559947299081 0.99333333333333351 0.13819628647214857 2.5000000000000004 101.50000000000001 0.016054638066650796 1.5000000000000002 0.94073748902546106 8.5000000000000018 0.00031207346670331239 0.0046926801349160109 -0.012412260310884377 0.18261143156978873 9.5000000000000018 0.81398360638707701 0.15331196581196585 21.500000000000004 0.88388945062352564 0.95275297619047628 9.5000000000000018 7.5000000000000009 32.500000000000007 2.5000000000000004 6.5000000000000009 0.13536417773705914 3.5000000000000004 0.079156223893066008 1.0000000180025095e-35 13.500000000000002 217.50000000000003 5.5000000000000009 0.61602564102564117 0.057141592569792968 0.069971440228478191 0.2991228070175439 -1.2011820471588222e-11 0.95729483282674788 40.500000000000007 25.500000000000004 1.5499465558513317 -0.22252093395631442 0.079156223893066008 1.7703697721280111e-05 0.00062115021986487576 0.00087102971944756906 10.500000000000002 100.50000000000001 2.6503278545272628e-07 16.500000000000004 1.0000000180025095e-35 209.50000000000003 1.0000000180025095e-35 105.50000000000001 -0.03334562041227123 11.500000000000002 9.5000000000000018 0.0031385629249115411 11.500000000000002 -0.00077137680250744921 0.051503094606542892 -0.13201413190049566 -0.038251293468558829 309.50000000000006 1.0000000180025095e-35 217.50000000000003 0.18441295546558709 0.75893997445721595 -0.00076559650435234982 0.00062229129582668343 0.63974163098675396 -0.086696514033467495 -0.081728664792202935 1009.5000000000001 6.5000000000000009 1006.5000000000001 0.92247596153846168
decision_type=2 2 2 2 2 2 2 2 2 2 2 2 2 2 2 2 2 2 2 2 2 2 2 2 2 2 2 2 2 2 2 2 2 2 2 2 2 2 2 2 2 2 2 2 2 2 2 2 2 2 2 2 2 2 2 2 2 2 2 2 2 2 2 2 2 2 2 2 2 2 2 2 2 2 2 2 2 2 2 2 2 2 2 2 2 2 2 2 2 2 2 2 2 2 2 2 2 2 2 2 2 2 2 2 2 2 2 2 2 2 2 2 2 2 2 2 2 2 2 2 2 2 2 2 2 2
left_child=4 2 3 12 9 7 11 13 75 10 42 17 23 18 50 -9 -14 70 20 45 55 61 28 24 27 86 51 104 58 36 52 -32 33 82 35 77 40 90 39 71 -30 54 91 -34 59 95 110 -45 122 66 -13 101 102 -11 63 103 69 -58 116 -17 -21 99 92 65 -65 -42 85 -35 -69 73 -3 74 -19 -20 -39 76 -6 -12 -48 -52 -81 -54 124 97 -10 -47 96 -8 -68 -60 -38 -1 93 94 -63 -7 -25 109 -99 100 -18 -27 -31 -5 -2 -73 -85 -71 -97 -49 -4 -112 113 114 -113 -92 -16 -95 -119 120 -28 -122 -29 -74 -15 -126
right_child=1 6 46 5 8 19 87 15 84 53 34 14 16 32 22 44 21 72 56 60 -22 -23 -24 25 -26 26 119 48 29 30 31 -33 43 67 -36 -37 37 38 -40 -41 41 -43 -44 47 -46 49 78 83 -50 -51 79 -53 81 -55 -56 -57 57 -59 89 -61 -62 62 -64 64 -66 -67 88 68 -70 107 -72 105 123 -75 -76 -77 -78 -79 -80 80 -82 -83 -84 106 -86 -87 -88 -89 -90 -91 115 -93 -94 117 -96 108 -98 98 -100 -101 -102 -103 -104 -105 -106 -107 -108 -109 -110 -111 111 112 -114 -115 -116 -117 -118 118 -120 -121 121 -123 -124 -125 125 -127
leaf_value=0.038236996081831932 -0.0085865601827847127 -0.014523996533372087 -0.016475348712105195 -0.0082733972412876305 0.097765870969769547 -0.01480846388255342 -0.003861728919932127 -0.0039148246182440748 0.033062170692127815 -0.031609693695665943 0.060911009230230767 0.035007701905872518 0.014097284211424865 -0.0068967460153796416 -0.0060000298208688898 0.026455711450882054 0.048017428503931842 0.032094400606527358 0.0010730395965372773 -0.016191942045196802 -0.013901996974730879 -0.020383613804998056 0.024855977327529241 0.075348605129002946 -0.011986590390916652 -0.0055916749773129333 -0.020925433861898261 0.021116488696898899 0.021836542855727392 -0.014816304771109469 0.020233215701395278 -0.015622047726798011 0.0078230561989398369 -0.00082871848963924776 0.018861405608371299 0.074726622602923259 0.026657598151610146 0.019762864244838599 -0.0053060444367139161 -0.0023801155926444833 0.023687668638164485 0.040955787362212795 -0.017420024341889884 0.0028221444746356125 0.035602164633577536 -0.021129610145619732 -0.0071156440570633375 -0.0036828995319583102 -0.017457618610502025 -0.011347216807142735 0.027932266363162418 -0.0075879751385241855 -0.013192897192868605 0.01827273841165963 -0.0062915018400912974 -0.008032157921161907 0.011229527541961428 -0.017526321735663944 0.005851582116507768 -0.013401625335115819 0.0062206759064961595 -0.0096181854829987291 -0.018564115932415883 -0.0076503201184625926 0.015747819627824195 -0.0019793955600105931 -0.013712681072718834 0.01986059101972806 -0.0068151460328621906 0.019661543783462593 0.037497883302009753 0.002353634402702203 0.053928492628961301 -0.013396728817770535 -0.0029608193962253207 0.090234274512852361 0.047912903980734986 0.017207024222930179 -0.022522247712142382 -0.0091318582314059028 0.013100862046294879 0.0023354896029886109 0.0084405415303498484 0.0036243093224718591 0.00044133155785421887 -0.00036762378770141058 -0.0025808778347030967 -0.013758317448073341 0.0094366554925485388 -0.01076036444477468 0.013986397260525283 0.003250070374555067 -0.0053988113013993741 0.022554634073040508 0.0089307276473834536 -0.0079679252397873504 -0.026285668364651078 -0.0036648669418085085 -0.01964116658557042 0.0082235539604233882 -0.010041528164657964 0.021321193654111677 0.025427524302075444 0.017292195489838784 0.0077240882009441932 0.012604783850325936 -0.013481956347044036 -0.01014630511887068 0.034243533329826582 -0.016544287079060308 -0.0017972798544549672 0.007970747644534577 -0.01925399480998248 -0.01691004409828158 -0.0038175732687079213 -0.019489632298894999 -0.021118544093822203 0.013967806927328711 -0.0027340367807882401 0.030644031641882809 0.0093194874759352942 -0.013379336362384484 -0.00096603026378325673 0.00013610598446435891 0.023335440533952392 -0.0066753221470431338
leaf_weight=2391 1769 481 993 92 1634 907 1203 561 3733 5289 5209 2592 486 1594 336 2281 155 1883 731 3703 248 555 477 193 1250 184 408 694 180 1874 963 487 2578 388 12661 4209 815 236 1721 1414 791 296 5207 1348 988 385 5826 406 148 1821 595 2419 741 1914 2562 382 942 246 542 131 227 2273 317 973 395 658 92 1069 264 654 148 501 175 1000 714 6103 6032 6645 1401 1435 1399 1001 483 928 3267 10787 1269 3054 396 263 571 3119 10554 155 143 259 47 2157 571 1032 539 244 49 3503 595 1235 152 253 72 1059 759 704 10079 2210 1313 140 767 679 914 57 75 17483 110 487 265 407
leaf_count=2391 1769 481 993 92 1634 907 1203 561 3733 5289 5209 2592 486 1594 336 2281 155 1883 731 3703 248 555 477 193 1250 184 408 694 180 1874 963 487 2578 388 12661 4209 815 236 1721 1414 791 296 5207 1348 988 385 5826 406 148 1821 595 2419 741 1914 2562 382 942 246 542 131 227 2273 317 973 395 658 92 1069 264 654 148 501 175 1000 714 6103 6032 6645 1401 1435 1399 1001 483 928 3267 10787 1269 3054 396 263 571 3119 10554 155 143 259 47 2157 571 1032 539 244 49 3503 595 1235 152 253 72 1059 759 704 10079 2210 1313 140 767 679 914 57 75 17483 110 487 265 407
internal_value=-0.000130659 -0.00259935 -0.00385117 -0.00257552 0.00523462 0.000526109 0.00151893 0.00353412 0.0095936 0.00329289 0.00446376 0.00292681 -0.00564796 0.00183429 0.00191307 0.012841 -0.00279356 0.0114454 0.00606411 -0.00361598 0.0104344 -0.00333179 0.000459024 -0.00753293 -0.00247976 -0.00856315 -0.00927784 0.0021349 4.88142e-05 0.000868765 -0.00385498 0.00613402 -0.000658366 0.00375978 0.00607087 0.0079495 0.00269971 0.00546008 0.00294842 0.00594397 -0.000765784 -0.00159111 0.000155522 -0.00280612 0.0156681 -0.00206313 -0.0087296 -0.00504414 0.0123615 -0.00122145 0.00690798 -0.0025447 -0.00780994 -0.00311702 -0.0026797 0.0119707 0.00123075 0.00860855 -0.00780449 0.0119073 -0.00942185 -0.00277779 -0.00355302 0.0013882 -0.00424618 0.00670392 -0.000102871 0.0108792 0.0145796 -0.00210178 -0.00331625 0.00994612 0.0150931 -0.00610455 0.00269634 0.0127049 0.0106329 0.00587613 -0.00546979 0.00327534 0.0011571 -0.00228678 -0.000708968 -0.00710354 0.00346895 -0.000663863 0.00131935 -0.00836051 0.0126166 0.000416667 0.015 0.00339529 -0.00319262 7.4359e-05 -0.00423792 -0.0111866 0.0165306 -0.00894295 -0.00613977 0.00396592 -0.00324034 0.0115935 -0.0127943 0.0135729 -0.00200084 0.0138943 4.60835e-05 0.00552906 0.00045387 -0.0141241 -0.0101945 -0.00970554 -0.010159 -0.00666529 -0.00196958 0.00803422 -0.0137793 0.00602966 0.00422872 -0.0103404 -0.010441 -0.0101637 0.0169468 0.00577961 -0.00307574 0.00440177
internal_weight=213929 146516 112362 89077 67413 44330 34154 25681 20769 46644 39441 29897 44747 21720 26723 3961 17802 3174 8051 18649 4225 17316 20702 26945 4566 22379 20870 3316 20225 18317 5115 1450 13669 4470 28724 16063 13202 7347 5821 4100 5855 5675 10717 9199 3400 14719 23285 6621 952 13481 6021 2847 3665 7203 5379 3977 3826 1188 1908 2412 3930 16761 15035 2817 1368 1449 11660 1721 1333 2638 629 2686 2545 1731 950 13769 7666 11854 7227 3429 2834 1742 2749 5273 7000 11172 1509 4257 488 805 1526 5510 14718 4164 2416 1238 240 4193 2728 1726 694 428 1923 3595 2364 1736 1080 907 331 1465 16058 15065 14306 4227 2017 711 1103 1748 1593 18023 17966 17558 804 662 2266 672
internal_count=213929 146516 112362 89077 67413 44330 34154 25681 20769 46644 39441 29897 44747 21720 26723 3961 17802 3174 8051 18649 4225 17316 20702 26945 4566 22379 20870 3316 20225 18317 5115 1450 13669 4470 28724 16063 13202 7347 5821 4100 5855 5675 10717 9199 3400 14719 23285 6621 952 13481 6021 2847 3665 7203 5379 3977 3826 1188 1908 2412 3930 16761 15035 2817 1368 1449 11660 1721 1333 2638 629 2686 2545 1731 950 13769 7666 11854 7227 3429 2834 1742 2749 5273 7000 11172 1509 4257 488 805 1526 5510 14718 4164 2416 1238 240 4193 2728 1726 694 428 1923 3595 2364 1736 1080 907 331 1465 16058 15065 14306 4227 2017 711 1103 1748 1593 18023 17966 17558 804 662 2266 672
is_linear=0
shrinkage=0.05


Tree=4
num_leaves=127
num_cat=0
split_feature=9 26 26 26 26 9 26 17 9 17 9 26 26 17 8 18 9 9 24 8 32 9 9 17 19 8 5 17 0 25 17 9 20 34 0 17 9 19 31 20 34 9 4 18 2 3 9 17 2 26 9 17 25 34 34 4 19 28 32 9 17 31 3 32 24 20 24 8 7 7 8 5 24 8 20 8 32 17 32 9 21 25 18 34 17 24 31 24 8 17 17 29 14 29 2 34 18 28 34 17 25 34 9 4 20 16 19 24 31 9 2 26 34 19 20 20 17 4 28 2 32 17 9 29 0 9
split_gain=7506.99 2708.23 1745.35 1188.27 378.297 361.513 338.686 281.043 267.613 205.953 204.416 180.723 178.012 122.662 116.478 92.1233 90.7588 81.0724 81.0021 74.6025 69.2065 64.1011 62.8211 60.1784 58.7364 58.172 57.8134 103.187 73.5014 55.628 55.5935 50.4293 49.1288 64.5334 46.2712 49.0911 46.048 54.1942 74.7924 45.167 59.2105 41.1681 40.4391 39.8463 38.1635 36.0699 35.881 35.7633 35.3851 34.9464 61.1778 32.9279 32.87 32.4056 32.0555 36.6675 31.7816 31.5784 30.6964 30.3441 28.4419 28.0079 26.603 26.6016 35.8011 65.181 29.2676 28.7927 26.4963 25.6288 38.7768 26.4535 25.9795 25.3353 31.4553 41.9632 29.4768 23.1072 28.7807 24.661 22.4019 21.8619 21.7504 31.5571 21.607 21.4249 21.3774 21.3167 20.7813 20.0165 32.2242 21.5628 21.4916 23.6395 19.3352 19.261 19.2227 50.6687 37.0773 25.5963 19.149 18.9884 18.835 18.3895 19.3662 18.3309 18.3212 18.2338 18.2008 17.9927 17.8845 17.8526 17.5704 17.565 17.5465 19.3372 17.509 18.6819 17.4206 17.3037 17.2771 17.2468 17.1895 17.1169 16.8984 16.8704
threshold=6.4545951288780747 61.500000000000007 261.50000000000006 361.50000000000006 361.50000000000006 7.4292277797806276 61.500000000000007 6.5000000000000009 6.7627748885793375 12.500000000000002 6.3820270467460389 261.50000000000006 161.50000000000003 61.500000000000007 9.5000000000000018 1.0000000180025095e-35 9.5650922337205859 5.5188231444133669 1007.5000000000001 9.5000000000000018 4.9911462010460588e-06 6.5374542106201234 6.9263963066122605 12.500000000000002 0.15184453227931491 11.500000000000002 -0.56174490092936669 42.500000000000007 7.5000000000000009 103.50000000000001 7.5000000000000009 8.0305847905571053 0.86996779388083745 -0.07618624859336795 3.5000000000000004 9.5000000000000018 8.1791321490895879 0.19378911892152145 0.00015289774945251097 0.87585616438356173 9.4749676511538666e-09 6.2108147857789531 -1.0000000180025095e-35 1.0000000180025095e-35 0.60355339059327384 -0.70710678118654757 8.1791321490895879 27.500000000000004 0.91597561503675362 161.50000000000003 7.5158635209488986 10.500000000000002 31.500000000000004 0.0001432078992917468 0.36879226450807762 -0.8783796973249266 0.19859154929577469 2.6503278545272628e-07 -0.016951733111216599 4.1469070214803789 9.5000000000000018 -0.00017822479391758312 -0.98296291314453399 4.7288844882747464e-09 201.50000000000003 0.91913687881429829 1003.5000000000001 5.5000000000000009 1.0000000180025095e-35 1.0000000180025095e-35 8.5000000000000018 0.81174490092936691 212.50000000000003 11.500000000000002 0.87411971830985924 10.500000000000002 0.0053307594616240706 37.500000000000007 0.00088190468060633353 7.5942045247465737 0.59232954545454553 104.50000000000001 1.5000000000000002 0.00021894092036329877 22.500000000000004 1011.5000000000001 -1.0000000180025095e-35 1012.5000000000001 3.5000000000000004 7.5000000000000009 23.500000000000004 0.00073151803690852226 1.0000000180025095e-35 0.0062514240649880282 -0.78656609248549303 0.071943370150765795 5.5000000000000009 0.0018791551174694862 4.2009854080614619e-05 45.500000000000007 35.500000000000007 0.00089066281573304965 4.2705867593757683 -1.0000000180025095e-35 0.93700396825396837 3.5000000000000004 0.48684210526315791 318.50000000000006 0.00076538762886799508 6.7262945464562831 0.60355339059327384 161.50000000000003 0.050638844485099595 0.24417344173441738 0.69905660377358492 0.66927083333333337 23.500000000000004 0.87837969732492682 0.34784503273328221 -0.78656609248549303 0.0015580591146853715 5.5000000000000009 5.1815417697773567 0.03587833935776364 5.5000000000000009 6.4325338084325496
decision_type=2 2 2 2 2 2 2 2 2 2 2 2 2 2 2 2 2 2 2 2 2 2 2 2 2 2 2 2 2 2 2 2 2 2 2 2 2 2 2 2 2 2 2 2 2 2 2 2 2 2 2 2 2 2 2 2 2 2 2 2 2 2 2 2 2 2 2 2 2 2 2 2 2 2 2 2 2 2 2 2 2 2 2 2 2 2 2 2 2 2 2 2 2 2 2 2 2 2 2 2 2 2 2 2 2 2 2 2 2 2 2 2 2 2 2 2 2 2 2 2 2 2 2 2 2 2
left_child=1 7 6 10 5 22 30 68 12 19 11 41 21 16 39 18 20 59 26 42 24 -8 -4 -9 32 -15 48 28 -28 51 -2 -7 46 -34 35 81 37 38 61 85 63 -3 87 -42 -45 86 -6 53 119 -10 -51 60 -30 -17 77 -56 94 -18 -19 -13 106 -22 -53 64 -41 -66 69 -68 -1 71 72 -67 -71 74 75 121 120 78 -40 -79 -49 -35 83 -63 123 108 -20 118 -36 109 92 -92 93 -91 -26 112 98 99 -38 -98 -74 -75 -65 -86 -105 -100 -21 -59 114 -90 -81 -43 -24 -58 115 -11 117 -87 -5 -16 -76 -31 -55 -60 -62 -12
right_child=2 3 4 9 13 31 8 23 49 14 125 17 -14 25 15 47 57 58 45 29 36 -23 95 -25 56 -27 27 -29 52 73 -32 -33 33 34 88 -37 96 -39 54 40 43 111 -44 44 -46 -47 -48 80 -50 50 -52 62 -54 122 55 -57 113 107 84 -61 124 82 -64 102 65 66 67 -69 -70 70 -72 -73 100 101 76 -77 -78 79 -80 110 -82 -83 -84 -85 103 116 -88 -89 89 90 91 -93 -94 -95 -96 -97 97 -99 105 -101 -102 -103 -104 104 -106 -107 -108 -109 -110 -111 -112 -113 -114 -115 -116 -117 -118 -119 -120 -121 -122 -123 -124 -125 -126 -127
leaf_value=0.01276885981122761 -0.013398760747969833 -0.050922887923355656 -0.0010810275407532712 -0.016448318032264441 -0.014699057506800374 0.009281964555809076 0.017728234794033487 0.053480120303958961 0.11191018458431015 -0.011447584112176487 -0.0057258865737230963 -0.033888167651685917 0.0039625870654323185 0.0053461019253387022 0.0048261612116180302 -0.011760785540176939 0.017492410322486836 0.0016864624505899973 0.021781967377488134 -0.010132000869699249 -0.011075463213259674 0.059239207338832291 0.0056322841129955396 0.096410940662663383 0.0082407807580378908 0.034774555008615204 -0.019172802198230417 0.065330768865504554 3.5583584357534036e-05 0.0090056640887223177 0.059981823873856421 0.023487946331433831 -0.019373035216334284 -0.015241979516616667 0.041870049122367865 -0.002856555506007729 0.015604946925839797 0.034079647516874083 0.012825567622192932 -0.0040626378188196267 -0.01278827349486724 -0.033835488780909993 -0.0052752183585124957 0.057228747321830642 -0.010444526670958904 -0.0079496262284313099 0.0026663224356507087 0.0091762265532149678 -0.0018184794782665284 0.025279213763065828 0.071813013788604024 0.0012633376946639364 0.0082280806223653212 0.02536205936765867 -0.011950721313659192 0.027745526669714072 -0.0096955117526599365 0.0054045209455686576 -0.010324383101489079 -0.017465648314387801 0.016162278409301078 0.012634518536458431 -0.013949954791340709 -0.00046244832442101025 0.060037587656208313 -0.011154301273105566 0.034767437165777036 -0.0069456654444179158 -0.023587437090651978 -0.005164421590236723 0.041434239375292038 0.06286610919249129 0.0091670201760519123 -0.01458143211950602 0.0057049960264225347 0.04836270581329051 -0.0024829590466835636 -0.0028546113236357744 -0.012094657956395201 0.018485184378479347 -0.023081668860478698 0.01762593702952106 0.036130393493194815 -0.0012444338380513372 -0.0081714038530737235 0.017319675069353387 -0.015762795765023725 0.0095561825183532907 0.018020233780585346 0.0037219146471708583 -0.020031868287754842 -0.0041598759120255431 0.02248629739991477 -0.015368707119684848 0.00047174421394811315 0.01212802983404249 -0.013645348257452972 -0.058989407468663317 -0.0015617018117549779 0.027094087238752562 -0.0030227004028839264 0.007861210196149793 -0.013987539141210564 -0.0061761731982259748 0.013641555838877826 -0.012471582879473891 0.0045814879266974484 -0.0062505788926037354 0.0054406637230983981 -0.0077559245069643611 -0.0049952828927670601 -0.0098328826872874364 -0.0088173700045410166 0.013304489289116714 -0.017713858497881839 0.03186491537992836 -0.017271690349753163 -0.038853724760997028 0.0092717222259344253 0.037372746841596895 0.019498900830449889 -0.0091486043605627284 -0.0066228801828908017 -0.010415722685898342 -0.0014410135336781363 0.00015291711201975805
leaf_weight=4315 1563 28651 6228 3826 2793 4181 2992 7559 10254 975 3235 7288 3763 950 171 1191 557 487 296 3449 98 7575 4207 8159 385 473 647 588 644 73 3066 8671 644 29 56 505 159 241 181 676 1145 5705 1943 170 264 843 345 736 128 6997 7466 154 808 309 81 394 556 876 5791 14549 225 313 802 332 567 343 244 77 3296 459 218 42 318 171 542 159 323 606 817 126 168 296 494 303 2058 221 86 151 25 739 442 864 149 246 1334 371 56 124 536 213 152 62 180 970 425 982 82 508 172 453 58 2056 164 75 1467 62 137 52 118 1295 228 521 342 1757 308 1386
leaf_count=4315 1563 28651 6228 3826 2793 4181 2992 7559 10254 975 3235 7288 3763 950 171 1191 557 487 296 3449 98 7575 4207 8159 385 473 647 588 644 73 3066 8671 644 29 56 505 159 241 181 676 1145 5705 1943 170 264 843 345 736 128 6997 7466 154 808 309 81 394 556 876 5791 14549 225 313 802 332 567 343 244 77 3296 459 218 42 318 171 542 159 323 606 817 126 168 296 494 303 2058 221 86 151 25 739 442 864 149 246 1334 371 56 124 536 213 152 62 180 970 425 982 82 508 172 453 58 2056 164 75 1467 62 137 52 118 1295 228 521 342 1757 308 1386
internal_value=-0.000172962 -0.00789573 0.0111861 -0.0113487 0.0040227 0.00822407 0.0182217 0.00749968 0.0197376 -0.00288688 -0.0147238 -0.0153986 0.0142919 -0.00122308 0.000828041 0.00502967 -0.00236229 -0.0127336 0.00875794 -0.0075584 -0.0036224 0.0176166 0.00155581 0.0113175 -0.0061523 0.0128729 0.011999 0.00750093 0.00229206 -0.00407904 0.00542674 0.013913 -0.00829074 -0.00490231 -0.00241271 0.00799401 0.000726629 0.00405704 0.00244606 -0.00336343 -0.000511845 -0.0178356 -0.0116424 -0.00857165 0.00429385 -0.00257114 -0.0130783 -0.0024482 0.0195341 0.0228913 0.0212802 -0.00692537 0.00853123 -0.00644017 -0.00291777 0.00856771 0.000753716 0.00782503 -0.00932568 -0.014524 -0.00494962 0.012465 -0.0152549 0.00302242 0.00476943 0.00760825 0.00304494 0.0166488 -0.000387014 0.000149643 0.00389974 -0.0109295 -0.000591541 0.00279391 0.00476229 -0.00309037 0.0101617 -0.00598438 -0.0110219 0.000408806 0.00567657 0.0229924 0.0147309 0.00835749 -0.00986939 -0.00814785 0.0100904 -0.0144604 -0.00532561 -0.00592029 -0.00406953 -0.00940885 0.00209394 -0.000618686 0.00427639 0.00588898 -0.00524096 0.00466709 -0.00756986 0.0167792 0.00763158 -0.0125735 -0.00748549 -0.00657678 -0.00213393 -0.00998358 -0.00657452 0.0037509 -0.0097762 -0.0152277 0.0161905 -0.0145793 0.00494801 -0.0088011 -0.0108569 -0.00583733 0.00246988 0.00973921 -0.0151659 0.0217301 0.0154516 -0.00920701 0.00251906 -0.0113703 0.00577602 -0.00453361
internal_weight=213929 127349 86580 104020 42904 23822 43676 23329 39047 29662 74358 69737 14330 19082 16525 8252 17659 33325 5506 13137 15718 10567 10970 15718 9936 1423 4281 2687 2099 7099 4629 12852 7586 4448 3804 830 5782 3712 3471 8273 5187 36412 6038 1579 434 1225 3138 2746 1594 24717 14463 5020 1452 1842 2263 475 2350 1941 11488 21837 4064 1208 956 3608 3096 2420 1853 321 7611 1532 1147 385 929 2079 1846 753 1093 1788 998 790 904 325 1110 616 11001 3086 382 4095 2974 2918 2440 1306 1134 985 1719 4742 2070 393 1677 269 470 233 512 3453 1395 1518 3531 1384 2676 478 184 7761 4371 631 2504 1037 410 273 3944 1466 770 594 651 7548 533 4621
internal_count=213929 127349 86580 104020 42904 23822 43676 23329 39047 29662 74358 69737 14330 19082 16525 8252 17659 33325 5506 13137 15718 10567 10970 15718 9936 1423 4281 2687 2099 7099 4629 12852 7586 4448 3804 830 5782 3712 3471 8273 5187 36412 6038 1579 434 1225 3138 2746 1594 24717 14463 5020 1452 1842 2263 475 2350 1941 11488 21837 4064 1208 956 3608 3096 2420 1853 321 7611 1532 1147 385 929 2079 1846 753 1093 1788 998 790 904 325 1110 616 11001 3086 382 4095 2974 2918 2440 1306 1134 985 1719 4742 2070 393 1677 269 470 233 512 3453 1395 1518 3531 1384 2676 478 184 7761 4371 631 2504 1037 410 273 3944 1466 770 594 651 7548 533 4621
is_linear=0
shrinkage=0.05


Tree=5
num_leaves=127
num_cat=0
split_feature=9 9 9 17 33 17 24 9 17 9 23 25 17 35 9 29 24 9 9 9 20 5 9 28 18 14 29 34 25 9 2 30 23 4 28 16 34 9 30 35 3 9 24 17 18 17 33 17 0 28 9 20 9 25 17 24 24 34 28 29 9 35 28 17 0 8 18 31 9 17 9 34 31 35 34 17 17 3 15 17 24 8 17 9 9 23 29 5 8 17 8 17 0 35 3 9 16 8 8 9 31 24 17 17 31 8 35 24 23 35 18 2 35 25 8 28 34 17 9 3 7 20 5 17 3 17
split_gain=7117.73 984.776 807.436 330.951 212.917 176.02 151.831 181.908 164.536 121.544 107.205 113.211 109.038 106.768 105.124 103.713 101.496 82.717 76.6737 70.0579 65.6663 67.2955 56.8521 78.3229 93.1239 112.007 73.6175 65.2227 62.7369 61.8747 56.1106 53.2956 53.0665 50.5362 49.0029 48.4391 47.4678 46.2071 45.5248 56.6343 48.6574 43.9438 44.6334 43.2008 43.15 40.2742 40.1303 39.2818 35.2004 35.0485 35.0349 34.9585 39.5468 34.3459 34.2769 34.2158 40.0352 33.5951 33.546 51.6818 35.3845 32.3642 64.203 31.4948 30.6561 29.5631 29.5387 29.1692 28.8864 26.4759 33.9233 44.2636 27.8308 25.6729 25.3253 24.312 23.4251 23.3115 23.0721 26.8667 22.8818 22.7961 22.7516 22.6937 25.1234 22.6391 22.3868 35.1734 26.9874 54.6162 21.4638 29.8015 21.4468 21.355 21.2886 21.1414 26.9896 44.0384 20.8102 20.0993 32.5734 20.0404 19.969 19.4112 23.8673 18.9949 18.749 18.5767 20.0052 18.4463 18.3969 18.2782 30.203 18.2642 31.3813 20.1208 18.2618 18.2171 18.5432 18.7036 18.0659 26.952 18.0462 21.7473 17.9745 19.2258
threshold=6.4545951288780747 6.039966648545203 6.0400115914625889 12.500000000000002 -0.032550345257484077 8.5000000000000018 813.50000000000011 6.1900154552834517 63.500000000000007 6.5374542106201234 1.9230512235939019 33.500000000000007 43.500000000000007 -0.00094313768994559331 6.1873831151498608 0.1866801101708192 322.50000000000006 4.0137166991158617 5.1301564327417051 6.392478639280232 0.86715686274509818 -0.22252093395631442 8.3967914974307902 6.3228290624814296e-07 1.5000000000000002 1.0000000180025095e-35 -7.3129726684474916e-11 -0.060198439668024149 32.500000000000007 8.1791321490895879 -0.91597561503675329 0.0056428463177298173 0.90439373713699056 1.0000000180025095e-35 0.0046926801349160109 3.5000000000000004 1.3180912901764177e-05 5.0118909161106506 -0.086609946905416874 0.024106454884076315 0.60355339059327384 7.2400154552834515 1003.5000000000001 13.500000000000002 3.5000000000000004 26.500000000000004 8.3663359819221062e-08 12.500000000000002 11.500000000000002 -3.8825395403337058e-12 6.4128760218017353 0.89433811802232865 5.4024126086699473 100.50000000000001 7.5000000000000009 309.50000000000006 209.50000000000003 -0.011138611505941488 0.0013213710258236182 0.15744719269544341 7.2814007519761708 -0.11107532211208086 0.0018791551174694862 3.5000000000000004 6.5000000000000009 9.5000000000000018 6.5000000000000009 0.00045350274909685182 7.2399792386284263 6.5000000000000009 4.8655348033274644 0.017097049778981192 0.00032896027647188558 -0.0087525249413932336 0.001182097678793918 8.5000000000000018 19.500000000000004 0.60355339059327384 1.0000000180025095e-35 25.500000000000004 212.50000000000003 5.5000000000000009 26.500000000000004 6.1500186640795729 6.0899832695763232 1.3659573209491751 0.00038018088316366599 -0.22252093395631442 4.5000000000000009 48.500000000000007 9.5000000000000018 24.500000000000004 3.5000000000000004 0.017116209265186009 0.25881904510252057 3.7422261563057631 3.5000000000000004 10.500000000000002 10.500000000000002 3.3981895808892282 -0.00029665392168458723 1021.5000000000001 16.500000000000004 21.500000000000004 0.0089703815640779904 5.5000000000000009 -0.030349885060181294 1013.5000000000001 0.77628909290850145 0.047009088140945163 7.5000000000000009 -0.98296291314453399 -0.0003495199353193941 104.50000000000001 6.5000000000000009 0.0030828561341134267 -0.043757821975337792 17.500000000000004 5.3640270467460391 0.25881904510252057 1.0000000180025095e-35 0.86996779388083745 -0.56174490092936669 17.500000000000004 -0.70710678118654757 66.500000000000014
decision_type=2 2 2 2 2 2 2 2 2 2 2 2 2 2 2 2 2 2 2 2 2 2 2 2 2 2 2 2 2 2 2 2 2 2 2 2 2 2 2 2 2 2 2 2 2 2 2 2 2 2 2 2 2 2 2 2 2 2 2 2 2 2 2 2 2 2 2 2 2 2 2 2 2 2 2 2 2 2 2 2 2 2 2 2 2 2 2 2 2 2 2 2 2 2 2 2 2 2 2 2 2 2 2 2 2 2 2 2 2 2 2 2 2 2 2 2 2 2 2 2 2 2 2 2 2 2
left_child=1 3 5 46 15 63 7 14 19 44 11 18 31 61 16 -2 43 32 74 49 -20 55 23 24 26 35 -15 -25 -27 58 98 110 53 -12 38 120 -24 76 39 40 93 81 -43 -4 -6 -31 65 -16 -38 -8 122 52 -23 -14 -18 56 82 80 60 85 68 62 -11 -3 67 -1 -47 -63 124 -67 71 73 -73 77 -5 -51 -33 -71 -77 -80 -53 -28 103 84 -56 -60 87 -50 89 -88 91 -57 -74 -32 -30 96 -75 -98 -17 100 -48 -37 -7 104 -22 -76 -78 -83 -109 -19 -13 112 -62 115 -115 -40 -117 -39 119 -119 121 -26 123 -9 125 -29
right_child=4 2 6 10 9 102 8 50 -10 13 33 12 17 22 47 30 54 109 20 -21 21 51 36 27 25 28 41 29 94 45 34 37 -34 -35 -36 101 48 117 113 -41 -42 42 -44 -45 -46 66 99 -49 86 75 -52 57 -54 -55 83 90 -58 -59 59 -61 111 64 -64 -65 -66 69 -68 -69 -70 70 -72 72 92 95 105 78 106 -79 79 -81 -82 107 -84 -85 -86 -87 88 -89 -90 -91 -92 -93 -94 -95 -96 -97 97 -99 -100 -101 -102 -103 -104 -105 -106 -107 -108 108 -110 -111 -112 -113 -114 114 -116 116 -118 118 -120 -121 -122 -123 -124 -125 -126 -127
leaf_value=-0.027809492432832907 0.031324223217906087 -0.024503020049160142 -0.02301974919131549 -0.015703168760594369 0.0082386238455854372 0.070086387110387796 0.030121838831357078 -0.014875609053915651 0.036878317167797096 0.03739553518310109 0.0131650003771737 -0.016097343761782731 0.052492332902681529 -0.011847262166242777 0.017507233051895853 0.03333564227134702 -0.011038638626395947 -0.01350501642389932 -0.022042355688882957 -0.0034905051749517923 -0.022582394240595664 0.0074719718483512113 0.031533500711969822 -0.0021946865586195247 0.06164223245295445 0.033154193282618032 0.032361697086446164 0.024348463544786939 -0.00118455446136143 0.045180788724936624 0.015331885982062915 -0.011051493040797982 0.07570560900341082 -0.013799876021813807 0.013266041572770358 0.019634827642710431 0.02448769873139078 -0.019637154743713248 -0.0067813260559154848 -0.020847229378472252 0.017744378975712783 0.026946346079378777 0.012632229513285229 -0.0087503225043625617 -0.0032726315892350438 -0.00090451232734773193 0.0060323188210635766 0.081408226119802918 0.023259182036880884 -0.02769356865825421 -0.0019300868487909977 -0.0024397027921956426 -0.041951488978282755 -0.0074041660394607691 -0.01792567860207421 -0.025294570321134059 -0.0092523738805129468 -0.011542249064041953 0.00164510143417345 0.015537622943800754 -0.06277088785149923 0.040760905326411009 -0.060184920793143831 0.023183886979938312 0.040670882441657563 -0.025913324876257637 0.020147337100885315 0.021913237592876372 0.034335206387321189 -0.0035884980562518338 -0.016206596191143587 0.0090060430477816675 0.0004449328620553951 -0.039801832679276061 -0.04359116535982361 -0.016567623600902828 -0.0088250947933424476 0.016844579685685365 -0.027579582343172395 0.015074807365242707 0.013584289256636345 0.010934560914157187 -0.001957980323130598 -0.02926117673768739 0.056653360401402758 0.029013574672146797 -0.031001460496691981 -0.0081352530652770341 0.03756011872734473 0.040525370078691753 0.014690947708733016 0.054612958553000517 -0.02721698517593938 -0.0046553057250455906 -0.031689712149119129 -0.02423233518474276 -0.0085469414617875879 0.047372315893553611 -0.028068321698867662 -0.020104460236648039 -0.023709225105814927 -0.0014392632977016874 0.10669292875826522 0.11229212463226057 0.048923219967101556 0.00053700412557511519 0.022746161778344799 0.034248902457106677 -0.0034793583606549426 0.019118329165327044 -0.00075480066559307439 0.037128263063646222 0.025944911582129138 -0.016593669913512684 0.00054992222120516378 0.0012738483114190461 0.0097026354868534354 -0.026755135075453147 -0.01918064166799684 0.014601375214500639 -0.003613245632753804 -0.00090758771788652069 -0.014220581484834398 -0.00090794597610707262 0.03111344591402462 -0.0086589825305021517
leaf_weight=18379 1649 1799 1474 1513 4883 4568 57 1254 376 532 990 16375 92 405 2719 377 1740 1061 1119 2062 174 582 4745 688 235 172 1519 3060 406 303 54 937 395 331 997 1423 3011 988 715 701 132 3189 1826 1782 695 1531 316 1637 109 4020 1582 536 310 271 197 82 328 1254 1747 1590 80 3541 174 5307 10489 9871 125 3435 2222 362 5223 274 242 541 143 6417 179 114 166 226 245 6944 240 177 2213 217 263 485 589 174 530 75 165 411 889 1513 258 133 41 7640 625 69 3402 300 110 539 682 188 686 165 337 5696 91 502 1008 900 613 139 962 219 982 247 5354 961 8702 123
leaf_count=18379 1649 1799 1474 1513 4883 4568 57 1254 376 532 990 16375 92 405 2719 377 1740 1061 1119 2062 174 582 4745 688 235 172 1519 3060 406 303 54 937 395 331 997 1423 3011 988 715 701 132 3189 1826 1782 695 1531 316 1637 109 4020 1582 536 310 271 197 82 328 1254 1747 1590 80 3541 174 5307 10489 9871 125 3435 2222 362 5223 274 242 541 143 6417 179 114 166 226 245 6944 240 177 2213 217 263 485 589 174 530 75 165 411 889 1513 258 133 41 7640 625 69 3402 300 110 539 682 188 686 165 337 5696 91 502 1008 900 613 139 962 219 982 247 5354 961 8702 123
internal_value=-0.000243544 -0.00776342 -0.00224821 -0.0112687 0.0108171 0.00739938 -0.00647506 -0.00383385 -0.0106527 0.0116137 -0.00738535 -0.00798216 -0.00978406 0.012158 0.000232126 0.00309685 -0.00332334 0.00141277 -0.00289425 -0.0116019 8.2768e-05 0.0026441 0.0110531 0.0103177 0.00788637 0.00152044 0.00979322 0.0120975 -0.00975374 0.0125076 0.00023273 -0.0108512 0.0143447 0.00654412 -0.00100074 0.00712259 0.0146029 -0.00573705 -0.00300734 -0.0110553 0.00027824 0.0103873 0.0141658 -0.00998467 0.0044949 0.00395749 -0.0140067 0.00641825 0.0109798 -0.0132022 -0.00913581 -0.002066 0.006165 0.000495925 0.00169495 0.0101261 0.00482282 -0.00568015 0.0132185 0.00872015 0.0140165 0.0154821 0.00494374 0.00167557 0.0159066 -0.0147219 0.000866948 0.0133133 0.0126483 -0.01331 -0.0113038 -0.00755337 0.00390306 -0.0102264 -0.010858 -0.0134117 0.000274543 0.000395011 -0.0115721 0.000201512 0.00245229 0.00835126 0.0106876 0.00534047 0.00661491 0.00328085 0.00501539 -0.00269616 0.00947139 3.95933e-05 0.0189198 0.00257716 -0.00438714 -0.00736702 -0.0135288 -0.0122908 -0.00631804 0.00366793 0.0178369 -0.0109099 -0.00398784 0.0134469 0.0124984 0.0159762 0.00643599 -0.00283115 0.00620958 0.00725361 0.000381115 -0.00660845 -0.0121056 0.0172927 0.00115057 -0.000201709 -0.00443894 0.00267353 0.0059338 -0.0104107 -0.0065283 0.00315427 0.000653506 0.00853183 -0.0105496 -0.0067286 0.013628 0.0103772
internal_weight=213929 127349 49490 77859 86580 15076 34414 21090 13324 78480 32203 30882 22802 72902 11939 8100 7583 1984 8080 12948 5885 4766 54731 45355 19180 4423 14757 26175 1467 25487 6451 20818 758 1321 6033 2956 9376 4106 5036 1298 597 14352 5015 3256 5578 1959 45656 4356 4631 10886 9151 2927 892 363 4327 1839 1152 2035 23528 3554 19974 18171 706 7106 17465 37075 1656 6976 14107 18696 8825 3602 681 2921 2195 10829 1798 476 6809 392 781 9337 824 2587 2410 1964 1620 594 1026 437 687 157 407 465 1295 2445 932 391 418 8581 941 1492 7970 584 284 682 861 7818 874 1226 16712 5867 171 3738 1510 2228 1513 2308 1320 358 1464 482 7569 2215 11885 3183
internal_count=213929 127349 49490 77859 86580 15076 34414 21090 13324 78480 32203 30882 22802 72902 11939 8100 7583 1984 8080 12948 5885 4766 54731 45355 19180 4423 14757 26175 1467 25487 6451 20818 758 1321 6033 2956 9376 4106 5036 1298 597 14352 5015 3256 5578 1959 45656 4356 4631 10886 9151 2927 892 363 4327 1839 1152 2035 23528 3554 19974 18171 706 7106 17465 37075 1656 6976 14107 18696 8825 3602 681 2921 2195 10829 1798 476 6809 392 781 9337 824 2587 2410 1964 1620 594 1026 437 687 157 407 465 1295 2445 932 391 418 8581 941 1492 7970 584 284 682 861 7818 874 1226 16712 5867 171 3738 1510 2228 1513 2308 1320 358 1464 482 7569 2215 11885 3183
is_linear=0
shrinkage=0.05


Tree=6
num_leaves=127
num_cat=0
split_feature=9 10 10 10 10 10 9 9 17 10 9 10 17 17 18 9 19 35 34 9 9 32 30 19 19 33 17 33 30 17 24 9 24 17 17 9 33 24 18 2 6 17 18 34 3 9 3 10 9 17 26 25 10 24 35 32 30 19 17 3 11 28 3 2 28 28 24 16 17 33 17 9 9 28 17 29 26 28 29 29 3 9 24 9 30 24 32 26 5 28 9 19 9 16 25 33 9 19 28 9 3 28 9 34 35 30 17 17 5 35 28 9 34 2 24 9 32 3 30 32 30 26 24 9 19 34
split_gain=6483.03 2369.62 1795.02 1151.21 316.233 304.63 358.325 297.399 231.986 201.229 194.833 200.694 172.801 124.636 88.1117 86.4537 84.1263 71.5589 67.1691 65.8489 64.3774 61.6549 104.558 59.261 66.9457 55.0767 54.9074 52.924 52.5032 52.2297 54.1937 52.0631 50.7063 50.0959 49.9928 49.4009 47.088 46.9528 45.8584 52.1773 44.5672 43.8298 54.161 89.5864 42.989 41.1476 41.1036 39.0411 61.7357 38.6978 38.662 39.4636 37.6338 37.2303 37.1204 34.3695 32.7091 31.6976 30.8911 29.967 28.2564 27.2551 26.1799 25.0569 25.0331 24.4852 23.4526 46.1334 25.4364 28.1807 23.3778 30.2649 22.4854 22.453 21.3652 21.3643 21.318 20.9719 20.48 20.2789 19.8845 29.3689 24.4111 19.6746 19.6727 24.7915 19.6467 19.5732 19.4487 19.3905 19.2767 19.2335 18.9106 18.7007 18.5283 18.3815 18.212 18.1729 18.1278 17.7363 17.4654 16.9482 17.2894 16.8962 18.5018 16.8522 16.6857 16.3576 15.7484 16.2466 15.7438 15.6133 15.4288 15.3893 15.0662 20.6004 21.0486 19.1352 14.9808 14.8543 14.8433 16.3746 21.484 17.6094 15.0769 21.9314
threshold=6.4545951288780747 1.0000000180025095e-35 2.5000000000000004 3.5000000000000004 1.0000000180025095e-35 3.5000000000000004 7.4292277797806276 6.8130858395866065 8.5000000000000018 1.5000000000000002 6.3700895103449549 2.5000000000000004 12.500000000000002 61.500000000000007 1.0000000180025095e-35 5.5188231444133669 0.032522474881015347 -0.00026061606036294676 5.8684773864672527e-05 6.5936803181797652 9.5650922337205859 4.9911462010460588e-06 5.9420005389081939e-05 0.051503094606542892 0.060915275200989494 -0.04799456329259847 12.500000000000002 0.0012757447366400524 -0.03518006898301846 43.500000000000007 404.50000000000006 6.9263963066122605 709.50000000000011 57.500000000000007 4.5000000000000009 8.1791321490895879 -0.051786677324636189 201.50000000000003 1.5000000000000002 -0.78656609248549303 1.0000000180025095e-35 39.500000000000007 1.0000000180025095e-35 0.000299496123913156 1.0000000180025095e-35 6.053034392251635 0.78656609248549303 1.5000000000000002 7.5158635209488986 5.5000000000000009 402.50000000000006 104.50000000000001 1.5000000000000002 1008.5000000000001 -0.029623614154496488 -0.016951733111216599 0.0013771983441365849 0.052982456140350888 16.500000000000004 -0.9159756150367534 6.5000000000000009 -1.0000000180025095e-35 1.0000000180025095e-35 -0.91597561503675329 0.00015405161861043758 2.6503278545272628e-07 1006.5000000000001 1.0000000180025095e-35 10.500000000000002 0.00042623686295147864 21.500000000000004 5.2493401976304712 5.2493401976304712 2.969549016651329e-06 10.500000000000002 -7.3129726684474916e-11 405.50000000000006 0.0041154496940136679 0.00027596597130758073 0.031950180656436115 -0.98296291314453399 5.7333885664100412 212.50000000000003 5.7333885664100412 -0.01919438248298792 206.50000000000003 0.00092773774759340058 307.50000000000006 -0.56174490092936669 0.0030828561341134267 6.4325338084325496 0.031009615384615389 6.526080110683238 3.5000000000000004 103.50000000000001 -1.0000000180025095e-35 6.486081953615229 0.027973395931142415 4.6462697110545021e-06 4.1469070214803789 -0.37940952255126015 0.0035087100516271986 2.6365389826204768 0.084269601348458165 0.017442729153356384 4.8450728867449475e-09 28.500000000000004 5.5000000000000009 -0.22252093395631442 -0.11107532211208086 0.003300404731001481 4.7054490064092036 0.026953229206115713 -0.37940952255126059 307.50000000000006 5.4559445739355432 -2.0469651516444195e-05 0.25881904510252057 0.046516670717326646 -0.0054276706302785757 -0.0091002340347812963 406.50000000000006 304.50000000000006 7.5942045247465737 0.15925559947299081 -1.0000000180025095e-35
decision_type=2 2 2 2 2 2 2 2 2 2 2 2 2 2 2 2 2 2 2 2 2 2 2 2 2 2 2 2 2 2 2 2 2 2 2 2 2 2 2 2 2 2 2 2 2 2 2 2 2 2 2 2 2 2 2 2 2 2 2 2 2 2 2 2 2 2 2 2 2 2 2 2 2 2 2 2 2 2 2 2 2 2 2 2 2 2 2 2 2 2 2 2 2 2 2 2 2 2 2 2 2 2 2 2 2 2 2 2 2 2 2 2 2 2 2 2 2 2 2 2 2 2 2 2 2 2
left_child=1 8 4 10 26 6 31 9 49 19 11 45 32 20 16 56 18 72 53 96 21 25 28 76 57 62 107 88 40 30 37 -4 34 -19 73 87 83 70 50 -40 89 60 -43 46 59 -3 -44 -9 -49 -1 51 -27 -47 80 94 93 99 86 -10 -39 -24 -32 77 74 -63 -22 68 -68 69 -56 71 -26 -16 -5 -36 -52 -18 -7 -46 -57 -14 82 -82 -34 -77 -86 -25 98 -15 -23 -12 -74 -11 -17 -38 -83 -6 -30 -8 -13 -69 102 -31 104 -33 -41 110 -2 109 -37 119 -55 -20 -93 115 116 -65 -118 -100 -66 -87 122 -122 -124 125 -123
right_child=2 3 5 12 7 13 35 47 58 92 90 15 14 27 17 55 23 33 112 -21 65 22 41 24 29 38 -28 -29 97 101 61 103 36 -35 63 108 54 44 39 105 -42 42 43 -45 78 52 -48 48 -50 -51 75 -53 -54 111 66 79 -58 -59 -60 -61 -62 64 -64 114 106 -67 67 100 -70 -71 -72 -73 91 -75 -76 84 -78 -79 -80 -81 81 95 -84 -85 85 120 -88 -89 -90 -91 -92 113 -94 -95 -96 -97 -98 -99 118 -101 -102 -103 -104 -105 -106 -107 -108 -109 -110 -111 -112 -113 -114 -115 -116 -117 117 -119 -120 -121 121 124 123 -125 -126 -127
leaf_value=-0.0087256972717220764 -0.028398871054214427 -0.049796697732159181 -0.0018033461760804477 0.0033322712920180937 0.0086082834423611559 0.00320015853508756 -4.6493601472253178e-07 0.10735067772842997 0.062326233735994156 -0.0015782709256217259 -0.0056829601917804517 -0.03081973209411816 -0.0068045093568381582 -0.0022152091798633088 0.035046109310629819 0.0050608183806611709 -0.0067189769392099231 -0.0092313783320643137 -0.01428619144399185 0.068645848792780198 0.015041114770764002 -0.014494737382321314 -0.0011033696291194754 -0.0026020142193249962 0.0056736148774758251 -0.0050722704166217877 0.075536960540472431 0.029406446783647039 -0.046251346869505841 -0.018843917328147334 0.02360534767494897 0.0047619988726626339 -0.013955425547817132 0.014637187536074679 0.069452346220912051 -0.019233005327329758 -0.01457401792214082 0.011654551767683097 0.0059246138309562574 -0.010204530846330752 -0.016951037917171546 -0.0065690033863227597 -0.0082836947293075617 0.027843950461359259 0.077373248044114662 -0.042748317059329792 0.016504060631302643 0.024396549657834013 0.066674726704517712 0.031775416521763647 -0.015530342747178275 0.015386588772549526 -0.0107428333285235 -0.034416671410659939 0.0044189431960056846 -0.0074953791138851703 -0.016985800490906467 -0.012701171090062441 0.096664856189572795 -0.0022264395578329454 -0.01200886716678092 -0.016119368911007344 -0.018979734404757743 -0.021826471942967707 -0.0060810464741106194 0.0018879508359785882 -0.010220350013482999 0.0038614084124601964 -0.012279389841164216 -0.0066703425657969485 0.010556208982203987 -0.047589353143039664 0.069863527689689675 -0.010509249523418085 -0.015994817987132186 -0.0081640528687674623 0.018361281796328621 -0.032018367753211034 0.0024282233014153807 -0.0091583267706143254 -0.001654992691881233 -0.0036157638552948013 0.0065995662543780536 0.010174501025585821 0.015825273386408378 0.053811340528761686 0.0067648315142697923 0.01015939134821555 0.013318343090234136 0.016511262752569693 0.00028407933513188732 0.0034479005501158568 0.0046722236043223054 -0.0068754650789215237 0.012724479432344716 0.041760527442372103 0.02946157248829739 0.023634050073990776 0.011342855355421956 -0.016041115091206034 -0.015130373624160845 -0.009089842957066498 0.072873427817865946 0.01425265666766313 -0.003666965525043385 -0.0016658965821001693 0.016408850324365527 0.021241423815216556 0.020888408322499635 0.024027758962958223 0.0050499679379166461 -0.0017385365354012465 -0.0015192793783963671 -0.012054313342981758 -0.013319925602821935 -0.014749847624835215 0.0041332221885883556 -0.0068800243910452363 -0.0014486557540275904 0.00093366222155342538 -0.016046576719491563 0.002717383129131664 0.0075956130863128251 -0.018688581116811515 7.7389294125677658e-05 -0.014125442644256195
leaf_weight=5933 977 22922 6228 476 1142 221 943 8979 7125 806 3889 5378 130 368 424 391 86 4947 920 6752 557 164 805 192 244 319 1902 528 33 23 82 3935 783 236 122 92 70 635 271 2011 184 741 532 782 762 9030 132 6362 7466 4777 300 328 3942 218 1505 8369 6950 472 5494 482 1287 677 834 461 171 1384 1859 1008 570 411 135 306 114 1128 64 1080 925 277 136 2497 526 94 545 28 187 48 91 2439 527 372 1386 181 3592 95 258 501 3948 750 1410 9509 326 32 448 283 524 408 89 1750 4072 3562 267 299 363 304 2247 719 404 698 334 468 80 456 526 86 1131 1373
leaf_count=5933 977 22922 6228 476 1142 221 943 8979 7125 806 3889 5378 130 368 424 391 86 4947 920 6752 557 164 805 192 244 319 1902 528 33 23 82 3935 783 236 122 92 70 635 271 2011 184 741 532 782 762 9030 132 6362 7466 4777 300 328 3942 218 1505 8369 6950 472 5494 482 1287 677 834 461 171 1384 1859 1008 570 411 135 306 114 1128 64 1080 925 277 136 2497 526 94 545 28 187 48 91 2439 527 372 1386 181 3592 95 258 501 3948 750 1410 9509 326 32 448 283 524 408 89 1750 4072 3562 267 299 363 304 2247 719 404 698 334 468 80 456 526 86 1131 1373
internal_value=-0.000375828 -0.00755259 0.0101802 -0.0107825 0.0173151 0.00291571 0.0066859 0.0187799 0.00684827 0.0136011 -0.0141045 -0.0148118 -0.00245374 -0.00179153 0.000949033 -0.0120053 0.00377979 -0.00375704 -0.002391 0.0169921 -0.00293974 -0.00400083 0.000104545 0.00707974 0.00509533 -0.00638869 0.00495199 0.0124177 0.0114274 0.00720828 0.00546872 4.78366e-05 -0.0067328 -0.00614254 -0.00995849 0.0123497 -0.00373809 0.00990758 -0.00491811 -0.0103247 0.00165517 -0.0038813 0.00106866 0.00669538 0.0137438 -0.0174048 -0.00678625 0.0224637 0.0207706 0.0014349 -0.00245227 0.00903758 -0.015136 0.00269953 -0.00220517 -0.0084591 -0.0138464 -0.00873355 0.0114403 0.00714572 -0.00904626 -0.00137294 -0.015834 -0.0125503 -0.00278473 0.00564106 -0.00315403 -0.00598577 0.000487757 0.00324831 -0.00139493 -0.00599099 0.0083001 -0.00232442 0.00531414 -0.00387092 0.0182111 -0.00666998 0.021866 -0.00904103 0.00610217 0.00757929 0.00260455 -0.0150092 -0.00307874 -0.00141508 0.00445313 0.00852953 0.00495833 0.0089464 -0.00483665 0.00202401 0.00446173 0.0045112 0.014024 0.0164375 0.0126742 0.0203458 0.00556928 -0.0151731 0.00110904 0.0224065 0.0247952 0.00399305 0.00323085 -0.0126557 0.0022625 0.000399891 0.0148771 0.017282 0.00018112 -0.00906609 -0.0115431 -0.00237245 -0.013289 -0.0103826 -0.00712213 -0.00333785 0.00858205 -0.00407997 -0.00232119 -0.00269893 0.00420373 0.00742302 -0.00431703 -0.00711696
internal_weight=213929 127349 86580 104020 43676 42904 23822 39047 23329 16240 74358 69083 29662 19082 16525 33189 10319 6206 3596 11842 17659 15718 5782 6723 5712 9936 4629 1423 1503 4957 4454 10970 13137 5183 6319 12852 6818 2700 8604 2690 720 4279 2187 1446 2015 35894 664 22807 13828 10710 5914 647 12972 2313 6007 11352 21837 755 12619 1117 2092 1754 1332 4715 1672 1941 5679 3193 2486 1916 685 550 1023 1604 186 5267 1011 498 898 10866 1796 1666 1071 811 4967 3887 283 5126 895 536 5275 599 4398 486 328 595 5090 783 2687 14887 1334 503 471 4742 4459 2419 995 2727 7726 3654 906 517 1283 485 4529 2282 1563 1102 1744 639 3700 3652 692 612 2960 1829
internal_count=213929 127349 86580 104020 43676 42904 23822 39047 23329 16240 74358 69083 29662 19082 16525 33189 10319 6206 3596 11842 17659 15718 5782 6723 5712 9936 4629 1423 1503 4957 4454 10970 13137 5183 6319 12852 6818 2700 8604 2690 720 4279 2187 1446 2015 35894 664 22807 13828 10710 5914 647 12972 2313 6007 11352 21837 755 12619 1117 2092 1754 1332 4715 1672 1941 5679 3193 2486 1916 685 550 1023 1604 186 5267 1011 498 898 10866 1796 1666 1071 811 4967 3887 283 5126 895 536 5275 599 4398 486 328 595 5090 783 2687 14887 1334 503 471 4742 4459 2419 995 2727 7726 3654 906 517 1283 485 4529 2282 1563 1102 1744 639 3700 3652 692 612 2960 1829
is_linear=0
shrinkage=0.05


Tree=7
num_leaves=127
num_cat=0
split_feature=9 10 10 10 9 10 9 17 9 10 10 10 17 9 17 9 8 9 17 24 25 9 8 8 9 32 35 17 25 28 28 28 1 20 34 23 1 17 9 35 35 9 32 18 2 9 10 32 19 20 31 23 31 0 32 32 17 24 19 17 9 25 31 23 19 2 17 28 8 8 20 9 2 17 18 31 28 34 28 9 24 4 17 9 17 7 17 0 34 9 2 28 28 35 16 20 16 7 9 1 7 0 17 0 19 20 31 16 20 20 10 7 5 24 8 20 8 24 28 8 34 9 24 17 8 1
split_gain=6134.26 2237.23 1704.51 1066.15 299.198 282.139 324.939 216.446 191.214 202.795 186.292 193.07 166.235 130.161 117.997 98.6607 88.3658 81.4329 80.4869 125.514 78.1357 74.6468 67.1947 65.3842 57.5596 60.9753 61.3232 49.9251 48.7383 47.2027 43.654 42.0782 41.3515 38.8732 49.9336 38.0332 35.6604 35.4539 35.2375 35.1151 93.8926 39.6029 33.9086 33.5576 36.262 33.2893 59.4622 33.0901 32.1387 63.2241 48.2738 45.5741 33.2592 34.3771 46.505 31.9092 31.2037 34.914 30.7162 30.1259 29.3767 27.5765 27.2622 26.861 26.5188 25.8343 33.4363 76.0452 25.1148 24.5064 30.858 34.9435 24.0749 23.6511 33.8538 36.0879 22.9119 28.3929 22.5885 22.0045 21.9643 21.7775 21.5946 20.9626 20.5514 20.0294 19.9351 20.2945 19.923 19.7817 22.3027 19.7706 19.5203 19.4475 19.5095 19.1696 19.1441 18.9796 18.9315 25.9314 27.5426 18.7813 19.4677 18.3804 20.2431 19.13 22.8129 18.2678 17.876 17.7498 17.4724 17.2761 16.9929 16.8776 16.7916 19.0266 21.3885 16.9821 16.7661 16.5314 16.5236 16.3586 16.3391 16.2094 15.9615 19.2645
threshold=6.4545951288780747 1.0000000180025095e-35 2.5000000000000004 3.5000000000000004 7.2400154552834515 3.5000000000000004 7.7225551465088893 8.5000000000000018 6.325509939576385 2.5000000000000004 1.0000000180025095e-35 1.5000000000000002 12.500000000000002 6.6249068028136326 60.500000000000007 6.8658811164318214 9.5000000000000018 5.5188231444133669 43.500000000000007 404.50000000000006 32.500000000000007 6.9263963066122605 11.500000000000002 9.5000000000000018 9.7097404293550529 0.023329538292656962 5.8324174574668102e-05 12.500000000000002 103.50000000000001 6.5515314336435679e-06 -1.0000000180025095e-35 5.4490630037907813e-06 3.5000000000000004 0.87585616438356173 9.4749676511538666e-09 2.250814583693912 4.5000000000000009 4.5000000000000009 6.4128760218017353 0.15820339631598124 0.027404991258866064 6.9263963066122605 0.025487999294063327 1.0000000180025095e-35 0.60355339059327384 5.6894163991024067 1.5000000000000002 -0.00028550370912744475 0.15184453227931491 0.86996779388083745 1.0000000180025095e-35 0.90439373713699056 6.6241656662077976e-05 2.5000000000000004 0.0001499034251495592 -0.016951733111216599 10.500000000000002 1011.5000000000001 0.037386443046820407 17.500000000000004 4.1469070214803789 103.50000000000001 -1.0000000180025095e-35 1.6908770663513966 0.18544973544973548 0.25881904510252091 49.500000000000007 3.0894713717822026e-11 11.500000000000002 10.500000000000002 0.87411971830985924 4.4525110950346276 0.98296291314453421 36.500000000000007 6.5000000000000009 2.9947945065212457e-06 0.0024232106439961193 0.017097049778981192 4.0740625819290141e-05 6.6356269538031087 1012.5000000000001 0.87837969732492682 64.500000000000014 6.4960462968475161 28.500000000000004 1.0000000180025095e-35 48.500000000000007 15.500000000000002 0.00089066281573304965 7.802215811756688 -0.60355339059327362 3.6159413546166908e-07 0.91631617698340784 -3.9353844468773589e-05 1.5000000000000002 0.64760348583878014 3.5000000000000004 1.0000000180025095e-35 5.7511212155106497 1.5000000000000002 1.0000000180025095e-35 4.5000000000000009 31.500000000000004 6.5000000000000009 0.11715686274509805 0.8239268680445152 -0.00046139849284192619 3.5000000000000004 0.8402898550724639 0.97752525252525257 1.5000000000000002 1.0000000180025095e-35 -0.22252093395631442 302.50000000000006 10.500000000000002 0.98130677847658998 7.5000000000000009 303.50000000000006 0.0061372167853079827 10.500000000000002 0.00081104832461029576 5.3445275246338086 1001.5000000000001 36.500000000000007 5.5000000000000009 3.5000000000000004
decision_type=2 2 2 2 2 2 2 2 2 2 2 2 2 2 2 2 2 2 2 2 2 2 2 2 2 2 2 2 2 2 2 2 2 2 2 2 2 2 2 2 2 2 2 2 2 2 2 2 2 2 2 2 2 2 2 2 2 2 2 2 2 2 2 2 2 2 2 2 2 2 2 2 2 2 2 2 2 2 2 2 2 2 2 2 2 2 2 2 2 2 2 2 2 2 2 2 2 2 2 2 2 2 2 2 2 2 2 2 2 2 2 2 2 2 2 2 2 2 2 2 2 2 2 2 2 2
left_child=1 7 4 8 10 6 21 37 9 45 27 13 23 83 24 79 33 60 19 20 31 -4 -16 32 25 35 42 -2 56 30 -21 -18 -5 63 65 39 82 -1 110 40 48 -41 -27 81 -45 -3 -47 78 49 50 -7 -52 53 61 124 107 62 -58 -31 85 -11 -51 -25 101 108 98 67 -67 69 70 -30 76 113 112 -75 -76 77 -72 -22 -13 92 -36 -20 -12 118 -9 87 -53 -70 90 -44 -26 -34 -62 -95 -23 -97 -98 99 -35 -101 102 -14 104 -96 -106 -107 -19 -50 -56 -10 -39 -8 -66 115 -86 -117 -118 -57 -32 -71 122 -60 -104 125 -55
right_child=2 3 5 12 -6 14 73 59 38 17 11 15 16 -15 22 -17 18 55 36 29 47 95 -24 28 91 26 -28 -29 68 58 119 -33 80 34 43 -37 -38 111 -40 41 -42 -43 89 44 -46 46 -48 -49 64 52 51 86 -54 54 109 84 57 -59 121 -61 93 -63 -64 -65 72 66 -68 -69 88 120 71 -73 -74 74 75 -77 -78 -79 -80 -81 -82 -83 -84 -85 114 -87 -88 -89 -90 -91 -92 -93 -94 94 103 96 97 -99 -100 100 -102 -103 123 -105 105 106 -108 -109 -110 -111 -112 -113 -114 -115 -116 116 117 -119 -120 -121 -122 -123 -124 -125 -126 -127
leaf_value=-0.01538310334289051 0.003292452187149126 -0.054967434415471639 -0.001713178867276425 -0.0032942393963981374 0.069587305920893613 -0.014681149488853488 0.017121320559070379 0.070928210903888664 -0.015135726625862357 -0.029519236397446733 0.0099447091502648608 0.00077733915255544857 -0.018990774747225318 0.078683326032531781 0.0037792843345334248 0.02166632165718059 0.010320953440792783 0.0047204111769454044 -0.00041628454125109294 0.022425080291201521 -0.063210449199530713 -0.0077856253698785228 0.030026448915940453 -0.016822894163880244 0.015583274454168751 0.040654044364336915 0.025125955567604299 0.072067552873024229 -0.0044481344528463597 -0.012226848466351803 -0.017932302320884729 -0.0017587117297442958 -0.013750995375099054 0.017193958174065316 -0.012154691450371395 0.018044054997651934 0.050005414014194942 0.038613947103712382 -0.0018190996583327763 0.030636137506545747 -0.017183571971840388 -0.00091978615224522784 -0.0034758946629061096 0.051463065259094012 -0.0086755729827780233 -0.056720470257291905 -0.014364407279588315 0.021073307590788279 0.0027808813703327118 -0.0074014844141120561 -0.020915024474074669 -0.0033252852332219898 -0.0060183414001725027 -0.0064121174696705908 0.019208769450208156 -0.0086157950374146485 -0.011863960416634407 0.0024255274056328097 0.0010333580192681566 0.093025758208979389 -0.013506204749228255 0.014410197504747868 -0.0017002389220785311 -0.012313589432209881 0.013676733452694757 0.032418439493946877 -0.003000338635873981 0.00033800363732680794 -0.012045676769043688 0.037672796343191373 -0.010744230798693771 0.019701003815791165 0.013269274225932926 0.025811614551992552 -0.018902061482822065 0.04363716850736496 0.014538729742559859 0.001003339855275109 0.01422854273862283 0.0059112445380388864 0.010291600743620191 0.00079088849361043162 0.068359695880533172 0.032479254565746948 -0.010495316347760179 0.039888699566746941 0.031116394453457753 0.014967923798789333 0.0085865544673355346 -0.0066776757208434762 0.014903788890324305 0.0021573267153213696 0.010147748792164506 -0.01524574117637844 -0.016689340287195108 0.0035263217635256743 0.0081482809795979105 0.0091754514359994408 -0.0080557381540320074 -0.0093165600620059488 0.0022332173160341767 -0.004555762288545628 0.039728246203868847 -0.018482618026953421 -0.0086329323597910523 -0.0083853874250986848 0.026559790155700411 -0.0065316918249754483 -0.027368521309234308 -0.0033571121984240157 -0.0037547775983011035 0.0034097535888789783 0.011753915499187771 -0.0066161964410915014 0.0027974636734013282 0.041099445292251909 -0.011241937017035436 0.012648802945537477 0.002907202845792556 -0.0058361129602593287 -0.022534037552619623 -0.00080976922132818148 0.015875252277701118 -0.028076666792752628 -0.0048648484173462805 0.0074727698589445394
leaf_weight=4241 2721 13878 6228 1943 12978 2553 3561 4853 3040 7288 1489 2013 505 11434 1039 3447 420 388 334 82 66 224 473 1243 500 110 432 1900 594 414 627 1254 3829 95 959 105 749 3823 2677 185 1372 376 270 170 264 11705 8227 1169 1390 162 331 470 2458 163 421 7940 801 155 325 4982 4776 331 2821 427 35 799 364 1114 171 289 152 201 57 2910 221 110 169 416 289 2981 151 186 89 4713 1211 2784 137 96 62 358 237 1272 115 6209 625 5427 1004 463 246 267 723 1952 50 1953 690 68 228 95 95 95 2254 2646 3674 826 546 94 182 51 233 1338 25 479 617 152 2208 525
leaf_count=4241 2721 13878 6228 1943 12978 2553 3561 4853 3040 7288 1489 2013 505 11434 1039 3447 420 388 334 82 66 224 473 1243 500 110 432 1900 594 414 627 1254 3829 95 959 105 749 3823 2677 185 1372 376 270 170 264 11705 8227 1169 1390 162 331 470 2458 163 421 7940 801 155 325 4982 4776 331 2821 427 35 799 364 1114 171 289 152 201 57 2910 221 110 169 416 289 2981 151 186 89 4713 1211 2784 137 96 62 358 237 1272 115 6209 625 5427 1004 463 246 267 723 1952 50 1953 690 68 228 95 95 95 2254 2646 3674 826 546 94 182 51 233 1338 25 479 617 152 2208 525
internal_value=-0.000450617 -0.00743167 0.00981752 -0.0105701 0.0167702 0.00273859 0.00636694 0.00656113 -0.013767 -0.0146457 0.014075 0.0157146 -0.00255486 0.0186917 -0.00179153 0.00948704 0.000782668 -0.0118265 0.00444229 0.00242766 0.00975492 0.00119205 0.0115887 -0.00675183 -0.00294595 -0.00390464 0.00601452 0.00481572 -0.00349486 -0.00361333 -0.00882432 0.0022841 -0.010575 -0.00286814 -0.000222939 -0.00487618 0.0165506 0.00133225 -0.00644402 -0.00510006 -0.00560178 0.00711572 -0.000956632 -0.00762468 0.00417996 -0.0173599 -0.0160365 0.0179268 -0.00421933 -0.00547212 -0.010776 -0.00165063 -0.00247605 0.000393223 -0.00139596 -0.008255 -0.0061592 -0.0142664 0.00220788 0.0109967 -0.0135808 0.0126657 -0.00423691 -0.0073067 0.000968647 0.00302242 0.00625219 0.00889338 0.00293786 0.00489735 0.00226415 0.00789502 -0.00569339 0.0129558 0.0165211 0.00134673 0.00278639 -0.00205934 0.00447917 0.004988 -0.0134238 -0.0120978 0.00486565 0.0128411 -0.00884647 0.00901171 0.00555438 0.00133976 -0.0123634 -0.00432471 0.00203613 0.00558807 -0.0141403 -0.0122717 -0.0135552 0.00468833 0.00515799 0.0102191 -0.00250561 0.000355505 -0.00208543 -0.00541573 -0.0123701 -0.0105744 -0.0065888 -0.00210393 0.00843854 0.00426742 0.00509228 0.0123608 -0.00880638 0.00366041 0.0113484 -0.00782044 -0.00439923 -0.0070674 0.00359187 -0.00459034 -0.00997707 -0.0103363 0.0175078 0.00569951 0.00950898 0.000748793 -0.00386418 0.00277056
internal_weight=213929 127349 86580 104020 43676 42904 23822 23329 74358 66387 30698 26077 29662 17636 19082 8441 16525 32577 8252 7080 3198 13346 1512 13137 17570 15798 1407 4621 7099 3882 2047 1674 6038 8273 5187 14391 1172 10710 7971 14286 13725 561 975 1579 434 33810 19932 1524 12353 9950 3587 1034 6363 3905 3412 10740 5020 956 1835 12619 21837 493 4064 3086 2403 3608 2277 1913 2079 1846 1532 938 918 10476 3241 331 737 568 355 4994 4095 1145 423 6202 10257 7637 703 566 233 865 507 1772 3944 14549 9773 7118 6894 1467 1331 1085 990 2659 707 3564 1611 986 296 483 1485 516 5294 6469 7235 861 2084 1538 327 233 8173 1965 314 1421 942 202 2896 688
internal_count=213929 127349 86580 104020 43676 42904 23822 23329 74358 66387 30698 26077 29662 17636 19082 8441 16525 32577 8252 7080 3198 13346 1512 13137 17570 15798 1407 4621 7099 3882 2047 1674 6038 8273 5187 14391 1172 10710 7971 14286 13725 561 975 1579 434 33810 19932 1524 12353 9950 3587 1034 6363 3905 3412 10740 5020 956 1835 12619 21837 493 4064 3086 2403 3608 2277 1913 2079 1846 1532 938 918 10476 3241 331 737 568 355 4994 4095 1145 423 6202 10257 7637 703 566 233 865 507 1772 3944 14549 9773 7118 6894 1467 1331 1085 990 2659 707 3564 1611 986 296 483 1485 516 5294 6469 7235 861 2084 1538 327 233 8173 1965 314 1421 942 202 2896 688
is_linear=0
shrinkage=0.05


Tree=8
num_leaves=127
num_cat=0
split_feature=17 26 26 17 17 17 26 17 17 26 33 25 26 31 23 8 31 29 26 19 26 14 32 35 14 18 8 28 26 24 25 30 20 17 11 25 26 17 26 35 25 30 26 26 31 25 34 35 8 24 8 32 20 19 8 34 11 29 17 33 16 33 12 3 24 25 19 26 25 30 8 20 28 29 26 34 25 8 29 25 25 28 24 17 24 24 20 8 32 25 8 3 1 24 30 30 28 24 23 4 31 25 30 32 20 3 8 26 17 17 24 30 18 28 31 29 3 35 18 24 24 24 24 26 32 34
split_gain=1192.11 784.829 461.881 248.173 214.069 193.134 133.485 118.938 99.4507 87.9193 85.8114 72.0801 67.1436 65.7135 65.3469 56.0863 50.9785 56.5672 50.5665 44.8596 42.8613 41.6322 42.3809 41.497 41.4907 40.3049 39.9284 51.9096 44.437 39.566 46.4606 46.4597 50.2424 40.9274 38.8615 37.3206 35.6735 39.701 49.8241 45.2649 34.5744 33.5712 41.949 33.1077 32.8636 32.4865 30.6247 30.4959 30.3854 30.24 43.6973 31.5145 29.7745 42.9586 28.8566 38.8091 28.2685 27.8355 27.21 27.2076 26.7236 25.8446 25.6962 29.5872 25.4639 24.4721 27.1001 24.468 24.1725 24.0372 24.0286 25.8866 23.8259 35.0324 23.6634 24.8747 23.2958 26.7976 23.2552 21.9639 21.7238 21.5945 21.5624 21.2915 30.3707 27.6618 20.8416 20.1855 19.9316 20.8238 23.5928 28.1715 21.9998 20.2508 19.1562 19.1229 18.9363 19.5969 18.8976 25.0658 18.5487 18.5083 18.5068 32.15 26.9191 18.3416 18.2881 17.9594 28.5616 40.558 33.6696 31.6937 28.9802 19.9137 21.8627 27.1573 17.9033 17.8857 18.8069 18.6477 17.859 17.4812 23.7617 23.2421 19.4744 17.5449
threshold=12.500000000000002 261.50000000000006 116.50000000000001 61.500000000000007 24.500000000000004 6.5000000000000009 117.50000000000001 6.5000000000000009 28.500000000000004 409.50000000000006 -0.04799456329259847 25.500000000000004 61.500000000000007 2.9294391925359447e-07 2.1754935635159676 11.500000000000002 6.3087011212650221e-05 -8.7011036560904128e-10 17.500000000000004 0.26726190476190481 301.50000000000006 1.0000000180025095e-35 0.020263444929572383 -0.00029664672918498802 1.0000000180025095e-35 3.5000000000000004 5.5000000000000009 -3.8825395403337058e-12 315.50000000000006 204.50000000000003 35.500000000000007 -0.00047151051403809591 0.73942823108993461 57.500000000000007 1.5000000000000002 32.500000000000007 400.50000000000006 10.500000000000002 402.50000000000006 0.0019049332108474171 32.500000000000007 0.00011047268234650624 401.50000000000006 361.50000000000006 0.00019143465253798183 25.500000000000004 -6.9399636270989174e-05 -3.9353844468773589e-05 9.5000000000000018 201.50000000000003 11.500000000000002 3.902931175315405e-06 0.75171232876712335 0.094044811320754734 11.500000000000002 0.0001079218066101138 3.5000000000000004 2.0907139728247932e-05 61.500000000000007 -0.00055455270647698882 2.5000000000000004 0.44977256184267606 42.000000000000007 -0.98296291314453399 1009.5000000000001 23.500000000000004 0.13079116179615113 200.50000000000003 32.500000000000007 0.00016272634302157599 11.500000000000002 0.89512961508248245 4.4818248021469195e-06 0.00025036641924563243 409.50000000000006 0.0001079218066101138 103.50000000000001 9.5000000000000018 2.8682416360007436e-05 100.50000000000001 103.50000000000001 3.6159413546166908e-07 1008.5000000000001 19.500000000000004 314.50000000000006 314.50000000000006 0.99333333333333351 11.500000000000002 -0.0080236881576497918 32.500000000000007 9.5000000000000018 0.91597561503675351 3.5000000000000004 310.50000000000006 -1.0000000180025095e-35 0.0046008390112736858 0.0018083751176828711 212.50000000000003 1.5701292088179823 -0.8783796973249266 -0.0002206530773938185 35.500000000000007 0.0046008390112736858 0.0012753358197073721 0.94893524554541508 -0.98296291314453399 5.5000000000000009 400.50000000000006 39.500000000000007 48.500000000000007 1005.5000000000001 2.8678455260676287e-05 1.0000000180025095e-35 0.00033822842373582566 0.0022019968973776287 0.18910123798066439 0.37940952255126048 -0.029623614154496488 1.0000000180025095e-35 1015.5000000000001 205.50000000000003 211.50000000000003 217.50000000000003 312.50000000000006 -3.0864119608093362e-05 0.074554279324219305
decision_type=2 2 2 2 2 2 2 2 2 2 2 2 2 2 2 2 2 2 2 2 2 2 2 2 2 2 2 2 2 2 2 2 2 2 2 2 2 2 2 2 2 2 2 2 2 2 2 2 2 2 2 2 2 2 2 2 2 2 2 2 2 2 2 2 2 2 2 2 2 2 2 2 2 2 2 2 2 2 2 2 2 2 2 2 2 2 2 2 2 2 2 2 2 2 2 2 2 2 2 2 2 2 2 2 2 2 2 2 2 2 2 2 2 2 2 2 2 2 2 2 2 2 2 2 2 2
left_child=2 4 5 8 6 12 69 26 9 11 20 49 78 24 19 46 17 -11 -7 25 56 22 95 68 36 29 27 -4 -29 -10 43 -32 -33 64 -19 -23 45 38 60 76 -6 42 -28 -31 52 87 -5 -8 -44 50 -3 -51 -27 -54 55 79 -9 -14 67 106 -38 -47 -39 -64 107 94 86 -42 -13 -2 -70 -72 73 81 88 -76 -40 82 -1 116 -30 -43 -78 85 -85 -36 -67 -12 -26 -90 91 -91 -93 -92 -45 -18 97 -97 121 -100 -73 -74 105 104 -104 -25 -46 113 110 111 -109 -110 -113 -34 115 -115 -50 -87 -119 -120 -107 123 124 -15 -123 -124
right_child=1 3 7 15 40 18 47 10 14 16 13 23 57 98 -16 -17 21 34 -20 -21 -22 35 -24 102 74 44 41 28 80 30 31 32 33 -35 83 -37 37 62 39 -41 58 72 48 65 59 61 -48 -49 54 51 -52 -53 53 -55 -56 -57 -58 -59 -60 -61 -62 -63 63 -65 -66 66 -68 -69 70 -71 71 100 101 -75 75 -77 77 -79 -80 -81 -82 -83 -84 84 -86 117 -88 -89 89 90 93 92 -94 -95 -96 96 -98 -99 99 -101 -102 -103 103 -105 -106 120 -108 108 109 -111 -112 112 -114 114 -116 -117 -118 118 119 -121 -122 122 125 -125 -126 -127
leaf_value=-0.027409676423484436 0.025009578112367342 -0.0061034864107557497 0.020556739744607588 0.0012253231394773695 0.05598961283984815 0.041777325104534462 0.0098973507329221111 0.019153993818178561 -0.0029233103493639615 0.014523339077097065 0.0058843801089659012 -0.017104136322735618 -0.041616150727056878 0.0075147689876295725 0.020376191165007555 0.02989080174186471 -0.011251730943915935 0.088141216880160064 0.0049650009180724425 -0.022217717991417592 -0.014865093609338881 -0.00082309675513723285 0.026079377243861571 0.0017924313879488386 -0.012211565869048469 0.00033057727626758989 -0.019153657376677607 -0.013636024187297155 0.00086373004696335763 0.012712887016838929 -0.0086298765037011189 0.025406071502272788 -0.0021693627488438153 0.029437464590873381 -0.014856463770308135 0.013305209280200328 0.014668331459258539 0.003727206048793113 -0.0042466071540052629 -0.0042073299712304625 0.059915562141315395 0.017860149612772075 -0.011162611575342695 -0.015548625696609149 0.020347409081005165 -0.012265408675416671 0.018681764002207831 -0.0018063670057494896 0.0045111526533366027 0.012658904579807435 0.010784051877031221 -0.0025383875443289851 0.00059331214252472588 -0.013633244553631185 -0.011515784761754869 -0.036630892954254833 -0.0085141372816365159 -0.018771105544135816 0.070493313977720115 0.017189030481124221 -0.016187930484349054 0.0038175063111343475 0.0025032099922208686 -0.010493216272192716 -0.0029862148854027134 0.012938237092793493 -0.0051526370767209246 0.015292562480882208 -0.0025067342907948206 0.047184701291778826 -0.0032449465012081486 0.021882919349449432 -0.0077776627436050797 0.010293707036010624 -0.014076771000231537 0.0004338118324185689 0.010848578111218435 0.037817696207497836 0.005127623140493108 0.014879300098462063 0.0068977438937102122 -0.011833159503219795 -0.014898586849601773 0.0037241984542257336 -0.0061701047599393641 -0.010841012262199863 -0.0041666834374081809 -0.0059271770119061293 -0.016846429100985893 -0.0092278927614364483 0.0040971624063829036 -0.013450799402023589 0.015719778524617856 -0.016877248858459586 0.00091759533503085657 -0.0027923292960606236 -0.053975424264324307 0.0060616061804148547 -0.029077378448714938 0.013730438924898371 0.0035978915089457941 -0.015307324475553342 0.0047329471904593414 -0.00771829195043782 -0.0087549285480284147 0.0053471045443865385 -0.011796526518687385 0.013124069394877175 0.060235547117040739 -0.0019159458307556028 -0.012130334459466059 -0.09791358311124454 0.0097737123316399485 0.014440757168698387 -0.013111095312218577 -0.013156616928551995 -0.018205963487940357 0.0088341752267756778 0.0054942291361864855 -0.0064047178350364366 -0.0071803828969537733 -0.016959533982944943 -0.0019269501451415695 -0.0051790677788135647 -0.0044343734683752094 -0.0067850350400892575
leaf_weight=2613 6104 1617 126 749 6392 8180 4645 112 2144 245 1026 598 3077 1444 606 737 994 156 11156 488 1926 368 323 541 1093 1215 11066 2627 765 3149 1354 321 2445 364 337 1086 331 303 593 414 7165 46 1553 246 295 8065 1536 7255 708 1762 219 1191 723 1395 562 440 409 5737 686 451 42 242 140 870 1566 686 230 5240 4792 10260 451 274 3178 534 964 190 321 264 6291 159 102 659 201 433 1871 111 149 253 1496 1375 644 65 271 213 593 280 81 802 98 320 315 5840 1075 933 302 258 643 354 562 450 349 134 335 538 158 99 150 635 310 262 16288 337 10463 496 210 1448
leaf_count=2613 6104 1617 126 749 6392 8180 4645 112 2144 245 1026 598 3077 1444 606 737 994 156 11156 488 1926 368 323 541 1093 1215 11066 2627 765 3149 1354 321 2445 364 337 1086 331 303 593 414 7165 46 1553 246 295 8065 1536 7255 708 1762 219 1191 723 1395 562 440 409 5737 686 451 42 242 140 870 1566 686 230 5240 4792 10260 451 274 3178 534 964 190 321 264 6291 159 102 659 201 433 1871 111 149 253 1496 1375 644 65 271 213 593 280 81 802 98 320 315 5840 1075 933 302 258 643 354 562 450 349 134 335 538 158 99 150 635 310 262 16288 337 10463 496 210 1448
internal_value=-0.00052564 0.0030443 -0.00442781 -0.000576204 0.0078948 2.92782e-05 0.00511373 -0.00696243 -0.00127008 -0.00279005 -0.00507661 -0.00402697 -0.00374118 -0.00442787 0.00141312 0.0133978 0.00177552 -0.00194731 0.00348431 0.000953314 -0.014114 0.00589871 0.00195171 -0.00507152 -0.00634436 0.00130387 -0.0093842 -0.00446896 -0.00562018 0.00248691 0.00345034 0.00130037 0.00280762 0.00195475 -0.00334648 0.0126011 -0.00473317 -0.000395378 0.00376094 0.000282259 0.011927 -0.0100979 -0.0116373 0.00728697 -0.00275968 -0.00630643 0.00949236 0.00108358 -0.00691082 0.00160565 -0.00342748 0.00473546 -0.00545012 -0.00902261 -0.0028545 0.000866964 -0.00137357 -0.00683354 0.0104461 0.00369261 0.0202579 -0.00744797 -0.00724014 -0.0110591 0.00109721 0.00207439 0.00709112 0.0099023 -0.00158897 0.00804325 -0.000603049 0.00626794 -0.00789636 -0.00138867 -0.00967345 -0.0161475 0.00464054 0.0102592 -0.000677966 0.00623043 0.00417718 -0.00867958 0.0036148 -0.00432076 -0.00742313 7.53071e-06 0.0112649 0.00110787 -0.00821048 -0.00658393 -0.00383988 -0.00722465 0.00568915 0.00292053 -0.00429799 -0.0005932 0.00375214 0.00552438 -0.00192025 0.00849882 0.0131271 -0.0087892 -0.00622526 -0.00201944 0.00283466 -0.00679309 -0.00117179 0.00271873 0.00621745 0.0101464 -0.00207274 0.0155912 0.0059019 0.000354392 0.00720313 0.0113201 0.00300695 0.0032842 0.00506807 -0.0015078 -0.0070893 -0.00222558 -0.00291302 0.00218509 -0.0130571 -0.00244188
internal_weight=213929 111721 102208 63974 47747 37054 28264 65154 60952 38910 36639 30616 17718 34192 22042 3022 8294 4360 19336 21436 2447 3934 2480 25827 19376 20948 28515 3620 3494 16226 14082 9029 7675 7354 4115 1454 13065 3479 2166 1793 19483 24895 14638 5053 4722 9586 2285 11900 3572 4789 1836 2953 3333 2118 2019 1457 521 8814 13091 1389 373 8307 1313 1010 6990 1904 1065 12405 6430 16364 5832 1040 10257 1239 6311 1154 1379 786 8904 1017 867 705 522 3959 2304 1655 835 1279 5157 4064 2568 1711 336 857 839 2157 1163 1082 14816 418 589 9018 19397 2310 1377 17087 938 5424 2184 1481 703 1031 469 3240 795 637 858 1318 1207 572 16546 14398 12458 1940 547 11911
internal_count=213929 111721 102208 63974 47747 37054 28264 65154 60952 38910 36639 30616 17718 34192 22042 3022 8294 4360 19336 21436 2447 3934 2480 25827 19376 20948 28515 3620 3494 16226 14082 9029 7675 7354 4115 1454 13065 3479 2166 1793 19483 24895 14638 5053 4722 9586 2285 11900 3572 4789 1836 2953 3333 2118 2019 1457 521 8814 13091 1389 373 8307 1313 1010 6990 1904 1065 12405 6430 16364 5832 1040 10257 1239 6311 1154 1379 786 8904 1017 867 705 522 3959 2304 1655 835 1279 5157 4064 2568 1711 336 857 839 2157 1163 1082 14816 418 589 9018 19397 2310 1377 17087 938 5424 2184 1481 703 1031 469 3240 795 637 858 1318 1207 572 16546 14398 12458 1940 547 11911
is_linear=0
shrinkage=0.05


Tree=9
num_leaves=127
num_cat=0
split_feature=9 10 10 10 9 10 9 17 9 10 10 10 17 9 33 9 9 17 8 8 24 8 30 25 9 10 30 33 9 32 30 17 9 26 2 24 9 28 17 1 24 25 17 9 1 33 19 23 19 24 9 24 24 5 28 19 26 17 15 32 24 30 9 9 9 32 9 35 8 8 32 35 9 9 18 2 18 28 5 1 9 2 9 26 32 29 26 32 9 10 9 17 29 29 23 26 24 7 33 17 8 24 8 9 9 17 2 32 18 28 29 17 9 2 24 17 19 26 7 24 25 9 17 25 18 28
split_gain=5654.29 2000.46 1507.25 1031.4 307.582 258.398 280.65 184.026 175.347 209.177 168.889 169.146 131.918 129.911 113.548 95.0033 91.0472 75.795 67.8218 64.1326 62.4587 68.2035 60.046 53.5377 51.0384 61.3757 50.5572 47.2594 45.256 42.8402 67.3732 42.4328 42.3492 42.1495 41.0641 41.0596 40.5022 39.6681 38.9769 49.5418 44.5958 37.8827 37.8461 36.4427 36.2332 45.9251 35.5476 38.5436 42.6213 37.6922 33.9 44.8363 37.9661 47.8601 33.8053 33.3956 32.9307 32.2308 35.9988 36.2891 33.5873 31.2287 32.5431 30.8883 30.4299 29.1708 27.9656 29.6732 26.7264 26.471 26.2044 29.2038 25.2545 25.0225 24.9012 24.6164 46.2622 26.9388 24.508 24.4542 24.3883 23.2392 21.9814 21.4387 32.0754 21.2559 23.5372 29.0475 20.9091 20.8151 39.8939 20.63 20.604 24.2572 38.3404 20.2096 20.1336 19.3811 18.7778 19.6268 26.0141 18.2604 40.3804 28.4755 20.8026 19.3979 19.6502 19.2778 19.8378 18.0513 17.9333 17.7379 20.0062 17.5959 17.4115 17.3997 17.2794 16.9561 16.861 16.7878 16.7721 16.7467 16.404 20.8545 18.8737 16.3965
threshold=6.4545951288780747 1.0000000180025095e-35 2.5000000000000004 3.5000000000000004 7.2400154552834515 3.5000000000000004 7.4292277797806276 9.5000000000000018 6.3820270467460389 2.5000000000000004 1.0000000180025095e-35 1.5000000000000002 12.500000000000002 6.6575909486486609 0.21207393882078701 5.5399478813362029 6.9045826620563453 43.500000000000007 8.5000000000000018 9.5000000000000018 313.50000000000006 9.5000000000000018 -0.082377813168152583 103.50000000000001 5.8209083567374451 1.5000000000000002 0.0073592115255380107 -0.04799456329259847 9.5650922337205859 0.023329538292656962 0.00078051245186264173 12.500000000000002 8.4640998867442594 403.50000000000006 0.37940952255126054 219.50000000000003 6.9045826620563453 5.1500092584179321e-06 52.500000000000007 4.5000000000000009 214.50000000000003 104.50000000000001 5.5000000000000009 5.1586259361074562 3.5000000000000004 0.00095671393741932054 0.16152751423149908 2.250814583693912 0.082079496968335955 214.50000000000003 4.8376855539680186 208.50000000000003 201.50000000000003 1.0000000180025095e-35 -1.0000000180025095e-35 0.18544973544973548 420.50000000000006 10.500000000000002 1.0000000180025095e-35 -1.7864895270107106e-05 1011.5000000000001 0.0056428463177298173 3.7422261563057631 4.1469070214803789 5.2493401976304712 -0.016951733111216599 5.1000585380360617 0.0073002872455131384 6.5000000000000009 10.500000000000002 -0.00028550370912744475 0.0019049332108474171 6.4960462968475161 7.5378455683936911 4.5000000000000009 0.98296291314453421 1.0000000180025095e-35 6.9174380530839925e-06 -0.56174490092936669 1.5000000000000002 6.2218855183803212 0.98296291314453421 6.6356269538031087 417.50000000000006 3.2351986529517158e-05 0.00048602041618146184 402.50000000000006 0.0001499034251495592 8.3487565681117157 1.5000000000000002 7.7225551465088893 8.5000000000000018 1.1722617760071621e-09 0.0033646790864781261 1.4912147535457925 307.50000000000006 1008.5000000000001 1.0000000180025095e-35 8.3663359819221062e-08 25.500000000000004 6.5000000000000009 1007.5000000000001 5.5000000000000009 5.4370335271158199 6.2919674446116867 31.500000000000004 0.37940952255126054 0.00036276309037052221 3.5000000000000004 2.6503278545272628e-07 0.031950180656436115 63.500000000000007 4.7571303064240302 -1.0000000180025095e-35 1010.5000000000001 44.500000000000007 0.041960093896713617 414.50000000000006 1.0000000180025095e-35 302.50000000000006 101.50000000000001 6.8517334481689414 23.500000000000004 105.50000000000001 3.5000000000000004 0.0043010358131892823
decision_type=2 2 2 2 2 2 2 2 2 2 2 2 2 2 2 2 2 2 2 2 2 2 2 2 2 2 2 2 2 2 2 2 2 2 2 2 2 2 2 2 2 2 2 2 2 2 2 2 2 2 2 2 2 2 2 2 2 2 2 2 2 2 2 2 2 2 2 2 2 2 2 2 2 2 2 2 2 2 2 2 2 2 2 2 2 2 2 2 2 2 2 2 2 2 2 2 2 2 2 2 2 2 2 2 2 2 2 2 2 2 2 2 2 2 2 2 2 2 2 2 2 2 2 2 2 2
left_child=1 7 4 8 10 6 36 42 9 24 31 13 19 72 22 63 82 20 79 44 21 50 27 57 -3 80 54 -7 29 38 34 -2 95 -29 -31 37 -4 -23 46 88 -41 111 -1 -28 -5 75 47 48 85 -50 -14 52 64 -54 -22 -48 101 58 59 -21 -59 62 69 74 -52 -17 67 -64 -45 -25 71 -37 -12 -36 -11 76 -46 -77 -58 -19 -26 119 -13 84 -61 86 -24 122 -40 -6 -91 114 -51 94 -94 -8 -43 -9 -65 100 -100 103 104 105 -103 107 -107 108 -56 -30 -67 112 -20 -53 -86 -81 -42 -87 -44 -57 -101 -15 123 -88 -124 -104
right_child=2 3 5 12 89 14 32 97 -10 15 11 16 17 121 -16 65 -18 18 41 23 26 35 28 61 25 -27 43 33 109 30 -32 -33 -34 -35 73 70 -38 -39 39 40 116 96 118 68 45 -47 55 -49 49 92 51 113 53 -55 56 81 78 60 -60 83 -62 -63 66 98 -66 110 -68 -69 -70 -71 -72 -73 -74 -75 -76 77 -78 -79 -80 115 -82 -83 -84 -85 91 117 87 -89 -90 90 -92 -93 93 -95 -96 -97 -98 -99 99 120 -102 102 125 -105 -106 106 -108 -109 -110 -111 -112 -113 -114 -115 -116 -117 -118 -119 -120 -121 -122 -123 124 -125 -126 -127
leaf_value=-0.0083636935062900326 0.0020700537810406506 -0.04889752726583263 -0.0015162888306196757 -0.0028112090338222521 0.1188692042330551 -0.01658939504114066 0.0059321354324146517 0.078785738431825042 -0.0035802471347110296 -0.027902617874931937 0.0084740954393673386 0.00067189763874987197 -0.029373893498089072 0.069775944592552222 0.026256795310734077 0.0023281210849942129 0.021336336866146353 0.051311880707572727 0.022424129783754347 -0.011700845385983101 0.020577659322786587 0.074900586669834485 0.011827913910942926 0.0011690494213071462 -0.060023038275712814 -0.011223137362508547 0.024268377705637216 0.01460875501901699 0.010879565679203696 0.027214419213616406 -0.0027033424896385611 0.066053335754850895 0.022743563136593502 -0.0019560215130768675 0.014783357667425411 -0.031027454402416596 0.0034541456705512461 -0.0021152856848339267 -0.0021686075366214681 -0.0097978681694108321 0.00011920236868245454 0.051179501825580023 0.044354357227589181 -0.011452802381019221 -0.015404449575428955 0.0044233089454243446 0.0024922884319138849 0.016047830268987647 0.00037793243641539215 -0.016447498181705409 0.0069945218096038753 0.0037817205637975292 0.032323602096375921 -0.0061510798650196005 -0.011806101649020415 0.012306374833815099 0.013474919851113504 -0.01073390021142237 -0.016314329030241791 0.0066850217538829944 0.0021790905357401257 0.0080093783319885158 -0.010867603556377982 -0.013800984655921384 -0.046275055290856175 -0.0061825517322961938 0.0031542952016896629 0.0010546578060550997 0.0027259111826348163 0.038562595457843685 0.016394659234680673 0.010158687046807367 0.032716573722459279 -0.0094753650348175806 0.0023528404130729492 0.0039781722340482863 0.007835811582999043 -0.010322995278648817 -0.001969375893763337 0.034803350939389348 -0.026751556649762975 0.012717405942698424 0.0056135756891889481 -0.025124346319953653 -0.0034342619251384642 -0.0034596224877522759 -0.0024660250062467307 0.016357337293536615 0.011649003937439052 0.029774420209992322 0.065754912134827717 0.0069086001977874583 -0.010195897523767218 -0.013795560335545255 0.019034907077884484 0.008755034342273869 -0.0048665194671163722 0.056621579177844154 0.0028418172973567798 -0.016202702265464063 -0.014138723039440313 0.02704736499276324 -0.0076743174898267139 -0.011212674013415164 -0.002598945289455497 -0.033280136022989154 0.025543756564874301 0.0019990732989885172 0.018127598015520472 0.0022837508530682725 -0.0077568018176980783 0.06321770905511713 -0.0015242198032356076 -0.0044173598206097885 -0.029574194227078771 -0.0053966025324058125 0.02484735156597255 -0.033130607851002823 0.0082688486380688309 -0.0059544938268980933 0.032026880311859914 0.081112661638519656 -0.012215409315792833 0.012094809981272126 0.005815824251192616 0.0069397765546283727
leaf_weight=5933 2721 16695 5953 1943 3193 1089 3236 7212 4621 7189 1489 2013 321 5344 387 479 3054 95 174 940 82 239 211 436 7248 7123 499 126 708 513 688 1900 6489 234 110 108 5017 965 1145 186 114 739 3645 172 3030 366 1209 98 739 1821 209 224 441 243 1772 35 352 801 264 860 155 603 411 11819 303 8252 302 144 562 183 1065 267 5869 101 99 202 202 295 282 77 5346 58 3374 320 1295 2391 1163 397 61 3813 5972 235 294 1066 131 3127 44 4080 445 138 2285 203 1848 1366 142 113 152 540 152 1601 2480 97 417 1439 150 686 564 451 2459 842 139 4934 367 107 75 135
leaf_count=5933 2721 16695 5953 1943 3193 1089 3236 7212 4621 7189 1489 2013 321 5344 387 479 3054 95 174 940 82 239 211 436 7248 7123 499 126 708 513 688 1900 6489 234 110 108 5017 965 1145 186 114 739 3645 172 3030 366 1209 98 739 1821 209 224 441 243 1772 35 352 801 264 860 155 603 411 11819 303 8252 302 144 562 183 1065 267 5869 101 99 202 202 295 282 77 5346 58 3374 320 1295 2391 1163 397 61 3813 5972 235 294 1066 131 3127 44 4080 445 138 2285 203 1848 1366 142 113 152 540 152 1601 2480 97 417 1439 150 686 564 451 2459 842 139 4934 367 107 75 135
internal_value=-0.000518863 -0.00722123 0.00933938 -0.0101889 0.0158774 0.00268265 0.00615499 0.00601044 -0.0133333 -0.0139583 0.0131451 0.0147062 -0.00230542 0.0174928 -0.00165269 -0.0110925 0.00887728 0.000667726 0.00901778 -0.00604417 -0.000704879 0.00326986 -0.00221056 -0.00281919 -0.0165793 -0.0148455 -0.00347022 -0.0119687 -0.00138746 -0.00239476 0.00587862 0.00432933 0.0111675 0.00369863 0.0164746 0.00919592 0.000280183 0.00236559 -0.00326035 0.00304819 0.0121519 0.0155166 0.00170798 0.00586228 -0.00983038 -0.012497 -0.00440118 -0.00573717 -0.00607426 -0.00991063 -0.00166405 7.76891e-05 0.0074438 0.0151089 -0.00508504 0.00140065 -0.0054634 -0.00561194 -0.00365938 -0.00240473 -0.0138502 0.00392155 -6.7516e-06 -0.012994 -0.00284333 -0.00733751 -0.0063022 -0.0129241 -0.00123816 0.0086899 0.0148789 0.00345395 0.0124059 -0.00207176 -0.0156698 -0.0141544 -0.0157461 -0.00375 0.00537559 -0.00214948 -0.016947 -0.00567819 0.00495966 0.000401397 0.00194499 -0.0030569 0.000494624 -0.00111282 -0.00349711 0.0223327 0.021153 -0.00207715 -0.0121857 -0.00778576 0.00229651 0.0082573 0.0230108 0.010594 -0.0116739 -0.00812002 -0.00940585 -0.00653664 -0.00299186 -0.00854573 0.0126786 -0.00557882 0.00717593 -0.00696233 -0.00930015 0.00511992 -0.0078765 0.00688312 0.00352769 -0.00522632 -0.00431896 -0.00516602 0.0180747 -0.00595188 0.00447045 -0.0077466 0.00449468 0.0211266 -0.00394292 -0.00103922 -0.0121812 -0.00574321
internal_weight=213929 127349 86580 104020 43676 42904 23822 23329 74358 69737 30698 26077 29662 17636 19082 33325 8441 16525 2329 13137 14196 5824 18695 7099 36412 19717 8372 1449 17246 14937 1412 4621 12852 360 724 2644 10970 1204 13525 2070 864 1471 12037 1233 6038 4095 11455 9311 9213 4051 3180 2859 1196 684 7139 2144 7057 5020 4064 3800 956 2079 1476 22114 512 11211 857 555 734 619 1440 375 7358 211 7288 3729 3232 497 634 858 12594 935 5387 2860 2540 5162 2320 2109 1206 12978 9785 1680 3312 1491 425 6363 783 11292 14826 3007 2730 6423 2328 4095 345 2729 265 2464 1924 2309 10732 688 591 1663 1445 763 678 2842 6104 877 277 10278 1712 1270 442 1983
internal_count=213929 127349 86580 104020 43676 42904 23822 23329 74358 69737 30698 26077 29662 17636 19082 33325 8441 16525 2329 13137 14196 5824 18695 7099 36412 19717 8372 1449 17246 14937 1412 4621 12852 360 724 2644 10970 1204 13525 2070 864 1471 12037 1233 6038 4095 11455 9311 9213 4051 3180 2859 1196 684 7139 2144 7057 5020 4064 3800 956 2079 1476 22114 512 11211 857 555 734 619 1440 375 7358 211 7288 3729 3232 497 634 858 12594 935 5387 2860 2540 5162 2320 2109 1206 12978 9785 1680 3312 1491 425 6363 783 11292 14826 3007 2730 6423 2328 4095 345 2729 265 2464 1924 2309 10732 688 591 1663 1445 763 678 2842 6104 877 277 10278 1712 1270 442 1983
is_linear=0
shrinkage=0.05


Tree=10
num_leaves=127
num_cat=0
split_feature=9 10 10 10 9 9 10 9 10 10 17 10 17 33 9 9 8 9 1 15 8 9 30 9 33 14 17 17 26 2 29 33 9 17 1 30 28 33 18 7 29 9 17 4 10 9 9 30 28 28 16 17 28 2 30 23 18 25 34 24 18 17 1 23 1 25 24 10 9 24 9 17 18 34 10 23 2 24 16 17 17 24 9 16 16 8 25 9 24 2 9 24 9 7 16 2 26 5 9 33 29 14 34 17 33 9 17 23 8 5 9 28 7 5 26 9 26 16 28 17 28 30 9 28 2 26
split_gain=5341.83 1846.12 1452.79 927.252 284.994 263.963 243.75 243.287 208.377 169.358 167.484 160.788 126.784 110.586 100.656 88.8344 86.8084 77.869 71.1037 78.8614 68.0653 56.4142 55.5763 54.1785 46.6107 44.9924 124.156 47.375 41.448 41.0137 58.1805 47.069 40.0662 39.7842 39.0844 38.8984 52.255 37.7304 37.4487 36.7195 43.9994 36.7048 33.9789 30.6389 30.1413 60.6193 29.417 28.5497 27.2044 30.5045 27.1897 34.3088 26.7471 28.6319 51.8451 30.189 43.0276 29.9132 53.9942 29.3483 25.7033 25.67 24.8747 24.1447 28.8384 24.0108 31.5527 23.961 39.8239 23.1918 22.7989 22.5298 30.4518 24.4117 22.3683 22.3243 21.6435 21.1852 21.1709 22.5491 57.6443 35.1981 20.9536 20.6271 26.3078 25.6113 24.4978 19.663 24.4614 38.3604 35.8357 19.0715 24.0618 18.9119 18.8632 18.5275 18.4009 20.3497 18.1029 18.0955 19.8773 18.5311 18.0287 17.5557 17.2901 17.1403 17.1063 16.8035 16.7597 16.5694 16.4085 17.0362 16.385 15.8164 17.8831 25.0894 15.7253 16.2917 18.8156 15.6459 15.1458 15.0799 14.9825 14.9621 14.8913 14.8782
threshold=6.4755192972116999 1.0000000180025095e-35 2.5000000000000004 3.5000000000000004 7.2400154552834515 6.3820270467460389 3.5000000000000004 7.7225551465088893 2.5000000000000004 1.0000000180025095e-35 9.5000000000000018 1.5000000000000002 43.500000000000007 0.21207393882078701 6.6915261923490057 4.7800036004768485 9.5000000000000018 6.9045826620563453 3.5000000000000004 1.0000000180025095e-35 8.5000000000000018 6.2108147857789531 -0.082377813168152583 6.9950075790332313 -0.04799456329259847 1.0000000180025095e-35 12.500000000000002 4.5000000000000009 403.50000000000006 0.98296291314453421 0.0012696458822624096 0.0013946855055341361 9.5650922337205859 7.5000000000000009 2.5000000000000004 0.0053037397807570883 0.00033822842373582566 -1.0000000180025095e-35 1.0000000180025095e-35 1.0000000180025095e-35 1.1722617760071621e-09 5.8767970207890121 4.5000000000000009 1.0000000180025095e-35 1.5000000000000002 5.5946762667250622 5.9443018421422096 1.0000000180025095e-35 0.003300404731001481 -1.0000000180025095e-35 3.5000000000000004 24.500000000000004 -1.0000000180025095e-35 -0.78656609248549303 0.0011148576204420668 2.250814583693912 4.5000000000000009 105.50000000000001 -0.00042895225236539363 316.50000000000006 1.5000000000000002 8.5000000000000018 1.5000000000000002 1.0510651037159444 4.5000000000000009 31.500000000000004 310.50000000000006 1.5000000000000002 7.802215811756688 1019.5000000000001 6.9147844479968708 36.500000000000007 6.5000000000000009 0.00058964047782033549 1.5000000000000002 1.2413082819413674 0.91597561503675362 1012.5000000000001 11.500000000000002 10.500000000000002 8.5000000000000018 219.50000000000003 4.4306783660096949 8.5000000000000018 5.5000000000000009 9.5000000000000018 20.500000000000004 4.0137166991158617 208.50000000000003 0.37940952255126054 5.2493401976304712 1006.5000000000001 6.8658811164318214 1.0000000180025095e-35 5.5000000000000009 -1.0000000180025095e-35 404.50000000000006 1.0000000180025095e-35 6.4325338084325496 0.55418698767882579 0.027809478737750706 1.0000000180025095e-35 0.00036830933930558351 51.500000000000007 -6.597837547123277e-05 3.9225284647455312 44.500000000000007 1.9099901229209595 5.5000000000000009 -0.22252093395631442 6.4029888618351398 0.91631617698340784 1.0000000180025095e-35 -0.22252093395631442 306.50000000000006 8.2657965631629047 406.50000000000006 1.0000000180025095e-35 1.0877436248888021e-06 22.500000000000004 0.00092345542291409784 0.0041392715386825117 5.7511212155106497 2.6503278545272628e-07 0.60355339059327384 406.50000000000006
decision_type=2 2 2 2 2 2 2 2 2 2 2 2 2 2 2 2 2 2 2 2 2 2 2 2 2 2 2 2 2 2 2 2 2 2 2 2 2 2 2 2 2 2 2 2 2 2 2 2 2 2 2 2 2 2 2 2 2 2 2 2 2 2 2 2 2 2 2 2 2 2 2 2 2 2 2 2 2 2 2 2 2 2 2 2 2 2 2 2 2 2 2 2 2 2 2 2 2 2 2 2 2 2 2 2 2 2 2 2 2 2 2 2 2 2 2 2 2 2 2 2 2 2 2 2 2 2
left_child=1 10 4 5 9 8 7 23 21 33 42 14 16 22 -11 47 18 -13 46 29 62 44 24 -4 125 35 27 -27 -26 31 -31 60 39 -2 -28 48 -37 -22 122 52 50 107 -1 82 -3 -46 87 94 49 -18 70 91 -24 54 59 56 57 83 -59 -54 77 -49 -14 -56 -65 -42 -67 -6 -69 -61 -41 113 -73 -74 -23 -62 -77 110 79 80 81 109 -38 84 86 -85 -55 95 89 90 -89 -52 -93 -12 -10 -5 97 -29 -7 100 101 -43 -81 -53 -63 -82 -64 -17 -58 -51 111 -20 -44 114 115 -9 117 118 -83 -35 -84 -118 124 -34 -36 -8
right_child=2 3 6 12 67 98 13 71 15 11 93 17 20 -15 -16 41 25 -19 19 -21 37 74 32 -25 28 26 34 96 -30 30 -32 -33 123 119 38 36 43 -39 -40 40 65 99 112 -45 45 -47 -48 61 -50 78 51 103 53 55 63 -57 108 58 -60 69 75 104 106 64 -66 66 -68 68 -70 -71 -72 72 73 -75 -76 76 -78 -79 -80 102 105 116 120 85 -86 -87 -88 88 -90 -91 -92 92 -94 -95 -96 -97 -98 -99 -100 -101 -102 -103 -104 -105 -106 -107 -108 -109 -110 -111 -112 -113 -114 -115 -116 -117 121 -119 -120 -121 -122 -123 -124 -125 -126 -127
leaf_value=-0.014205080052189385 -0.014986264826256654 -0.071786523220589801 -0.001010389735227961 0.0018818143353491593 0.11292574402140235 -0.0043496687640762503 -0.01556070898194732 0.0017398426287336247 -0.022477824120770956 0.030925044296565042 0.074846451510233794 0.0037667717884244641 0.048746286672194085 0.025092887029076423 0.07396250254042927 -0.010570003955939445 0.014634412980612284 0.020269520022839035 -0.011656426107413596 0.029389380552663859 0.0079035391478765159 -0.026476343986141095 0.0097875480496634366 0.0042746690764261268 0.013878317268066143 0.00045299236694804887 8.5995103793890928e-05 0.033967082516482228 -0.0018464043431065771 0.022223858238039677 -0.010148408446307912 0.01124574989723073 0.010335587395243512 0.033245753933921679 0.011858731979268624 0.0093104816266057194 0.0084707578084886864 0.04370450700146012 -0.027810827187943945 0.0038957584491988171 -0.0070687805374934631 -0.0021977277836727235 0.03648253788228447 -0.0063325939714989204 -0.045120756695572417 -0.015071332730270179 -0.01281701653550317 -0.022875033111619009 0.0017257542972512086 0.059890248653642619 0.011758332389282995 -0.011360699465151719 -0.012514993718044593 0.0096264125820207172 -0.0069609424193818898 0.015320651176069578 0.020107587501415388 -0.0088646961693430778 0.021535437943065092 0.023173236446534785 0.0058159744025322617 -0.020410345263059151 0.034752212005554055 -0.0024294705488269617 0.01304581027253195 0.011538755536808909 -0.00019203723477912175 0.029062213953654742 0.065408167674592926 -0.008874319654625434 -0.016343828982638389 0.023038073938489469 -0.016242613869412705 0.041008393709128857 -0.0069601081350869403 -0.022785317284286358 -0.00064929733102845352 0.0097589709475866347 0.021666447121335242 -0.010590917203876083 0.038324481718028609 0.018058731964900057 -0.0031357949856854837 0.00087909409686744557 -0.0060416161326688356 0.025060394112731168 -0.0011929626314647974 0.006644795719123681 -0.00085855218076210001 0.020593336693779118 -0.050006323270354459 0.011235700006197155 -0.0026495663353920157 0.053790500218951945 0.0010579997436738972 -0.018896388441107553 -0.014892325074136938 -0.012497392573510374 0.0002819408704974938 0.0039908025201360461 -0.0061137665720636244 -0.0080146692602094845 -0.001628006890450206 -0.00054012513464414406 -0.0054466042964983275 0.0044859547251276857 -0.0054116926125500663 0.0058642175606650375 -0.039785903762881714 -0.00092692593149672697 0.0026194411391158331 0.0079772315176624472 0.004463501928336922 0.010422714393497793 0.018356224280946506 0.022254696609316799 -0.015090432749813807 -0.01632182760898003 -0.0020344467199814808 0.085221093870723547 0.022439806700250819 0.0092614230004932751 0.079772346909827305 0.0021695633104148581 -0.0031419557897240449 -0.01929173847569041
leaf_weight=4241 1561 10214 6559 351 3193 3235 744 718 7059 7685 7212 5136 95 379 9167 13711 222 3054 4934 144 646 5705 103 6431 126 904 586 71 233 382 479 231 708 2209 1191 1043 181 851 99 128 489 3455 4631 763 10422 8015 858 2953 1036 109 115 420 61 137 475 105 72 186 315 740 269 1452 80 200 168 254 1578 4337 5448 55 1843 2910 239 92 2056 282 308 153 66 3011 152 121 304 590 1220 120 3904 209 3360 383 166 78 571 4080 154 496 705 56 2777 161 1673 1281 979 289 1293 441 695 133 623 73 101 104 3165 3674 2032 811 892 188 458 851 77 28 371 1601 85 325
leaf_count=4241 1561 10214 6559 351 3193 3235 744 718 7059 7685 7212 5136 95 379 9167 13711 222 3054 4934 144 646 5705 103 6431 126 904 586 71 233 382 479 231 708 2209 1191 1043 181 851 99 128 489 3455 4631 763 10422 8015 858 2953 1036 109 115 420 61 137 475 105 72 186 315 740 269 1452 80 200 168 254 1578 4337 5448 55 1843 2910 239 92 2056 282 308 153 66 3011 152 121 304 590 1220 120 3904 209 3360 383 166 78 571 4080 154 496 705 56 2777 161 1673 1281 979 289 1293 441 695 133 623 73 101 104 3165 3674 2032 811 892 188 458 851 77 28 371 1601 85 325
internal_value=-0.000587575 -0.00700662 0.00913697 -0.00982021 0.0156539 -0.0127591 0.00258515 0.00599101 -0.0136257 0.012946 0.00572116 0.0145688 -0.00234619 -0.00163172 0.0173625 -0.0107655 -0.00330495 0.0088133 -0.0062221 -0.00947748 0.00874473 -0.0162416 -0.00218018 0.00141785 -0.0116399 -0.000592248 0.00384729 -0.00626651 0.00390797 -0.0102121 3.17558e-05 -0.0115931 -0.00138926 0.00414559 0.0113736 -0.00237363 0.0032322 0.0151914 0.0151142 -0.00234287 -0.00546144 -0.00870831 0.00161663 -0.00335526 -0.0172685 -0.0160467 -0.00208777 -0.0140134 -0.00408174 -0.00524092 -0.0090432 -0.00388532 -0.000359621 -0.000657029 0.00517752 -0.00202281 -0.00242018 -0.00114559 0.0105287 0.0138095 -0.0124265 -0.0113458 -0.00237143 -0.00361733 0.00595174 -0.000138649 0.0024932 0.0218359 0.0205758 0.0163906 -0.0128783 0.0116582 0.0151348 0.000751489 -0.0124417 -0.00437211 -0.00978992 -0.0137285 -0.00586463 -0.00615921 -0.00238954 -0.00669824 0.00547619 -0.00213312 -0.00321354 0.00583916 -0.00126606 -0.000606136 0.00082343 0.00890564 -0.0024671 0.00345904 7.26306e-05 0.0100938 -0.0161115 -0.00752054 -0.0148387 0.0025947 -0.002704 -0.00562357 -0.00604186 -0.00437882 -0.00847935 -0.0117682 -0.00784091 0.0111329 -0.00536859 -0.0101697 -0.0141964 0.0139305 -0.0142744 -0.0146748 0.00357518 0.0100915 0.0124727 0.00834257 -0.00895833 -0.00363666 0.000552227 0.00745514 -0.00122409 -0.0133514 0.0169143 0.00473099 0.0142389 -0.0168552
internal_weight=213929 128867 85062 105538 42641 75749 42421 23466 69737 29663 23329 25042 29789 18955 16852 33325 27422 8190 13210 7387 2367 36412 18576 12990 1428 14212 4068 1736 359 7243 861 6382 17148 4621 2332 10144 2368 1497 1746 14839 5765 20414 12037 1325 28651 18437 5823 12911 7776 6740 3444 1473 9074 8971 1699 7272 7167 6472 501 856 6151 5698 870 843 368 2321 1832 12978 9785 795 1971 10476 3241 331 7761 859 590 5292 6518 6452 2462 1869 562 5971 5261 710 4041 4965 4118 758 375 764 649 11292 7213 847 832 127 6012 6570 6409 4736 3990 709 2745 593 775 13844 695 182 5139 5038 7796 7235 3561 1529 1687 767 579 3060 381 920 1647 2309 1276 1069
internal_count=213929 128867 85062 105538 42641 75749 42421 23466 69737 29663 23329 25042 29789 18955 16852 33325 27422 8190 13210 7387 2367 36412 18576 12990 1428 14212 4068 1736 359 7243 861 6382 17148 4621 2332 10144 2368 1497 1746 14839 5765 20414 12037 1325 28651 18437 5823 12911 7776 6740 3444 1473 9074 8971 1699 7272 7167 6472 501 856 6151 5698 870 843 368 2321 1832 12978 9785 795 1971 10476 3241 331 7761 859 590 5292 6518 6452 2462 1869 562 5971 5261 710 4041 4965 4118 758 375 764 649 11292 7213 847 832 127 6012 6570 6409 4736 3990 709 2745 593 775 13844 695 182 5139 5038 7796 7235 3561 1529 1687 767 579 3060 381 920 1647 2309 1276 1069
is_linear=0
shrinkage=0.05


Tree=11
num_leaves=127
num_cat=0
split_feature=9 10 10 10 9 9 10 9 10 10 17 10 17 9 17 9 9 17 18 20 9 35 17 34 9 30 24 35 17 20 5 30 2 7 9 9 17 9 31 30 20 34 17 25 31 30 10 9 29 20 29 10 9 18 29 34 25 16 2 31 9 18 34 15 17 20 34 23 31 25 2 7 9 20 9 17 20 35 30 3 23 25 29 6 3 17 34 25 17 32 3 20 32 11 24 9 30 9 5 26 35 17 20 23 29 9 9 2 29 9 2 10 35 24 24 17 9 23 17 9 35 3 3 3 9 17
split_gain=5016.65 1721.96 1357.61 870.472 284.283 255.589 218.307 214.561 204.529 153.205 151.847 143.768 118.371 99.1738 94.3435 91.7941 74.5713 73.3116 66.761 63.8051 59.4868 59.3916 58.6127 53.6834 49.0216 48.4281 43.1871 46.478 46.0936 42.299 40.5008 37.9174 44.5435 36.2907 51.1082 37.0693 35.9799 35.0934 35.0302 34.3343 33.6528 49.1007 31.4888 31.4006 36.5227 30.7483 29.5172 67.4211 29.4584 29.0433 35.6274 28.89 44.3751 28.8579 33.6388 31.6049 28.4681 27.7882 31.641 27.7141 26.7436 25.8845 26.3996 25.5465 25.2969 24.2482 39.4333 25.0158 23.9008 23.6462 21.8564 21.781 21.6748 25.0608 21.6741 21.8775 20.7926 20.5885 20.4702 19.5964 19.5388 41.9686 39.3873 24.1207 24.312 19.2042 19.1852 18.9737 18.6316 18.4576 27.7477 18.2718 17.9138 17.7695 17.4543 19.599 17.433 17.3837 17.1765 17.1478 19.4952 17.1433 17.1008 17.4437 16.9557 17.2922 16.3681 16.3677 16.2604 16.2247 15.9979 15.9784 15.9691 15.8397 27.0655 16.1048 15.8292 15.1015 17.4055 15.0624 14.9965 14.9599 14.935 14.8627 26.8997 14.5909
threshold=6.4755192972116999 1.0000000180025095e-35 2.5000000000000004 3.5000000000000004 7.2400154552834515 6.3820270467460389 3.5000000000000004 7.7225551465088893 2.5000000000000004 1.0000000180025095e-35 9.5000000000000018 1.5000000000000002 12.500000000000002 6.6915261923490057 60.500000000000007 4.7571303064240302 6.9263963066122605 58.500000000000007 1.0000000180025095e-35 0.93908472479901073 6.2573395609730058 -0.00026061606036294676 43.500000000000007 0.002464319936574881 6.9391560819286742 -0.082377813168152583 709.50000000000011 0.095668456250417838 4.5000000000000009 0.9470175438596492 -0.22252093395631442 -0.094070790932922754 0.60355339059327384 1.0000000180025095e-35 8.6217987304150636 11.776694405803424 9.5000000000000018 5.8767970207890121 -6.882929076296989e-06 0.039836218355251231 0.73942823108993461 -0.00029109814195926313 5.5000000000000009 105.50000000000001 0.00024713755598128453 1.0000000180025095e-35 1.5000000000000002 5.5946762667250622 0.00014871036205175219 0.82305502846299816 1.1722617760071621e-09 1.5000000000000002 7.9927718313694127 6.5000000000000009 0.00036514344473488841 0.0022009681923338075 104.50000000000001 2.5000000000000004 0.25881904510252091 -0.00053093029659069329 11.30885442583117 6.5000000000000009 0.029956507577487104 1.0000000180025095e-35 8.5000000000000018 0.91607981220657286 0.017097049778981192 1.7912051628352887 0.91043797189931219 101.50000000000001 -0.91597561503675329 1.0000000180025095e-35 5.2493401976304712 0.90508365508365518 9.8505263167475814 36.500000000000007 0.79610733182161764 0.00036459077414743244 -1.0000000180025095e-35 -0.9159756150367534 1.1469726343312499 104.50000000000001 0.22272764293490013 1.0000000180025095e-35 0.78656609248549303 14.500000000000002 -0.052543456489032948 103.50000000000001 17.500000000000004 0.013622630766343945 -0.9159756150367534 0.64760348583878014 -0.026044165236063632 1.5000000000000002 1003.5000000000001 4.4306783660096949 -1.0000000180025095e-35 6.5832199049931264 1.0000000180025095e-35 406.50000000000006 -0.0087525249413932336 28.500000000000004 0.63211600429645554 1.2413082819413674 0.22535426604416206 2.6365389826204768 6.8930861258593401 1.0000000180025095e-35 0.027809478737750706 6.4325338084325496 0.60355339059327384 1.5000000000000002 0.0014537417043179578 313.50000000000006 201.50000000000003 17.500000000000004 8.9833684440751345 1.2142832674095703 36.500000000000007 6.6356269538031087 0.017442729153356384 0.1294095225512602 0.37940952255126048 -0.98296291314453399 5.6438992411713 66.500000000000014
decision_type=2 2 2 2 2 2 2 2 2 2 2 2 2 2 2 2 2 2 2 2 2 2 2 2 2 2 2 2 2 2 2 2 2 2 2 2 2 2 2 2 2 2 2 2 2 2 2 2 2 2 2 2 2 2 2 2 2 2 2 2 2 2 2 2 2 2 2 2 2 2 2 2 2 2 2 2 2 2 2 2 2 2 2 2 2 2 2 2 2 2 2 2 2 2 2 2 2 2 2 2 2 2 2 2 2 2 2 2 2 2 2 2 2 2 2 2 2 2 2 2 2 2 2 2 2 2
left_child=1 10 4 5 9 8 7 24 20 36 42 13 26 97 25 45 119 18 19 22 46 72 30 112 -4 31 28 39 -5 -21 48 32 -8 35 49 40 -2 77 59 65 41 -27 -1 53 78 86 -3 -48 57 85 -51 -6 -53 54 79 -55 107 -14 -59 -31 -25 62 -46 69 -47 67 99 -28 92 96 71 -30 -20 -74 -9 -76 -33 102 -45 116 81 82 93 84 -82 -35 -10 -41 -12 90 -84 -26 -39 -56 95 -29 -40 -11 -36 100 -67 122 -17 -104 105 -24 -15 -50 -94 -7 -85 -22 -16 114 -32 -116 -42 120 -119 -13 -93 -19 -52 124 -96 -79
right_child=2 3 6 12 51 109 14 74 15 11 88 16 17 106 23 37 -18 121 21 29 111 -23 104 60 91 33 27 94 70 38 113 76 -34 34 98 -37 -38 68 63 87 43 -43 -44 44 61 64 47 -49 56 50 101 52 -54 55 80 -57 -58 58 -60 -61 -62 -63 -64 -65 -66 66 -68 -69 -70 -71 -72 -73 73 -75 75 -77 -78 125 -80 -81 83 -83 89 110 -86 -87 -88 -89 -90 -91 -92 117 108 -95 123 -97 -98 -99 -100 -101 -102 -103 103 -105 -106 -107 -108 -109 -110 -111 -112 -113 -114 -115 115 -117 -118 118 -120 -121 -122 -123 -124 -125 -126 -127
leaf_value=-0.0080461830306144452 -0.0047734516160094212 -0.064232196215033455 -0.0011045099664082467 -0.0032523648020816873 0.10727945682033223 -0.0041321853258724384 0.011283256087883055 0.012033833981258691 -0.0048288281433044537 0.020073407127364759 0.052262541454375616 0.00090512051471286254 0.081902899768468984 0.065554419425783217 0.004538678012240077 -0.013105173871809636 0.019598276403325964 0.02471863072386514 0.031035778018057427 -0.010907289480558377 -0.022103182206745991 -0.0072733989719674201 -0.021994006035041553 0.026138500590728416 -0.0084992879968201554 0.02324957691411034 0.002489510541904751 0.0037317093469987107 -0.012714422352085024 0.00034357838359929256 -0.0051331512836496496 0.0088240447771410265 -0.003614215997579294 -0.0044576265808773377 0.0080631028097992007 0.031670133472829681 0.049785099162894864 0.003870710260944136 -0.013675038562650269 -0.013348358575610415 -0.004983661411484804 -0.0046032517514717928 0.026603607972789718 -0.021105635871219552 -0.016702347968258698 -0.021693081457946729 -0.042864718860793793 -0.013910667244530217 -0.0009347563389383428 -0.013702502157392705 0.0028283613478370206 0.029495795973642776 0.067829287624802448 -0.039926203770067836 0.0079022685984861032 0.019896883129980045 -0.012279767720935773 0.01643059858349193 -0.0034808622681087513 -0.0095554384880967968 0.017585722314106413 0.013221711238970035 0.032907551803986572 0.025829687180622105 -0.014295588511048403 0.013224217293608943 0.0063225319841577234 -0.022400036623856735 0.011031131673278318 -0.0053441692056369998 -0.0099982349889781129 0.06390045998683605 -0.0037277791970553005 0.066216689215614313 0.023789735434736642 0.039526357339793296 -0.015148415280002134 -0.011983013282270312 0.020403673788723691 0.0024997581494629112 -0.0047166087995296428 -0.011323544572377706 0.032507328941836368 0.014450058252284587 0.018334980724858885 0.0022890970018839053 -0.02196844518508366 0.010173755980921385 0.078993066217855623 0.01531572149861433 -0.028584181187222377 0.0040195912072224921 -0.003677146375704138 -0.0053902977835177468 -0.017017719064411557 -0.0030111226890219764 0.0024979635409422343 0.046461709991152914 -0.00036647155649196378 -0.010490660228540349 -0.0039099966546094168 -0.013317550373619928 -0.0091600825306565083 -0.0022034716901826166 -0.0085020087241976083 0.059110601948445141 0.07426604162483573 0.013487385661552579 -0.0058434789472557097 0.00026784382697261943 -0.0016473370858317222 -0.005536665839502011 -0.0079084890984470867 -0.0033952927415800398 0.010503628184329738 -0.0040769349225610258 0.017346238220189457 0.0091113885577668967 0.0042433369905925293 0.0053677236832470115 -0.0024963448284454331 0.001377050847470493 -0.0049152883173502852 -0.0085906719074990753 0.0030867273577457502 0.06618455627911643
leaf_weight=5933 2070 11634 6009 1604 3193 3235 195 8161 348 3907 6310 1762 522 4978 546 711 2877 437 424 473 4285 4978 23 515 223 267 2254 112 69 272 613 31 268 426 476 133 2551 172 146 74 299 278 6104 37 266 2913 10422 8539 324 2123 646 5377 4408 399 83 68 174 146 229 458 165 82 59 113 2701 117 236 133 58 1009 4529 117 486 115 1272 1043 937 3717 295 2440 766 832 65 272 148 880 6742 313 4982 413 121 5119 4678 2509 142 123 2632 3778 820 1431 832 341 8730 869 32 449 4189 771 1662 2777 134 1532 265 1245 344 109 59 493 465 3551 681 126 296 929 124 24
leaf_count=5933 2070 11634 6009 1604 3193 3235 195 8161 348 3907 6310 1762 522 4978 546 711 2877 437 424 473 4285 4978 23 515 223 267 2254 112 69 272 613 31 268 426 476 133 2551 172 146 74 299 278 6104 37 266 2913 10422 8539 324 2123 646 5377 4408 399 83 68 174 146 229 458 165 82 59 113 2701 117 236 133 58 1009 4529 117 486 115 1272 1043 937 3717 295 2440 766 832 65 272 148 880 6742 313 4982 413 121 5119 4678 2509 142 123 2632 3778 820 1431 832 341 8730 869 32 449 4189 771 1662 2777 134 1532 265 1245 344 109 59 493 465 3551 681 126 296 929 124 24
internal_value=-0.000654886 -0.00687548 0.00876903 -0.00959282 0.0150689 -0.0124403 0.00243548 0.00565869 -0.013293 0.0123646 0.00541688 0.0139081 -0.00235123 0.0165498 -0.00155525 -0.0104594 0.00846553 0.000448815 -0.000174465 0.00231044 -0.0158846 -0.00434712 0.00633323 0.0104963 0.00136399 -0.00258687 -0.00589832 -0.00313553 -0.00887532 -0.00161854 0.00449967 -0.0113841 0.000389958 -0.00179838 -0.00486945 4.36197e-05 0.00399427 -0.00839583 -0.000156418 -0.00100556 -0.000315246 0.0117045 0.00150868 -0.00102197 0.00883401 -0.0138044 -0.0167676 -0.0155369 0.0094035 -0.00728641 -0.00971416 0.0212428 0.0198659 -0.00187275 -0.00117512 -0.013893 0.00447214 0.0163165 0.00582237 -0.0101701 0.0208029 -0.0012318 -0.00761364 0.00172855 -0.0110189 -0.00212011 -0.00544067 0.00152278 -0.00537262 0.00101332 -0.0113639 0.00531414 0.00658981 0.000457921 0.0109808 0.015264 -0.0169887 -0.00980702 0.0210089 0.00326258 -0.00349991 -0.00523026 -0.00261186 0.00177359 -0.00273667 -0.000942028 -0.0160007 0.0132462 0.00958042 0.00889487 -0.00410995 0.00421235 -0.00566518 -0.00528302 -0.0111324 0.00130208 0.00339382 0.0123456 0.00391238 -0.00737945 -0.00215147 -0.00311918 -0.00864518 -0.00808283 0.0224165 0.0248008 0.0200657 0.00746591 -0.00609929 -0.00254612 0.011837 -0.0112302 0.00178003 -0.000106865 0.00435574 0.0135535 -0.00758953 0.00467914 0.0104829 0.00494688 0.00371232 0.018103 0.000374869 -0.0135729 -0.00308118 -0.0129932
internal_weight=213929 128867 85062 105538 42641 75749 42421 23466 69737 29663 23329 25042 29789 16852 18955 33325 8190 16650 16087 10084 36412 6003 4981 1491 12990 17464 13139 6820 6319 5103 4477 1431 463 16033 6008 10025 4621 20621 4630 5390 9892 545 12037 9347 739 12704 30595 18961 2166 4712 3406 12978 9785 8608 8141 467 1269 897 375 730 680 407 325 3900 5614 5003 2616 2387 6570 3787 4715 186 1025 601 10476 2315 968 14051 332 2798 5343 4023 3191 1320 914 1306 7090 387 11292 599 186 6981 6512 2592 1430 235 2778 7685 1296 2380 949 1283 10310 9599 504 472 9167 1095 6340 6012 406 5817 811 2311 1066 453 358 6758 958 5313 5800 563 942 1195 266 3741
internal_count=213929 128867 85062 105538 42641 75749 42421 23466 69737 29663 23329 25042 29789 16852 18955 33325 8190 16650 16087 10084 36412 6003 4981 1491 12990 17464 13139 6820 6319 5103 4477 1431 463 16033 6008 10025 4621 20621 4630 5390 9892 545 12037 9347 739 12704 30595 18961 2166 4712 3406 12978 9785 8608 8141 467 1269 897 375 730 680 407 325 3900 5614 5003 2616 2387 6570 3787 4715 186 1025 601 10476 2315 968 14051 332 2798 5343 4023 3191 1320 914 1306 7090 387 11292 599 186 6981 6512 2592 1430 235 2778 7685 1296 2380 949 1283 10310 9599 504 472 9167 1095 6340 6012 406 5817 811 2311 1066 453 358 6758 958 5313 5800 563 942 1195 266 3741
is_linear=0
shrinkage=0.05


Tree=12
num_leaves=127
num_cat=0
split_feature=9 10 10 10 9 10 9 9 10 17 10 9 33 17 10 9 8 10 32 8 1 15 33 34 25 23 9 10 32 9 9 7 35 4 5 9 33 10 9 17 19 9 0 0 33 9 28 19 9 17 9 9 28 9 32 1 9 0 19 16 25 35 32 0 17 33 17 18 34 1 12 33 9 24 31 33 34 16 35 9 8 18 7 17 24 9 24 0 9 24 34 10 33 32 23 16 7 0 9 9 24 35 24 24 17 28 32 16 31 16 35 18 0 28 34 16 31 0 0 0 9 17 23 32 33 0
split_gain=4661.67 1629.66 1223.68 879.203 305.523 186.487 208.27 167.198 218.276 141.782 128.206 138.214 109.271 108.309 100.214 78.4016 74.1473 68.411 59.7612 58.7181 54.8984 75.095 52.071 71.7231 43.4789 42.4692 39.7916 65.8561 38.4638 37.0784 34.7736 34.7517 43.6185 34.3515 33.3565 33.318 33.2104 32.8133 46.635 32.7487 32.3937 31.9766 31.7457 35.755 36.8842 30.5187 50.5108 30.1489 28.8441 28.7454 28.1691 27.5053 27.1371 26.7964 26.1058 24.575 24.2318 24.2212 23.7738 36.8429 23.6346 48.4526 42.1703 47.2534 35.3194 62.3834 28.5973 26.0593 30.7459 25.9046 23.73 23.0834 25.4009 25.3326 22.738 22.7313 22.0222 21.2162 21.134 20.6656 20.6103 20.5922 19.657 19.1833 19.1327 19.0482 21.8048 34.914 35.8357 18.2939 18.2674 18.2587 18.1391 19.1374 19.5134 18.3182 17.7187 17.2322 18.2042 17.0981 16.9104 23.0036 19.4054 22.4695 20.9585 19.5661 18.913 18.5197 17.4922 16.9813 16.8573 16.697 16.0723 16.2269 15.8084 15.7929 15.7877 15.6767 19.3514 15.4287 15.4163 15.2984 15.2548 15.164 15.1486 15.0933
threshold=6.4545951288780747 1.0000000180025095e-35 2.5000000000000004 3.5000000000000004 7.2400154552834515 3.5000000000000004 7.4292277797806276 6.3150193191043131 2.5000000000000004 9.5000000000000018 1.0000000180025095e-35 6.6804979747772864 0.21207393882078701 43.500000000000007 1.5000000000000002 4.7571303064240302 9.5000000000000018 1.5000000000000002 0.0019181025040299819 8.5000000000000018 3.5000000000000004 1.0000000180025095e-35 -0.04799456329259847 0.36879226450807762 102.50000000000001 1.9099901229209595 5.5188231444133669 1.5000000000000002 0.0053307594616240706 8.4640998867442594 6.9391560819286742 1.0000000180025095e-35 -1.9227188786388128e-05 -0.8783796973249266 -0.22252093395631442 8.1791321490895879 2.8595124546637045e-05 1.5000000000000002 7.9927718313694127 7.5000000000000009 0.16428133306072382 6.7755922211413919 5.5000000000000009 8.5000000000000018 6.4720222793136997e-05 5.8593768666142356 1.0000000180025095e-35 0.17607313195548494 5.9443018421422096 3.5000000000000004 11.776694405803424 6.4128760218017353 -1.0000000180025095e-35 5.8767970207890121 0.00025932288836771211 1.5000000000000002 6.5165660440068507 13.500000000000002 0.27622890682318418 4.5000000000000009 103.50000000000001 -1.0000000180025095e-35 0.0182037300295298 3.5000000000000004 45.500000000000007 -0.00030377788328263239 32.500000000000007 6.5000000000000009 9.4749676511538666e-09 5.5000000000000009 42.000000000000007 -0.00040839424215765278 4.2705867593757683 207.50000000000003 0.91043797189931219 0.0057547749629076285 0.0026727568933767316 2.5000000000000004 0.00036459077414743244 6.8930861258593401 6.5000000000000009 1.0000000180025095e-35 1.0000000180025095e-35 66.500000000000014 1010.5000000000001 4.0137166991158617 208.50000000000003 1.5000000000000002 5.2493401976304712 1002.5000000000001 -2.8247260304034715e-05 1.5000000000000002 -0.078524239674980983 -0.011482911289111967 1.1469726343312499 12.500000000000002 1.0000000180025095e-35 18.500000000000004 7.4292277797806276 6.141949462450774 1011.5000000000001 0.0030047749753479096 219.50000000000003 1009.5000000000001 4.5000000000000009 1.0335553151519114e-07 -0.012700643960577735 1.5000000000000002 -0.0024135162790015975 3.5000000000000004 0.002070293176128773 6.5000000000000009 7.5000000000000009 3.7240807699185802e-06 0.0051959067511374831 4.5000000000000009 0.00063420254180221263 16.500000000000004 13.500000000000002 12.500000000000002 5.9758915540911977 5.5000000000000009 0.81398360638707701 -0.00010007544193023364 -0.11745665766576228 12.500000000000002
decision_type=2 2 2 2 2 2 2 2 2 2 2 2 2 2 2 2 2 2 2 2 2 2 2 2 2 2 2 2 2 2 2 2 2 2 2 2 2 2 2 2 2 2 2 2 2 2 2 2 2 2 2 2 2 2 2 2 2 2 2 2 2 2 2 2 2 2 2 2 2 2 2 2 2 2 2 2 2 2 2 2 2 2 2 2 2 2 2 2 2 2 2 2 2 2 2 2 2 2 2 2 2 2 2 2 2 2 2 2 2 2 2 2 2 2 2 2 2 2 2 2 2 2 2 2 2 2
left_child=1 9 4 7 10 6 41 8 26 49 39 17 22 16 79 36 20 56 25 55 48 42 23 77 -21 45 -3 99 34 112 -16 50 83 -25 75 40 111 -6 -39 -2 76 -4 -22 71 81 54 47 -47 85 -1 52 91 -24 78 58 -15 -12 -27 100 89 67 66 63 -63 65 -65 -62 -54 -69 -66 -68 -44 -73 -74 -55 -20 121 -7 -17 -13 -38 -45 -51 -33 -56 119 87 88 -87 -60 -26 -9 -43 -94 -95 -96 -11 98 -67 -28 101 102 107 104 114 -105 -103 125 -102 -108 -88 -10 113 -8 -104 -82 -48 118 -35 -5 -29 -34 -114 -110 -79 -18
right_child=2 3 5 13 37 12 29 51 15 96 11 14 -14 19 30 53 18 -19 28 24 21 -23 31 33 90 57 27 120 -30 -31 -32 32 35 117 -36 -37 80 38 -40 -41 -42 92 43 44 -46 46 116 -49 -50 82 -52 -53 60 74 84 -57 -58 -59 59 -61 61 62 -64 64 69 97 70 68 -70 -71 -72 72 73 -75 -76 -77 -78 124 -80 -81 115 -83 -84 -85 -86 86 110 -89 -90 -91 -92 -93 93 94 95 -97 -98 -99 -100 -101 108 106 103 105 -106 -107 109 -109 123 -111 -112 -113 122 -115 -116 -117 -118 -119 -120 -121 -122 -123 -124 -125 -126 -127
leaf_value=-0.019722413311034848 -0.013998279004143353 -0.048489895886090227 -0.0019156703675881259 -0.017461690353488959 0.1019154839793156 -0.015465305019804905 -0.00060514834376474585 -0.013450942213057374 -0.020004859905486748 0.067771461707969924 0.0092533246681174332 0.061857537458975625 0.022307627662697855 0.046184074161537275 0.0058153435502674433 -0.0087379208682573199 0.00018793981744480578 0.0010715291576206718 0.01538449907314598 0.0012555102717971946 -0.014870808412366258 0.026628427165999558 0.010482557082934765 -0.0082044676858889221 0.0085514439868901483 0.010969688306399576 -0.061847976902018591 -0.017595426323246555 -0.0015185393622829096 0.019862866811369964 0.018673141774131551 0.0022196969489904415 0.016916517948310044 0.019691816401878223 -0.00073532323492537252 0.0013988598973720462 0.0050560763398224823 0.028021006174960634 0.064437823243562328 0.042502371710578496 2.6353985630681309e-05 0.024384593797474471 -0.0045392765967646681 -0.0098466925371253414 0.004401296555883792 0.064435012143296153 -0.0026321997496914851 -0.050902359618226568 -0.011829850421860511 0.029583566165926833 0.028918500637111485 -0.00159489466551653 -0.00050648967397652525 -0.004131246388436283 0.0028773891610353198 -0.002725787196627819 0.032918815313794848 -0.006324365292193517 0.0015472327460665234 -0.013524193642465232 -0.0077815638320055504 0.010891803482154024 0.02317897755780856 -0.010080531236594366 -0.00011155281455820232 0.00050699033719808848 0.012435604297139538 -0.039343525073527674 0.0069986212180820949 0.021516528893268761 -0.00068780399477585063 -0.013473537139227956 0.093774790089861698 0.0022634198304910427 0.010479575089614402 -0.028469615935705142 0.021679739339513837 0.011422266759892809 -0.01125793142469483 0.070552739543593937 -0.0184489401660545 -0.0054537807599726301 -0.00026439306524725549 0.017469383519749658 -0.010741834255721793 0.0065692134973499797 -0.0014267085912597337 0.019240930047893793 -0.047249349542654251 0.034184225840028733 0.047530109867944509 -0.0025923092312472324 -0.0079382135632144798 0.0012313089984752976 0.0063944146985922094 -0.039107695920923891 0.047911916751195535 -0.0005480307401440562 0.010664313273850453 -0.034782994761622867 -0.030500822691680599 0.0028311105417678467 0.0048753960601243696 -0.0020964845975092769 -0.007903549914557776 0.011994477869770663 -0.011309533836546643 -0.0071476711485762429 0.0045296503741239103 0.0026648527150175839 0.01246305498286094 0.0021130006307495393 0.0085973111833343562 0.0069344225167368226 -0.021714045725489795 0.0063666657193946104 0.0044544336812702119 0.049729875750613439 -0.03441288936132756 0.00030407329157856465 -0.0089241579682311223 -0.0094269572502013368 0.0046885835606565928 -0.0018641666607336069 -0.011477352279955584 0.059793727262914369
leaf_weight=2629 1561 10937 4197 496 3193 1083 1053 3457 10830 7212 2242 5345 387 95 3062 10310 191 2626 877 523 1902 144 114 81 202 751 7010 5802 596 6489 2753 952 28 143 258 1218 323 5377 4408 3060 990 107 1167 2080 222 375 1113 46 812 5568 149 2677 5574 5607 1238 763 5860 118 246 304 544 408 246 551 175 285 85 345 114 246 683 300 125 822 58 54 65 39 3741 4189 1338 615 3840 178 325 209 3111 383 166 182 746 2556 391 5288 925 62 4080 153 357 5204 95 79 546 194 3639 170 869 144 440 120 249 76 2001 2183 413 137 385 144 109 351 4295 3141 1126 252 495 159
leaf_count=2629 1561 10937 4197 496 3193 1083 1053 3457 10830 7212 2242 5345 387 95 3062 10310 191 2626 877 523 1902 144 114 81 202 751 7010 5802 596 6489 2753 952 28 143 258 1218 323 5377 4408 3060 990 107 1167 2080 222 375 1113 46 812 5568 149 2677 5574 5607 1238 763 5860 118 246 304 544 408 246 551 175 285 85 345 114 246 683 300 125 822 58 54 65 39 3741 4189 1338 615 3840 178 325 209 3111 383 166 182 746 2556 391 5288 925 62 4080 153 357 5204 95 79 546 194 3639 170 869 144 440 120 249 76 2001 2183 413 137 385 144 109 351 4295 3141 1126 252 495 159
internal_value=-0.00067148 -0.00675717 0.00827973 -0.00943571 0.0141707 0.00228181 0.00523167 -0.0123389 -0.0132015 0.00518546 0.0114482 0.0128084 -0.00140121 -0.00215711 0.0158524 -0.0102791 -0.00303945 0.00844778 -0.000530703 0.00818231 -0.00574246 -0.00859963 -0.00194853 -0.00936875 0.0142293 -0.00176345 -0.0160491 -0.0148278 0.00800978 0.00954966 0.0106637 -0.00101003 -0.00383457 0.00760892 0.0131889 -0.00569029 -0.0133441 0.0206035 0.0191407 0.00376729 -0.00778907 0.000170843 -0.00931784 -0.00732712 -0.0110481 -0.0025683 0.00318217 0.0183744 -0.00208967 0.00140903 0.000841888 -0.00581656 0.000510876 -0.0083013 -0.00371813 -0.00220742 0.0107197 0.00886442 -0.00486674 0.00370421 0.000221575 0.00334604 0.00753401 0.00528096 0.00171699 -0.00224648 -0.00438117 -0.0017129 -0.0130981 0.0142664 0.001837 -0.00281728 0.00191094 0.005927 -0.00539021 0.0175775 -0.0102084 -0.014385 -0.00947264 0.0190099 -0.00701886 -0.012662 0.00270052 0.00508811 0.00218909 -0.000656438 0.000750668 0.00838139 -0.0024671 0.0130947 0.0205876 -0.00769234 0.00229529 0.00195848 0.00262938 0.00906502 0.00920864 0.00670313 0.0102859 -0.0173022 -0.00572683 -0.00656149 -0.00523897 -0.00617979 -0.00712687 0.00571816 -0.0132619 0.00417836 0.00119003 -0.0151434 -0.000980683 -0.0143832 0.00682828 0.00434742 -0.000547199 -0.00951858 -0.0011344 0.0136908 0.00595331 -0.00746185 -0.0118276 -0.0108073 0.00938458 0.00398852 -0.00615028 0.0103521
internal_weight=213929 127349 86580 104020 43676 42904 23822 74358 65668 23329 30698 26077 19082 29662 15349 32420 27333 10728 14179 2329 13154 7377 18695 2094 1471 12394 33248 22311 1785 12852 5815 16601 6572 477 1189 5442 12704 12978 9785 4621 4224 10970 7233 5331 2917 11525 1919 421 5777 12037 10029 8690 9880 19716 9606 858 8102 869 8043 732 9766 3733 2421 2175 1767 1346 1312 6033 459 421 768 2414 1247 947 5665 931 3234 1617 14051 9534 1798 2695 9408 1130 1563 4965 4118 758 375 428 948 6013 6773 6666 6275 987 11292 795 642 12214 7311 6524 5456 4962 4598 364 1068 494 787 989 3360 10906 6363 3236 959 1475 1498 396 252 847 10097 3169 3127 692 534 350
internal_count=213929 127349 86580 104020 43676 42904 23822 74358 65668 23329 30698 26077 19082 29662 15349 32420 27333 10728 14179 2329 13154 7377 18695 2094 1471 12394 33248 22311 1785 12852 5815 16601 6572 477 1189 5442 12704 12978 9785 4621 4224 10970 7233 5331 2917 11525 1919 421 5777 12037 10029 8690 9880 19716 9606 858 8102 869 8043 732 9766 3733 2421 2175 1767 1346 1312 6033 459 421 768 2414 1247 947 5665 931 3234 1617 14051 9534 1798 2695 9408 1130 1563 4965 4118 758 375 428 948 6013 6773 6666 6275 987 11292 795 642 12214 7311 6524 5456 4962 4598 364 1068 494 787 989 3360 10906 6363 3236 959 1475 1498 396 252 847 10097 3169 3127 692 534 350
is_linear=0
shrinkage=0.05


Tree=13
num_leaves=127
num_cat=0
split_feature=9 26 26 26 9 9 26 26 9 17 26 26 17 33 9 9 9 8 8 32 9 26 1 15 33 2 25 5 26 9 32 7 9 3 33 9 0 0 33 17 5 19 9 29 1 9 8 20 34 20 19 31 25 24 7 32 9 9 0 20 0 25 1 29 9 3 32 31 9 25 32 31 24 29 17 34 17 9 9 35 20 19 17 34 25 17 9 24 0 9 17 29 3 17 8 34 24 9 32 19 20 26 9 3 14 5 18 17 9 24 32 9 0 0 24 35 33 33 35 31 8 1 9 24 9 2
split_gain=4371.46 1495.37 1154.84 800.028 280.552 231.544 204.167 170.92 174.392 127.27 125.312 115.629 107.928 105.536 94.8272 81.3074 68.5346 65.9072 60.1304 57.1168 52.1791 64.747 50.1504 73.659 47.2951 76.2191 42.7979 38.7982 35.312 49.3786 34.0414 33.2704 39.707 33.8673 32.379 31.8823 31.7795 34.3696 34.4828 30.3092 30.1686 28.953 32.3628 48.6323 33.968 28.4001 28.3052 28.0949 47.9296 32.0543 35.9941 29.0065 42.7195 26.7313 26.7272 26.4866 25.9404 25.4004 24.995 24.8965 24.1065 29.5103 23.7091 23.5382 23.4877 22.9362 27.1024 22.5405 22.2908 37.234 24.2885 22.2469 22.1905 21.4119 21.3636 21.289 25.1595 20.9916 20.9165 20.8965 20.7181 24.4851 20.5295 19.4941 19.3803 26.0113 18.9358 20.831 32.8294 35.1575 18.8861 18.745 18.5547 18.1837 18.0302 17.9777 17.6048 17.4639 17.2722 17.2511 17.0536 16.9497 20.4523 16.8553 16.5375 16.3547 16.1681 16.1076 16.0379 15.814 15.6893 15.6891 16.137 15.4287 15.3483 20.9946 30.5756 22.2095 18.7552 17.905 17.4304 24.2463 23.407 18.4951 18.0639 17.3229
threshold=6.4755192972116999 61.500000000000007 261.50000000000006 361.50000000000006 7.2400154552834515 6.3583354666067455 261.50000000000006 361.50000000000006 7.4292277797806276 9.5000000000000018 61.500000000000007 161.50000000000003 43.500000000000007 0.21207393882078701 6.6575909486486609 4.7571303064240302 6.9045826620563453 9.5000000000000018 8.5000000000000018 0.0019181025040299819 5.8593768666142356 161.50000000000003 3.5000000000000004 1.0000000180025095e-35 -0.04799456329259847 -0.91597561503675329 102.50000000000001 -0.56174490092936669 161.50000000000003 7.9927718313694127 0.0053307594616240706 1.0000000180025095e-35 8.6217987304150636 0.25881904510252057 2.8595124546637045e-05 9.8505263167475814 5.5000000000000009 8.5000000000000018 6.4720222793136997e-05 14.500000000000002 -0.22252093395631442 0.22611077297626295 5.8593768666142356 1.0000000180025095e-35 2.5000000000000004 5.8767970207890121 10.500000000000002 0.73942823108993461 -0.00029109814195926313 0.79388422035480866 0.094044811320754734 0.00025711345576074658 105.50000000000001 206.50000000000003 1.0000000180025095e-35 0.00027362534271841186 6.9045826620563453 5.9443018421422096 10.500000000000002 0.88657804459691258 2.5000000000000004 103.50000000000001 1.5000000000000002 0.067056363718118503 6.9263963066122605 1.0000000180025095e-35 -0.015456764290954892 0.00023058983164638293 5.2672410983869105 25.500000000000004 -0.0093381305128232613 0.91043797189931219 1012.5000000000001 0.011508469189182215 9.5000000000000018 0.00012580346418315132 49.500000000000007 6.4128760218017353 6.2218855183803212 0.00036459077414743244 0.82116204690831573 0.098199935711989719 36.500000000000007 0.00040894126670869198 103.50000000000001 34.500000000000007 4.0137166991158617 208.50000000000003 1.5000000000000002 5.2493401976304712 5.5000000000000009 2.0907139728247932e-05 0.91597561503675351 17.500000000000004 6.5000000000000009 -0.00029109814195926313 1010.5000000000001 7.8688572590266093 -0.026044165236063632 0.066120218579234988 0.63211600429645554 161.50000000000003 5.0118909161106506 -0.5 1.0000000180025095e-35 1.0000000180025095e-35 6.5000000000000009 9.5000000000000018 4.3986785712137566 1004.5000000000001 0.00015969820249365886 6.8658811164318214 6.5000000000000009 12.500000000000002 1011.5000000000001 0.0022414094705125545 -0.0013573891958311381 -0.027693325320482957 -0.032138535105953041 -0.0024135162790015975 10.500000000000002 4.5000000000000009 5.419754394101461 1009.5000000000001 3.1975886473094337 -0.91597561503675329
decision_type=2 2 2 2 2 2 2 2 2 2 2 2 2 2 2 2 2 2 2 2 2 2 2 2 2 2 2 2 2 2 2 2 2 2 2 2 2 2 2 2 2 2 2 2 2 2 2 2 2 2 2 2 2 2 2 2 2 2 2 2 2 2 2 2 2 2 2 2 2 2 2 2 2 2 2 2 2 2 2 2 2 2 2 2 2 2 2 2 2 2 2 2 2 2 2 2 2 2 2 2 2 2 2 2 2 2 2 2 2 2 2 2 2 2 2 2 2 2 2 2 2 2 2 2 2 2
left_child=1 9 4 5 10 6 20 8 56 54 39 14 17 24 -12 34 -13 22 62 41 101 78 57 36 25 -9 -20 -27 -6 -30 40 47 33 75 106 -10 -24 68 72 -2 58 42 55 44 -44 79 95 48 -26 50 -49 52 53 -51 91 114 -4 86 -21 -28 61 -55 -14 -54 -16 66 -29 74 -38 -70 -71 98 -39 -48 103 80 -77 -7 -22 100 111 90 -37 110 -52 -86 113 88 89 -88 -82 -1 -87 -11 -36 108 -57 -83 -47 -60 -17 -3 -103 -62 -92 -34 -8 -98 -43 -105 -76 -33 -113 -5 115 116 118 -117 -19 -116 121 122 124 125 -118 -122
right_child=2 3 7 12 28 77 15 13 35 93 11 16 18 -15 64 45 -18 19 26 30 21 -23 23 -25 31 27 59 65 29 -31 -32 32 105 -35 94 82 37 38 -40 -41 -42 46 43 -45 -46 71 73 49 -50 51 84 -53 63 60 -56 96 -58 -59 99 -61 67 -63 -64 -65 -66 -67 -68 -69 69 70 -72 -73 -74 -75 83 76 -78 -79 -80 -81 81 97 -84 -85 85 92 87 -89 -90 -91 104 -93 -94 -95 -96 -97 107 -99 -100 -101 -102 102 -104 109 -106 -107 -108 -109 -110 -111 -112 112 -114 -115 119 117 120 -119 -120 -121 123 -123 -124 -125 -126 -127
leaf_value=-0.0050967111522789415 0.0039805183662179619 -0.087192355517353048 -0.0012334423484665752 -0.016588605835814507 0.096819709780349844 -0.0052841202823089113 -0.019004616910212411 0.032811047674233318 0.008503575156863093 0.046740363166732996 0.024078598136895508 0.0032210677189102792 0.043874870453460411 0.02141593626495129 0.058455522320916387 -0.012013019134806287 0.017417447560649928 -0.011672086437044912 0.0011927347582073339 0.016026032259986708 -0.046997824924176639 -0.0087673265685223375 -0.014160166960681099 0.025297005807699582 0.020928149190514396 0.0038019548859297165 0.0018920950993586484 0.010037121878493774 0.026619955866212602 0.061215932081384206 -0.0014426123941687638 0.010132882735473837 0.0077959286038252161 -0.01073650786344451 0.004803272522831358 0.021607105322431312 -0.010129133344501946 -0.0095120584560981075 0.0041812317280896022 0.057919304398654614 -0.00069855707317910409 0.044291517135568795 -0.0044659487024026551 -0.0010907200739176102 0.061832202411169337 0.0037982771259674492 0.01659622663844228 0.018715831886335171 -0.0046413736140651909 0.014543128165726527 -0.028940968159885439 -0.0030042149630553263 0.018583484278793996 0.00041482640897838537 -0.0093252434527286276 0.0027826241090376327 0.0028826217375132607 -0.011137485099104777 -0.00030238524955337543 0.043483519833783395 -0.011435015888131114 0.01037160300800395 -0.0027408061017511112 -0.016846016617087022 0.067589440417152355 -0.013528342810852296 -0.024858961198458013 0.012911176122928478 0.075083383090079073 -0.0083345508230196035 0.00053506878026229464 0.0099555963351336818 0.0011305931897368678 -0.0042083159789410218 0.0010330245040265302 -0.00064462557507607857 0.02569348059771151 -0.00091864991278550246 -0.024536080594691007 -0.010695034853460088 0.027278706317834564 -0.013905870779519568 0.036556896132235138 -0.0031467454448597903 -0.0083236460354361701 -0.00013956493986067164 0.0062407528224824801 -0.00073955990886738661 0.018278883545499103 -0.044886882065521543 -0.0062874314070470762 0.032453941574427603 0.014067726564492273 0.0720943946216316 -0.015328592260251676 -0.0026198331025094057 -0.02605948298131322 0.01680880407317073 -0.0040257378861159676 0.092286518723281766 -0.0079239755353873072 -0.052943591096640256 -0.023101991377757716 -0.0014247189407640163 0.0010104359479780063 -0.00028426615364548206 0.0020073505992120621 0.0026630405796217943 -0.00024915585088213426 0.012319398456391252 0.023091652595093246 0.011742268908631712 -0.0023829165837299972 0.00028886962699963686 -0.02890898030265281 -0.0028679959289533048 0.019083716927974618 -0.009443039367105879 0.0065649951760705693 0.0022752305972583409 0.057772868978503068 -0.015684911775429199 0.10090211692534537 0.008599648322182735 -0.0048608482585061766 -0.005051199842343374
leaf_weight=1908 3018 3687 5597 496 3193 3269 10830 149 10537 6310 6574 5136 95 379 6656 711 3054 110 523 570 6886 6376 1910 144 267 372 158 152 5377 4408 596 85 479 1593 323 1272 997 2480 222 1603 258 93 128 1354 304 170 550 101 278 313 618 1826 284 282 5055 1159 5017 858 248 816 309 256 775 53 3622 1019 381 143 208 211 999 58 216 127 2390 308 151 4068 4566 3741 51 658 1043 882 295 659 209 3360 383 166 957 5074 68 4982 1475 659 160 44 6044 113 9599 5136 8734 476 502 824 76 162 116 45 409 87 810 351 94 459 40 721 537 677 63 832 65 195 908 2914
leaf_count=1908 3018 3687 5597 496 3193 3269 10830 149 10537 6310 6574 5136 95 379 6656 711 3054 110 523 570 6886 6376 1910 144 267 372 158 152 5377 4408 596 85 479 1593 323 1272 997 2480 222 1603 258 93 128 1354 304 170 550 101 278 313 618 1826 284 282 5055 1159 5017 858 248 816 309 256 775 53 3622 1019 381 143 208 211 999 58 216 127 2390 308 151 4068 4566 3741 51 658 1043 882 295 659 209 3360 383 166 957 5074 68 4982 1475 659 160 44 6044 113 9599 5136 8734 476 502 824 76 162 116 45 409 87 810 351 94 459 40 721 537 677 63 832 65 195 908 2914
internal_value=-0.000702798 -0.00650962 0.00809427 -0.00904186 0.0139046 -0.0117717 -0.012677 0.00225281 0.00510481 0.00494547 0.0112186 0.0126145 -0.0020995 -0.00127835 0.0149837 -0.00984674 0.00773337 -0.0029841 0.00813343 -0.000620383 -0.0153168 -0.013401 -0.00552592 -0.00825994 -0.00181422 -0.00892324 0.0141927 -0.011607 0.0200374 0.0185227 0.00773045 -0.000918796 -0.00368515 -0.00562464 -0.0129861 0.00902077 -0.00897041 -0.00697686 -0.0106244 0.0036484 0.0126026 -0.00182251 -0.00273216 0.00341429 0.0179176 -0.00788162 0.00457258 0.0009022 0.0118864 0.000259986 -0.00585481 0.00165125 0.0033701 0.00230263 0.00136751 -0.00394023 0.000361146 -0.00205345 0.0167762 0.0203626 0.00143929 0.0114088 -0.00231429 0.020519 0.0179855 -0.0150739 -0.00658457 0.000275811 -0.00255682 0.00147224 -0.00191358 -0.00507727 -0.0121844 0.0121957 -0.000353742 -0.00296405 0.0070528 -0.00332777 -0.0156516 -0.00913115 -0.00441232 -0.00709066 0.0143373 0.00128256 -0.00765957 -0.00340312 -0.000676559 0.000726413 0.0081848 -0.00233553 -0.00348185 0.00337126 0.0016974 0.00875719 -0.00674154 -0.00140893 0.00217194 -0.0147737 -0.00537305 0.00635929 -0.00796171 -0.0172579 -0.0164378 -0.00757485 -0.00456113 0.00411506 -0.014012 -0.00808868 0.0112033 -0.00203897 0.00332472 0.00162614 -0.000368625 -0.00746185 -0.00512959 -0.00588261 -0.00461104 -0.0119409 0.00558666 0.00154961 -0.00593041 -0.00979054 -0.00456041 -0.00367328 -0.00658972 -0.00465543
internal_weight=213929 128867 85062 105538 42641 75749 68412 42421 23466 23329 29663 25042 29789 18955 16852 33027 8190 27422 2367 14212 35385 17828 13210 7387 18576 2073 1497 1924 12978 9785 1785 16503 6549 5246 12704 12852 7243 5333 2918 4621 1189 12427 10882 1786 432 20323 1545 9954 545 9409 1741 7668 5842 5505 12037 9096 10614 5823 931 974 5192 538 870 337 10278 1552 533 4654 2415 1418 1210 6272 2696 677 4511 3653 459 7337 11452 14051 3194 2212 2315 3681 1640 1022 4965 4118 758 375 1510 6982 727 11292 1798 868 1481 702 6214 361 10310 17557 13870 830 1459 1303 10906 322 209 521 2799 982 897 847 7615 6844 5664 1180 647 771 5017 1845 1013 3172 948 2977
internal_count=213929 128867 85062 105538 42641 75749 68412 42421 23466 23329 29663 25042 29789 18955 16852 33027 8190 27422 2367 14212 35385 17828 13210 7387 18576 2073 1497 1924 12978 9785 1785 16503 6549 5246 12704 12852 7243 5333 2918 4621 1189 12427 10882 1786 432 20323 1545 9954 545 9409 1741 7668 5842 5505 12037 9096 10614 5823 931 974 5192 538 870 337 10278 1552 533 4654 2415 1418 1210 6272 2696 677 4511 3653 459 7337 11452 14051 3194 2212 2315 3681 1640 1022 4965 4118 758 375 1510 6982 727 11292 1798 868 1481 702 6214 361 10310 17557 13870 830 1459 1303 10906 322 209 521 2799 982 897 847 7615 6844 5664 1180 647 771 5017 1845 1013 3172 948 2977
is_linear=0
shrinkage=0.05


Tree=14
num_leaves=127
num_cat=0
split_feature=9 10 10 10 9 9 10 10 9 17 10 9 17 33 10 9 8 8 32 10 1 33 2 25 9 10 0 10 9 0 5 9 9 33 23 17 30 33 32 9 19 0 9 25 17 20 23 9 35 17 8 9 28 20 9 23 18 9 17 9 32 20 23 1 9 11 5 34 17 31 35 0 0 26 9 31 17 9 17 34 8 0 35 17 9 19 9 2 32 30 17 19 29 9 9 17 20 23 29 9 19 33 18 20 29 28 17 17 19 23 31 23 0 23 31 33 0 20 29 20 8 9 9 17 20 9
split_gain=4095.21 1405.72 1058.26 765.448 278.663 224.592 211.176 150.828 158.719 121.619 111.039 109.976 103.394 101.266 89.7679 71.4589 61.3634 55.3063 53.2688 48.3786 47.5962 46.4233 75.2559 46.0263 42.1406 70.6591 40.8774 40.1387 52.1268 39.2293 37.5602 36.249 36.0506 35.6814 35.4835 34.7938 32.5582 31.233 30.6216 30.1332 29.3433 33.2293 28.8254 34.5429 65.0344 59.9066 42.8451 41.3525 32.046 28.2079 27.4831 27.3286 50.9466 33.388 25.7612 32.4534 25.6997 24.0455 23.5471 23.1138 22.6151 22.7988 40.4928 22.5467 22.3324 22.0887 21.925 35.7848 34.2313 35.7496 21.5492 21.203 21.1967 20.4764 20.2734 19.9588 19.3113 19.1644 18.9219 18.2957 18.2144 17.8764 25.6083 17.8027 23.3988 17.7112 19.4094 17.7063 17.444 19.5507 18.3339 17.2364 17.1101 17.3256 16.9581 16.9399 16.6837 17.3348 16.6815 21.2998 20.3567 18.9968 23.5673 21.864 16.2218 16.0072 16.0062 15.2465 15.1177 15.5965 15.1148 15.044 15.0108 14.9981 20.105 14.9821 14.887 14.6955 14.582 17.8717 14.5766 26.5795 25.8227 14.4228 15.8625 14.2844
threshold=6.4755192972116999 1.0000000180025095e-35 2.5000000000000004 3.5000000000000004 7.2400154552834515 6.3150193191043131 2.5000000000000004 3.5000000000000004 7.7225551465088893 6.5000000000000009 1.0000000180025095e-35 6.8130858395866065 42.500000000000007 0.21207393882078701 1.5000000000000002 4.7571303064240302 9.5000000000000018 8.5000000000000018 0.0019181025040299819 1.5000000000000002 3.5000000000000004 -0.04799456329259847 -0.91597561503675329 104.50000000000001 5.5188231444133669 1.5000000000000002 5.5000000000000009 1.5000000000000002 8.0772341169730471 8.5000000000000018 -0.56174490092936669 6.4128760218017353 6.9950075790332313 -0.00040839424215765278 1.9099901229209595 14.500000000000002 1.0000000180025095e-35 6.4720222793136997e-05 0.0053307594616240706 6.5832199049931264 0.19859154929577469 10.500000000000002 9.7097404293550529 103.50000000000001 33.500000000000007 0.96039215686274526 1.5450790037472675 6.9147844479968708 -0.0019051740783042877 9.5000000000000018 7.5000000000000009 5.8593768666142356 1.0000000180025095e-35 0.8239268680445152 4.2705867593757683 0.60552748663054567 1.0000000180025095e-35 5.9443018421422096 8.5000000000000018 5.8767970207890121 0.00025932288836771211 0.77694859038142627 1.5701292088179823 1.5000000000000002 9.8505263167475814 1.5000000000000002 -0.56174490092936669 0.00081104832461029576 4.5000000000000009 -0.0012944967323148162 0.00036459077414743244 8.5000000000000018 13.500000000000002 203.50000000000003 6.141949462450774 0.91043797189931219 38.500000000000007 4.0137166991158617 50.500000000000007 -0.052543456489032948 10.500000000000002 2.5000000000000004 -1.0000000180025095e-35 63.500000000000007 5.2874200653328689 0.16428133306072382 6.8658811164318214 -0.91597561503675329 1.0000000180025095e-35 0.0019150970857712947 31.500000000000004 0.14185110663983905 0.0042167829760919586 7.4292277797806276 5.4993710978636967 29.500000000000004 0.63211600429645554 1.2413082819413674 1.1722617760071621e-09 8.6217987304150636 0.15184453227931491 0.0081810251296714348 1.0000000180025095e-35 0.88284313725490204 2.8682416360007436e-05 0.0012388371734668405 18.500000000000004 52.500000000000007 0.18441295546558709 0.60552748663054567 0.0033356376960648336 0.99117016018682558 6.5000000000000009 1.3289158077045986 8.638454668041054e-05 -6.597837547123277e-05 12.500000000000002 0.64760348583878014 0.057141592569792968 0.85391260162601634 8.5000000000000018 5.3076979500471628 5.7333885664100412 60.500000000000007 0.88185443668993024 3.3981895808892282
decision_type=2 2 2 2 2 2 2 2 2 2 2 2 2 2 2 2 2 2 2 2 2 2 2 2 2 2 2 2 2 2 2 2 2 2 2 2 2 2 2 2 2 2 2 2 2 2 2 2 2 2 2 2 2 2 2 2 2 2 2 2 2 2 2 2 2 2 2 2 2 2 2 2 2 2 2 2 2 2 2 2 2 2 2 2 2 2 2 2 2 2 2 2 2 2 2 2 2 2 2 2 2 2 2 2 2 2 2 2 2 2 2 2 2 2 2 2 2 2 2 2 2 2 2 2 2 2
left_child=1 9 4 5 10 6 24 8 32 104 49 14 16 21 39 36 20 63 34 -13 57 22 -9 83 -3 74 -22 -6 -29 33 -24 73 -4 118 51 -11 79 56 40 -12 41 -20 43 65 45 47 48 85 -46 -2 -50 60 53 -53 -35 94 -31 77 -38 70 61 62 -18 -14 -10 -23 67 -63 -68 -70 96 -25 -36 -7 -26 -61 -66 116 -32 -8 -71 82 -47 84 -19 -45 -87 -82 90 -90 95 -89 93 -83 -56 120 -17 -98 99 100 107 102 106 113 -1 -105 -100 -67 109 -58 -54 125 -88 -104 -115 -60 -5 -34 -28 -120 122 -122 -79 124 -72 -62
right_child=2 3 7 12 27 31 15 13 64 35 11 19 17 -15 -16 59 18 23 38 -21 26 42 30 71 25 -27 29 28 -30 37 78 -33 117 54 72 -37 58 -39 -40 -41 -42 -43 -44 44 46 81 -48 -49 50 -51 -52 52 110 -55 55 -57 108 -59 115 75 111 66 -64 -65 76 98 68 -69 69 80 123 -73 -74 -75 -76 -77 -78 88 -80 -81 87 92 -84 -85 -86 86 112 91 89 -91 -92 -93 -94 -95 -96 -97 97 -99 101 -101 -102 -103 103 105 -106 -107 -108 -109 -110 -111 -112 -113 -114 114 -116 -117 -118 -119 119 -121 121 -123 -124 -125 -126 -127
leaf_value=-0.0251359207540938 -0.0047392866301435074 -0.043974053740844614 -0.00087240073929238443 -0.015759175544023781 0.091978724291332359 -0.011432569515236241 -0.0026369128953542724 0.031170495290521651 0.010300655582762724 0.034036210895188893 0.016861420029293403 0.062230358798469568 0.041405063938835335 0.020345139451703725 0.0023055264052875882 -0.011412368178065973 0.0029655300524910836 0.012616401222513335 0.016142311199493501 0.014046307094392927 -0.013452158612647045 0.0080821281541889525 0.0036118571416332308 0.038949955940254792 -0.055593161509919137 -0.011518301461125873 -0.017697576779365506 0.026154440010103863 0.059997839639287079 -0.0087942711308279919 -0.013394648601343963 -0.00087271741714622713 -0.0086470792536796261 -0.01229340361504146 0.0096402946009831181 0.064599286669507622 -0.018696153547698775 0.0039721701416851225 -0.0013629884080195857 0.047327456769023918 -0.021649322208512747 0.0019803989889100784 0.0052981837139709394 -0.017713107355566388 -0.0011419711883717553 -0.0038773064666916407 6.88467396945322e-05 -0.0099802679808127896 0.0011379471331058693 0.043846957282822854 0.020841317250216398 -0.038333678486160101 -0.0019019228710900591 0.057687180342956536 0.0064964950720251997 -0.0018182314315118881 0.0011849993799451454 -0.010580610844149539 -0.016739539502690019 -0.0037263778984239523 0.0051887266136632984 0.0042935215048571411 -0.022444150620786966 -0.0027521202539427889 0.020328635830197488 -0.0089895937482787729 0.002823593755872589 -0.004875895363784956 0.006602188777148763 -0.010950579159612778 -0.010263351881418414 -0.010340357175745723 -0.0056830576209207151 -0.0018250908570497067 -0.031313817965052691 0.0094578165183769984 0.036086471821954395 0.0032648821534227985 0.0062144080859134754 -0.018919549085044517 0.052631455640336833 0.0017722739183874308 0.010798335876665822 0.048946657763123812 -0.0026064488740461934 0.0075588719654536259 0.011357677702867289 -0.0066438030414541207 -0.0061862964291873115 0.0012112446366184554 0.041290840783780772 -0.014120387365381329 -0.0021695712581399919 0.0091007984933565572 0.031284643679637923 -0.013546195592161584 -0.0078689835839414503 -0.0012602032854912544 0.00041252477044554449 0.0027241032030266006 -0.00017859526853696505 -0.035090707667554157 -0.0018244774541299556 0.066397735598292429 0.0058193379255050224 -0.0098221616835750952 -0.0063257497109902071 0.00045747058678060687 0.02063296729141843 -0.021399430397619979 0.023186630099343658 0.023206711404735195 -0.0016364044285496556 0.0039101571981861837 0.030320195565293626 -0.0025728265178675824 0.0002744261456496547 0.0037690265267556634 -0.0083597283970225141 -1.7002967612871102e-05 -0.0015161557080840382 0.037440852527247416 -0.0099829823875841987 0.061768707028029723 -0.010311663779376855 -0.0021212565122416915
leaf_weight=2205 2070 10937 6559 496 3193 3727 348 149 8161 9089 3907 5794 97 379 4147 711 1413 271 593 4043 1910 128 372 758 7010 10097 291 5762 4023 2086 1445 4068 206 300 750 6629 2913 222 595 7151 115 481 2122 141 230 95 911 1574 188 2551 716 51 1268 381 300 469 302 858 1426 5607 325 756 224 777 1387 2201 609 971 265 1386 1683 44 118 2286 5204 58 928 1626 107 6742 77 327 317 104 420 141 55 1579 676 1067 87 705 413 128 281 219 8730 869 1280 331 772 159 969 191 5406 46 1963 222 103 245 218 129 390 364 129 1275 351 6225 221 656 119 185 130 27 2031 1109
leaf_count=2205 2070 10937 6559 496 3193 3727 348 149 8161 9089 3907 5794 97 379 4147 711 1413 271 593 4043 1910 128 372 758 7010 10097 291 5762 4023 2086 1445 4068 206 300 750 6629 2913 222 595 7151 115 481 2122 141 230 95 911 1574 188 2551 716 51 1268 381 300 469 302 858 1426 5607 325 756 224 777 1387 2201 609 971 265 1386 1683 44 118 2286 5204 58 928 1626 107 6742 77 327 317 104 420 141 55 1579 676 1067 87 705 413 128 281 219 8730 869 1280 331 772 159 969 191 5406 46 1963 222 103 245 218 129 390 364 129 1275 351 6225 221 656 119 185 130 27 2031 1109
internal_value=-0.000744166 -0.00636451 0.00777041 -0.00881967 0.0133325 -0.0114899 -0.0125566 0.00217856 0.0048577 0.0047419 0.0106557 0.0119697 -0.00202902 -0.00113858 0.00929898 -0.00968234 -0.00291531 0.00775545 -0.000623451 0.016091 -0.00536539 -0.00166353 -0.00870669 0.0132756 -0.0153574 -0.0141019 -0.00802801 0.0194443 0.0178332 -0.00582193 -0.0113738 -0.00453822 0.00116391 -0.00123068 -0.00179228 0.00725339 -0.0126084 -0.00972157 0.00743991 0.011651 0.0120582 0.0146293 -0.000776441 -0.00157949 0.00147665 -0.00258575 0.00857927 -0.00740351 0.0150439 0.00352951 0.0192629 -0.00253116 0.00290952 0.0179176 0.00429889 0.00798578 -0.0111857 -0.00197886 -0.0097464 -0.00779423 -0.00362504 -0.00470119 0.00055877 -0.00234926 0.00943517 -0.00354309 -0.00605698 -0.00124567 -0.00785182 -0.00952701 -0.00888215 0.0216915 0.00792669 -0.00700274 -0.0166638 -0.00509039 0.0137769 -0.000636968 -0.0147848 -0.0148661 -0.0107829 0.00607004 0.0145803 0.00470313 0.00172773 0.00244877 0.00628596 -0.00808221 0.000777225 -0.00301344 0.00357022 -0.00888598 0.00197022 0.00861413 0.0158319 0.0026806 -0.0076951 -0.00714051 -0.00385281 -0.00649533 -0.00774609 -0.00202164 -0.00146452 0.00329959 -0.0004461 0.0172211 -0.00396167 -0.00999485 -0.00248092 -0.00581069 -0.00149899 0.00187022 0.00108333 0.000991821 0.00804719 -0.00636456 -0.00746185 0.00382264 -0.00761296 -0.00434524 0.00409201 0.01411 0.00232254 -0.0121389 -0.0124133 0.000371787
internal_weight=213929 128867 85062 105538 42641 75749 65668 42421 23466 23329 29663 25042 29789 18955 15205 32420 27318 2471 14118 9837 13200 18576 2073 1597 33248 22311 7386 12978 9785 5476 1924 10081 12990 2518 12334 15718 12704 2958 1784 11058 1189 1074 16503 14381 5626 3581 2045 2301 1134 4621 904 11466 1918 432 1350 1050 2736 5814 5614 19716 9548 7985 1637 874 10476 8755 6348 1727 4621 4012 14051 802 868 6013 12214 5665 2315 4956 1552 7090 3747 1280 412 795 691 727 586 2361 4109 1743 2366 2284 868 455 581 2279 10310 9599 8627 3526 3195 5101 4942 1699 7611 237 3243 2423 650 547 1486 1563 445 1462 493 2701 847 6431 1168 877 2060 304 1756 3741 3714 1434
internal_count=213929 128867 85062 105538 42641 75749 65668 42421 23466 23329 29663 25042 29789 18955 15205 32420 27318 2471 14118 9837 13200 18576 2073 1597 33248 22311 7386 12978 9785 5476 1924 10081 12990 2518 12334 15718 12704 2958 1784 11058 1189 1074 16503 14381 5626 3581 2045 2301 1134 4621 904 11466 1918 432 1350 1050 2736 5814 5614 19716 9548 7985 1637 874 10476 8755 6348 1727 4621 4012 14051 802 868 6013 12214 5665 2315 4956 1552 7090 3747 1280 412 795 691 727 586 2361 4109 1743 2366 2284 868 455 581 2279 10310 9599 8627 3526 3195 5101 4942 1699 7611 237 3243 2423 650 547 1486 1563 445 1462 493 2701 847 6431 1168 877 2060 304 1756 3741 3714 1434
is_linear=0
shrinkage=0.05


Tree=15
num_leaves=127
num_cat=0
split_feature=9 10 10 10 9 9 10 10 9 17 33 17 10 9 10 9 9 17 31 34 33 2 10 9 9 9 10 9 10 9 5 17 9 31 17 34 4 20 34 9 17 23 17 33 9 23 16 25 2 17 17 1 28 23 34 9 16 9 9 31 29 17 17 24 2 9 28 10 9 35 31 17 31 17 0 0 26 28 24 20 24 0 33 9 9 17 31 2 23 32 34 0 17 32 24 20 32 28 34 17 20 1 24 9 20 24 9 23 24 34 20 34 4 25 29 31 16 24 35 20 16 17 31 16 34 17
split_gain=3803.32 1315.62 959.257 729.857 283.334 184.243 202.587 132.734 148.411 110.514 95.7368 93.8108 93.7092 108.393 95.1464 68.7419 51.4637 54.6287 47.4509 55.3488 43.7157 73.7505 42.0665 54.7272 41.8845 41.61 65.2982 37.4748 36.9534 34.8481 34.2039 32.3918 31.6962 30.0973 28.4432 40.2594 31.7864 28.4441 61.2754 34.1287 27.7046 27.8461 27.1983 27.0267 26.9712 25.5492 31.8252 38.2791 29.5565 35.1408 23.1534 30.2444 35.2132 32.0837 26.2256 23.003 22.6413 22.5264 22.1075 21.6351 21.3534 24.8095 22.528 25.1736 24.9288 23.8274 22.0286 20.6052 22.174 20.5838 20.4069 20.2148 19.6375 19.5782 19.1219 18.751 18.6421 18.4636 19.502 18.1933 17.8079 28.6994 29.0036 25.5311 31.3623 17.7936 17.7713 17.7557 17.2944 25.8968 28.6033 24.0196 23.5143 22.297 20.2093 17.0414 16.55 16.3334 16.2425 23.5195 16.6376 27.4586 31.2799 38.4876 25.0525 20.8315 17.3885 16.1512 16.0594 16.0365 15.7797 15.6646 15.651 15.4732 15.3929 15.253 15.1498 15.0287 14.6612 14.4686 16.2177 20.2523 14.9326 14.4413 14.3024 15.3386
threshold=6.4654310501188679 1.0000000180025095e-35 2.5000000000000004 3.5000000000000004 7.2400154552834515 6.3150193191043131 2.5000000000000004 3.5000000000000004 7.7225551465088893 6.5000000000000009 0.21207393882078701 42.500000000000007 1.0000000180025095e-35 6.8658811164318214 1.5000000000000002 4.7571303064240302 3.9225284647455312 58.500000000000007 8.638454668041054e-05 0.30037857268418311 -0.04799456329259847 -0.91597561503675329 1.5000000000000002 8.0772341169730471 2.4702248768463457 5.8030188361267063 1.5000000000000002 6.5936803181797652 1.5000000000000002 6.9045826620563453 -0.56174490092936669 14.500000000000002 2.7910059376074821 -0.0047661258656109011 51.500000000000007 0.093396448662888834 -0.8783796973249266 0.73942823108993461 -0.00042895225236539363 9.7097404293550529 21.500000000000004 2.250814583693912 15.500000000000002 2.8595124546637045e-05 6.4128760218017353 1.688667420670994 1.0000000180025095e-35 14.500000000000002 0.78656609248549325 22.500000000000004 45.500000000000007 4.5000000000000009 0.00032226356159491899 1.5217843656153405 1.0000000180025095e-35 9.8505263167475814 2.5000000000000004 2.3178755229034191 5.8767970207890121 0.0013146568185098059 1.3145034318917186e-05 23.500000000000004 22.500000000000004 1003.5000000000001 0.98296291314453421 5.6104537729074311 0.0038010047351251602 1.5000000000000002 5.0118909161106506 0.00036459077414743244 -4.8428269452077614e-06 44.500000000000007 0.91043797189931219 1.5000000000000002 4.5000000000000009 20.500000000000004 203.50000000000003 0.0048831831776734403 1011.5000000000001 0.87585616438356173 511.50000000000006 2.5000000000000004 3.7824677578215682e-06 7.4292277797806276 6.9263963066122605 38.500000000000007 -8.1188740272796685e-05 0.60355339059327384 1.573909939779113 0.0019181025040299819 -0.0071024695482926831 8.5000000000000018 8.5000000000000018 0.0026805443743723278 212.50000000000003 0.63211600429645554 -0.026044165236063632 0.00074431825052443106 8.2518377297539884e-07 6.5000000000000009 0.88657804459691258 4.5000000000000009 201.50000000000003 5.2493401976304712 0.77694859038142627 219.50000000000003 5.2672410983869105 1.2413082819413674 304.50000000000006 0.0010849063868341243 0.97700845665961955 0.0011287171203224278 -0.8783796973249266 32.500000000000007 2.8682416360007436e-05 -0.0017052925638774469 8.5000000000000018 305.50000000000006 -1.0000000180025095e-35 0.64760348583878014 3.5000000000000004 24.500000000000004 6.771232627102346e-08 6.5000000000000009 0.035494109994262522 31.500000000000004
decision_type=2 2 2 2 2 2 2 2 2 2 2 2 2 2 2 2 2 2 2 2 2 2 2 2 2 2 2 2 2 2 2 2 2 2 2 2 2 2 2 2 2 2 2 2 2 2 2 2 2 2 2 2 2 2 2 2 2 2 2 2 2 2 2 2 2 2 2 2 2 2 2 2 2 2 2 2 2 2 2 2 2 2 2 2 2 2 2 2 2 2 2 2 2 2 2 2 2 2 2 2 2 2 2 2 2 2 2 2 2 2 2 2 2 2 2 2 2 2 2 2 2 2 2 2 2 2
left_child=1 9 4 5 12 6 25 8 29 114 20 18 42 14 27 43 24 71 33 32 21 -9 -6 -24 -13 67 -27 -14 -15 -4 -23 -11 -20 -5 37 36 59 38 -22 40 80 50 -2 123 76 46 47 70 57 117 51 -42 116 -54 -52 -10 -32 -49 69 -36 62 66 64 65 98 -64 -62 -3 -69 95 -35 110 96 -59 -67 88 -7 78 115 -47 87 82 -82 84 86 -57 -83 118 89 90 91 -34 -93 -91 -94 -17 -60 -89 100 -100 104 102 103 -102 -48 112 -104 -97 -41 -19 -18 -92 -106 -77 -1 -75 -53 -50 -39 122 -121 -122 -31 -8 125 -113
right_child=2 3 7 11 22 44 15 10 55 31 -12 16 13 28 -16 58 17 109 19 -21 34 30 23 -25 -26 26 -28 -29 -30 119 56 -33 75 45 35 -37 -38 39 -40 108 41 -43 -44 -45 -46 79 60 48 49 -51 54 52 53 -55 -56 85 -58 73 72 -61 61 -63 63 -65 -66 74 -68 68 -70 -71 -72 -73 -74 77 -76 113 -78 -79 -80 -81 81 83 -84 -85 -86 -87 -88 97 -90 93 111 92 94 -95 -96 107 -98 -99 99 -101 101 -103 106 -105 105 -107 -108 -109 -110 -111 -112 124 -114 -115 -116 -117 -118 -119 -120 120 121 -123 -124 -125 -126 -127
leaf_value=-0.023879124716389113 0.0043808811781648411 -0.085142517721780164 -0.0012043586688024815 -0.0092457133994940412 0.087379788076765733 -0.01086094103947443 -0.017359498838423727 0.029611970525995568 0.0097856228036245878 0.032334400350429442 0.019235872297985589 -0.0005925476152476933 0.015194362370337453 0.060292501749336994 0.0023346265142775982 -0.010841749769162676 0.01606106967132212 0.004905758524216969 -0.0204831753665526 -0.013255917362008136 0.018767025865367548 0.0034312642845515692 0.024846718009598673 0.056997947657322724 0.044463043228752414 -0.038262659419718403 -0.0087321500966526661 0.047512223795879459 0.014862880023425576 -0.012826916529615193 -0.013052103544288774 0.061369322336032241 0.017634736049303996 -0.00090658690080076755 0.017126711699743176 0.028224957990318031 -0.00020820854628986521 -0.00011166395218476541 -0.0017384368160480179 0.010297825144649893 -0.0002049755957809523 0.011851232698855553 0.055002270427434566 -0.011074569892181424 -0.00098678600343869672 -0.012093077054634646 0.0020443291209203715 0.017865977211699871 -0.0093108468116474326 0.02124438913513051 -0.012611402248383786 -0.016801987878204642 -0.0036637393816909614 0.011228679218632626 0.00012038649584866362 0.019312204038687612 -0.0060528163907225966 0.0026555582377025331 0.0037165240005074015 -0.003703337930659269 -0.0084343669299248997 0.0056494409433553534 0.030241591198557169 -0.031618945198487659 0.034085815276868749 -0.015594604882025263 0.0015293971207704605 -0.048097708854766018 -0.021399608104256215 -0.0096446999955446915 0.085335227494875016 -0.0041230460864202581 0.0089849256924581494 0.02320890189280362 0.00062336240704253837 -0.00053887757530282773 -0.0017338363141972211 -0.001099847836454304 0.00060119761822171778 0.050738592101357671 0.01037446788258068 -0.017208354238473812 -0.0027398251645168186 0.0081368624285539128 -0.0044199815995290426 0.034282148230856672 0.0041314869321577895 -0.00037399309328125672 0.0064730599952826763 0.013774666392744489 -0.0122379451926853 -0.024176654242796337 -0.0025448194603842193 0.0012443730590664889 0.0070154600768416175 -0.0074755344047443776 -0.0039330714230169789 0.047818756700892501 -0.0007509327366121755 0.0077316157277846093 0.0057526536151681282 -0.0029256404497987588 0.0021690147713456071 -0.047403213249932429 0.049096413501720615 -0.006844906467063764 0.023445136701104121 -0.0011971931212166919 -0.00011084939645195913 0.026040831950660127 -0.048647777555778704 -1.1997552093848192e-05 -0.0037104468036191851 0.025345626925913602 0.0055283710292297703 -0.0088777399583668103 0.012420008362729953 -0.00094077517794041948 -0.010575237819835277 0.0020612379838026613 0.0095391137138547029 0.0042344919124598628 0.017512441630336259 0.00054187077012790162 -0.012637493153602509 -0.021386487174918322
leaf_weight=2205 3156 3159 5782 317 3193 3727 10711 149 8161 9089 383 161 4680 4672 4892 711 209 297 333 437 270 372 5762 4023 481 10403 6569 7874 3447 176 1089 6629 552 65 327 202 2074 409 483 711 2608 99 1465 1798 3360 777 1144 57 271 122 817 1780 678 105 295 1387 474 276 167 156 2287 616 135 318 305 178 352 5136 7981 3741 134 1013 58 47 418 232 2286 499 264 29 287 84 138 455 1096 928 832 967 1168 277 1012 148 364 1743 308 8730 5440 90 473 388 210 194 281 195 81 1143 352 869 785 254 39 2139 77 451 5406 3854 26 1842 769 5655 375 1122 65 195 247 168
leaf_count=2205 3156 3159 5782 317 3193 3727 10711 149 8161 9089 383 161 4680 4672 4892 711 209 297 333 437 270 372 5762 4023 481 10403 6569 7874 3447 176 1089 6629 552 65 327 202 2074 409 483 711 2608 99 1465 1798 3360 777 1144 57 271 122 817 1780 678 105 295 1387 474 276 167 156 2287 616 135 318 305 178 352 5136 7981 3741 134 1013 58 47 418 232 2286 499 264 29 287 84 138 455 1096 928 832 967 1168 277 1012 148 364 1743 308 8730 5440 90 473 388 210 194 281 195 81 1143 352 869 785 254 39 2139 77 451 5406 3854 26 1842 769 5655 375 1122 65 195 247 168
internal_value=-0.000761695 -0.00621845 0.00738305 -0.00860935 0.0126378 -0.0112361 -0.0121721 0.00206552 0.00456554 0.00451905 -0.00104523 -0.00197939 0.00997864 0.011163 0.00893731 -0.00935698 0.00737495 0.00304348 -0.00282206 1.27823e-05 -0.00155686 -0.00837243 0.0188165 0.0171693 0.0194822 -0.0149153 -0.0131719 0.0112417 0.015937 0.00103282 -0.0109987 0.00691312 0.00084782 -0.00435573 -0.000696005 0.00393361 0.00221214 -0.00162376 0.00779354 -0.00217072 -0.0030925 -0.00528302 0.00342142 -0.0122268 -0.00467504 -0.00407384 -0.00364862 -0.0060782 -0.0066768 -0.00189174 -0.00570201 -0.00429306 -0.00811584 0.000739214 -0.0122381 0.00900582 -0.0142331 -0.00881297 -0.0075052 0.0136936 -0.00167258 -0.00491948 0.000123792 -0.00650142 0.00156405 -0.0013553 -0.00702629 -0.0167287 -0.0158385 -0.00856912 0.0153064 -0.0027034 -0.00486111 -0.00918099 -0.00567388 0.00142359 -0.00667871 -0.00994645 -0.0110342 -0.0127435 -0.000352201 0.0022368 0.014157 0.000158779 -0.00226574 0.0134106 0.0045494 -0.00369978 0.000752061 -0.000194599 -0.00214546 0.00397967 -0.00145454 0.0045679 0.00255539 -0.00740911 -0.00516883 0.00100518 0.000626239 0.00678695 -0.000823601 0.00390461 0.00713806 -0.00368902 -0.00320918 -0.00794219 0.01404 -0.00684897 0.00492339 0.0161016 0.00996047 -0.00450434 0.00886503 0.00934956 -0.000426404 -0.0119233 -0.0119464 -0.0034195 -0.00790786 0.00330596 0.00371385 0.00833389 -0.00862805 -0.0131642 -0.00240914 -0.00117106
internal_weight=213929 128104 85825 104775 43164 75041 65668 42661 23651 23329 19010 29734 30186 25565 17446 32420 2454 1812 27280 9579 18627 2084 12978 9785 642 33248 16972 12554 8119 13175 1935 15718 9142 17701 16543 2759 2557 13784 753 13031 11535 6408 4621 12704 9373 17384 16578 7431 7232 2235 6309 5197 2589 783 1112 10476 1563 4997 19716 483 9147 3255 5892 1049 4843 731 2639 16276 13117 14051 199 1261 5665 4940 596 8809 6013 4664 4165 806 5127 2892 425 2467 2012 2315 916 2235 8126 6958 4938 1372 820 2020 672 10310 5607 1057 4538 861 3677 1232 1038 405 2445 1301 633 9599 1496 551 248 3566 158 683 7611 3901 1806 2113 1178 7393 7152 1497 241 10906 2554 2307
internal_count=213929 128104 85825 104775 43164 75041 65668 42661 23651 23329 19010 29734 30186 25565 17446 32420 2454 1812 27280 9579 18627 2084 12978 9785 642 33248 16972 12554 8119 13175 1935 15718 9142 17701 16543 2759 2557 13784 753 13031 11535 6408 4621 12704 9373 17384 16578 7431 7232 2235 6309 5197 2589 783 1112 10476 1563 4997 19716 483 9147 3255 5892 1049 4843 731 2639 16276 13117 14051 199 1261 5665 4940 596 8809 6013 4664 4165 806 5127 2892 425 2467 2012 2315 916 2235 8126 6958 4938 1372 820 2020 672 10310 5607 1057 4538 861 3677 1232 1038 405 2445 1301 633 9599 1496 551 248 3566 158 683 7611 3901 1806 2113 1178 7393 7152 1497 241 10906 2554 2307
is_linear=0
shrinkage=0.05


Tree=16
num_leaves=127
num_cat=0
split_feature=9 10 10 10 9 9 10 10 9 17 17 10 9 10 17 34 9 9 8 17 17 10 34 32 10 9 15 4 32 29 4 0 9 10 10 9 17 4 9 17 25 17 34 8 0 20 17 32 9 19 28 29 20 34 9 3 9 8 4 9 35 17 17 31 32 19 17 24 32 0 29 9 29 9 31 2 24 29 25 9 24 35 32 9 24 34 17 31 9 7 0 29 17 7 29 35 2 8 17 32 31 10 4 9 3 34 9 35 32 9 24 8 3 20 20 20 9 24 8 4 34 32 24 3 29 19
split_gain=3511.17 1197.63 894.052 653.594 261.181 230.32 190.489 125.327 126.12 100.858 96.8107 89.5684 88.3086 81.339 80.1621 79.8071 68.1077 60.9252 58.3711 55.437 57.5791 54.257 49.8933 44.3331 44.1757 56.8717 44.0214 52.7866 42.4079 48.5208 40.5041 37.8325 34.6769 32.2755 30.3188 32.5385 29.6554 29.4575 28.6127 27.9057 28.5101 25.9559 41.0625 29.9029 37.7327 25.9839 25.7501 25.4677 24.6207 24.5471 31.3718 24.2051 22.6476 23.3349 22.5472 22.2184 21.9063 21.6521 23.4026 21.4125 25.1257 21.1902 26.1088 38.5692 38.4241 20.7851 43.2069 22.9363 21.8153 20.0882 19.9747 19.6689 19.4624 19.385 19.2203 19.0707 19.2561 33.6033 38.6702 24.0229 23.0738 21.9454 21.2188 18.9432 18.3467 18.2622 27.9523 17.7298 17.7147 17.6889 17.6851 17.6592 17.5041 17.5036 17.4428 17.423 17.0297 17.0227 16.9766 16.9681 16.5461 16.4434 16.2468 16.2333 20.4883 18.6699 34.6241 17.0628 19.9211 16.1086 29.716 16.0427 16.0293 19.905 20.6241 15.322 15.0207 14.9871 15.5609 14.7483 14.5796 15.1761 14.4339 14.4236 15.1324 14.3321
threshold=6.486081953615229 1.0000000180025095e-35 2.5000000000000004 3.5000000000000004 7.2400154552834515 6.3583354666067455 2.5000000000000004 3.5000000000000004 7.7225551465088893 6.5000000000000009 43.500000000000007 1.0000000180025095e-35 6.8930861258593401 1.5000000000000002 51.500000000000007 0.055705194755335079 4.7800036004768485 5.9290548116647663 9.5000000000000018 46.500000000000007 63.500000000000007 1.5000000000000002 -0.068720684367180679 0.0019181025040299819 1.5000000000000002 8.0772341169730471 1.0000000180025095e-35 1.0000000180025095e-35 0.023329538292656962 0.034994070090824413 0.87837969732492682 5.5000000000000009 9.7097404293550529 1.5000000000000002 1.5000000000000002 5.0118909161106506 14.500000000000002 -0.8783796973249266 7.0164023594358147 6.5000000000000009 32.500000000000007 44.500000000000007 1.0000000180025095e-35 10.500000000000002 2.5000000000000004 0.80140845070422551 7.5000000000000009 0.025487999294063327 6.6249068028136326 0.22611077297626295 -1.0000000180025095e-35 0.019984273163861244 0.97530487804878063 -0.0044298978848107693 9.8505263167475814 -0.9159756150367534 5.8767970207890121 10.500000000000002 -0.8783796973249266 5.88081894560323 0.0019044199697581937 38.500000000000007 18.500000000000004 -1.0000000180025095e-35 -1.0000000180025095e-35 0.10923295454545455 21.500000000000004 1010.5000000000001 -0.00010007544193023364 7.5000000000000009 1.3145034318917186e-05 4.7571303064240302 0.024375461339799159 5.2493401976304712 0.91043797189931219 0.91597561503675362 311.50000000000006 0.0044145985488919914 33.500000000000007 3.3981895808892282 217.50000000000003 -1.9227188786388128e-05 1.6594204799147134e-05 6.1999103545603491 311.50000000000006 1.0000000180025095e-35 12.500000000000002 0.0013146568185098059 6.4325338084325496 1.0000000180025095e-35 18.500000000000004 0.00067723108969148388 4.5000000000000009 1.0000000180025095e-35 0.24630067179242718 0.00036459077414743244 1.0000000180025095e-35 4.5000000000000009 38.500000000000007 0.00025123921691162467 0.0089703815640779904 1.5000000000000002 1.0000000180025095e-35 4.6762700054057946 -0.70710678118654757 1.3180912901764177e-05 5.6746050845394267 -0.0059050985347872302 -0.0059923676551528098 7.2400154552834515 1006.5000000000001 6.5000000000000009 -0.60355339059327384 0.89927536231884064 0.93700396825396837 0.63211600429645554 7.802215811756688 304.50000000000006 8.5000000000000018 -1.0000000180025095e-35 -0.0010129468588593264 2.1609077551853444e-07 1015.5000000000001 0.91597561503675351 0.104567759348413 0.14185110663983905
decision_type=2 2 2 2 2 2 2 2 2 2 2 2 2 2 2 2 2 2 2 2 2 2 2 2 2 2 2 2 2 2 2 2 2 2 2 2 2 2 2 2 2 2 2 2 2 2 2 2 2 2 2 2 2 2 2 2 2 2 2 2 2 2 2 2 2 2 2 2 2 2 2 2 2 2 2 2 2 2 2 2 2 2 2 2 2 2 2 2 2 2 2 2 2 2 2 2 2 2 2 2 2 2 2 2 2 2 2 2 2 2 2 2 2 2 2 2 2 2 2 2 2 2 2 2 2 2
left_child=1 9 4 5 11 6 17 8 38 89 18 46 13 48 22 37 85 34 26 72 102 83 -9 49 -6 -26 27 31 32 -30 -28 -5 41 -14 -3 -36 93 87 -4 -25 -41 43 -43 61 -45 -44 -2 -31 -13 50 -20 55 65 -54 -10 -42 95 84 -59 60 70 62 64 -64 109 66 -33 68 -67 73 -29 -69 97 -55 -58 76 77 78 80 81 -52 125 -82 -19 -51 94 -87 -16 -7 -1 122 -72 -77 -11 -8 115 -65 -12 111 112 -17 -90 119 120 105 -105 -107 108 -106 -24 -111 -56 113 -46 -115 -18 123 118 -34 -21 -81 -122 -63 124 -49 -78
right_child=2 3 7 10 24 88 16 14 54 36 19 12 33 -15 15 100 56 21 23 20 -22 -23 28 39 25 -27 30 59 29 47 -32 52 117 -35 35 -37 -38 -39 -40 40 51 42 45 44 99 -47 -48 116 -50 57 75 -53 53 69 98 -57 74 58 -60 -61 -62 90 63 96 -66 67 -68 71 -70 -71 91 -73 -74 -75 -76 92 79 -79 -80 103 82 -83 -84 -85 -86 86 -88 -89 101 -91 -92 -93 -94 -95 -96 -97 -98 -99 -100 -101 -102 -103 -104 104 107 106 -108 -109 -110 110 -112 -113 -114 114 -116 -117 -118 -119 -120 -121 121 -123 -124 -125 -126 -127
leaf_value=0.010141700225618843 -0.013479470699648147 -0.071434047140220516 -0.00070421922489382368 -0.011429167294737811 0.083010798672927447 -0.0039013042675099504 -0.01723198032095281 -0.010336642581609134 0.0092963416634433589 0.040448239716908203 -0.029155242252897784 0.019509753099659369 0.057557606322516386 0.0027192545395642474 0.012629383851784687 0.024198991453518552 -0.010215472723983239 -0.039530122515018279 0.0067016878160474653 -0.00039194461857448149 0.014931279459327984 -0.0068415905707266706 -0.016736497813112306 -0.0083556039492454961 0.023604382109118738 0.054148050274456599 0.021783707744107171 0.0029246031776683241 0.018739308154231454 0.025986443448651898 -0.040058054516726851 -0.0020730425213676415 0.01443445627484612 0.014897569354438473 -0.045692823412027711 -0.018778829563984648 0.058300856219230625 -0.00018473994473582994 0.0031622179860645106 -0.0019361279821973388 -0.00029555636936693665 -0.012075949375343968 0.010595048661959943 0.0077343073366933279 0.0076833683290486636 -0.0041770332277132781 0.03609959065335528 -0.0027203477017295873 0.048529200054903299 0.0069048327072551152 0.0051470521027573921 0.00030781547175393265 0.00015418796094022336 -0.017780976514846079 0.032242184857912415 0.016735365461590674 -0.003186296156040035 0.023994123148959705 0.00036733157851532726 -0.013627887563860359 0.0091182190610056418 0.0010948920373446802 3.2709224925014264e-05 -0.02498008499062223 0.00040789225002843787 -0.0093866384412887097 0.065510701073063365 -0.0018375138230002073 -0.0028132253021653786 -0.0091465388181790723 -0.0099337790410270188 0.0070157860183605002 -0.00041026762968479624 0.0040055943686153695 0.0085356794078352404 0.003942693984233964 0.017488809334577016 -0.0083310516537976349 0.031134083132213469 0.0027712382874251137 -0.026140966506177473 -0.0041130758626305467 0.00088308051615152827 -0.021725015228082845 -0.0027739998241147704 -0.015466617251610117 -0.0075748509301054763 2.924525088116273e-05 0.0034043324479837061 -0.019996423550523893 -0.00090388826000431738 -0.00073052535713274134 -0.010335523943504885 0.014079674512939816 -0.0018507152981738163 -0.008990188651207676 -0.0086783344635606285 0.043821622809973974 0.032568040819313845 -0.024035607604408999 -0.0048149079846383407 -0.0033159846210154675 -0.0089286004756308664 -0.0085077545722454431 -0.0020379449204175593 0.0035640624259558407 -0.0036157651648537573 -0.00039741269402804769 0.016882111062073112 -0.0057320610176747767 0.016383756942358173 0.012216821275678497 -0.0014299265145681591 -0.01337413669935677 0.0084405156922933294 -0.0067511977747305501 -0.0034865537450726237 -0.00022772691619469114 0.0045594782301501607 0.034482723828932457 -0.012128476839454061 -0.0043414865711578375 0.0087462035933855969 0.013143031517654741 0.010872033363737686 0.00098239425894543881
leaf_weight=4315 1561 4605 6561 2388 3193 4560 7182 932 8161 5635 24 5060 4189 4885 320 619 701 5315 100 947 433 5430 433 226 5762 4023 194 1516 239 110 63 915 191 3173 5136 9680 6629 2080 6251 254 144 881 184 282 380 303 3060 338 7245 307 806 437 507 304 386 724 6214 354 323 456 728 305 1010 878 2777 780 266 340 1279 1708 514 322 95 223 58 162 261 678 380 269 279 775 209 5219 561 3823 1545 167 1991 3296 182 727 1263 3454 361 3676 1565 536 928 243 29 1454 300 888 104 391 537 1510 222 369 82 1001 1383 175 160 9467 364 797 531 81 949 955 196 69 292 164
leaf_count=4315 1561 4605 6561 2388 3193 4560 7182 932 8161 5635 24 5060 4189 4885 320 619 701 5315 100 947 433 5430 433 226 5762 4023 194 1516 239 110 63 915 191 3173 5136 9680 6629 2080 6251 254 144 881 184 282 380 303 3060 338 7245 307 806 437 507 304 386 724 6214 354 323 456 728 305 1010 878 2777 780 266 340 1279 1708 514 322 95 223 58 162 261 678 380 269 279 775 209 5219 561 3823 1545 167 1991 3296 182 727 1263 3454 361 3676 1565 536 928 243 29 1454 300 888 104 391 537 1510 222 369 82 1001 1383 175 160 9467 364 797 531 81 949 955 196 69 292 164
internal_value=-0.000781093 -0.00594689 0.00716152 -0.00819838 0.0123103 -0.0106498 -0.0115888 0.00201226 0.00446572 0.0043112 -0.00192768 0.00968221 0.0108841 0.00891684 -0.00101664 0.00616848 -0.00885528 -0.0141385 -0.00277224 0.00765799 0.00301671 -0.0118411 -0.00249409 -0.000549272 0.0182119 0.0165258 -0.00516245 -0.00557039 -0.00178127 0.00644319 0.0151431 -0.00767622 -0.00265606 0.0154683 -0.0160235 -0.0149086 0.0065983 0.00219382 0.00113755 0.00680866 0.00918958 -0.00357246 -0.0100364 -0.00271942 0.00189593 0.00161077 0.00329172 0.0022135 0.0110835 -0.00160677 -0.00244293 0.012166 -0.00572868 -0.00920823 0.00853354 0.0169759 -0.00703295 0.00428226 0.0109494 -0.000740623 0.000598138 -0.0042723 -0.00508007 -0.00819621 -0.0021338 -0.00327489 0.00225759 -0.0056759 -0.00827398 -0.0114007 -0.00158671 0.0024063 0.0200189 -0.00283365 -0.00457543 -0.00270612 -0.00188473 0.002028 0.00582787 -0.00319523 0.00168206 0.00323652 -0.00685598 -0.0139354 -0.000950744 -0.0116907 -0.00944165 0.0131961 -0.00262328 -0.000413274 0.00411701 -0.00627809 -0.00808566 0.00473911 -0.013284 -0.00814427 -0.011588 0.0235398 0.0128933 -0.000201406 0.0217764 8.33339e-05 -0.00216054 -0.00452187 -0.00248017 -0.00623833 -0.00126474 0.00124389 0.0115257 -0.0111811 -0.00449013 0.00933369 0.00125773 0.00730903 -0.00158088 -0.00707068 -0.000203651 0.0044439 0.00963549 0.000842208 -0.00793962 -0.00947616 0.00894763 0.00408026 0.00161417 0.0122965
internal_weight=213929 129624 84305 106295 42151 76417 68412 42154 23288 23329 29878 29173 24552 17190 18866 3215 33027 35385 27462 2416 1761 15964 15651 14232 12978 9785 13230 12973 14719 1412 257 9032 13307 7362 19421 14816 15718 2567 12812 1785 1559 11788 1368 10420 2623 487 4621 1173 12305 12447 10902 1305 6644 2742 10476 868 20116 1545 677 3941 3485 7797 7114 3453 3661 3902 1181 2721 2059 2235 2757 662 655 527 6272 10802 9377 2352 1674 7025 1294 1200 488 10534 868 12911 5368 487 8005 7611 683 1241 1425 9089 7543 13844 2443 560 2315 2341 648 3445 1328 5825 3652 1816 928 1836 326 884 451 1387 2098 715 335 10168 1063 1519 722 1028 2173 1904 501 699 630 425
internal_count=213929 129624 84305 106295 42151 76417 68412 42154 23288 23329 29878 29173 24552 17190 18866 3215 33027 35385 27462 2416 1761 15964 15651 14232 12978 9785 13230 12973 14719 1412 257 9032 13307 7362 19421 14816 15718 2567 12812 1785 1559 11788 1368 10420 2623 487 4621 1173 12305 12447 10902 1305 6644 2742 10476 868 20116 1545 677 3941 3485 7797 7114 3453 3661 3902 1181 2721 2059 2235 2757 662 655 527 6272 10802 9377 2352 1674 7025 1294 1200 488 10534 868 12911 5368 487 8005 7611 683 1241 1425 9089 7543 13844 2443 560 2315 2341 648 3445 1328 5825 3652 1816 928 1836 326 884 451 1387 2098 715 335 10168 1063 1519 722 1028 2173 1904 501 699 630 425
is_linear=0
shrinkage=0.05


Tree=17
num_leaves=127
num_cat=0
split_feature=17 26 26 17 17 17 26 30 8 35 24 33 11 30 32 35 35 20 23 17 24 19 20 17 26 30 23 35 23 0 19 8 28 17 32 33 7 3 24 3 26 34 19 23 28 3 18 20 19 32 25 0 8 30 24 34 8 24 35 24 0 17 24 24 25 33 0 30 20 32 26 8 26 3 7 26 8 19 20 15 25 17 28 19 17 26 3 8 0 32 33 7 8 19 19 29 1 0 7 28 25 0 28 26 26 8 17 17 1 7 23 32 7 29 15 24 30 8 25 25 3 3 20 8 26 8
split_gain=694.282 382.497 203.347 182.836 169.382 85.7488 72.1306 68.6246 60.1564 43.5923 50.569 39.3267 39.1994 39.1235 34.9378 42.7314 39.2349 33.8861 45.1451 39.583 44.9876 42.2102 34.7859 32.9089 31.8664 31.2261 30.2232 34.2874 33.9233 40.1767 36.0655 30.1868 31.2904 30.7405 33.754 28.5782 27.7763 27.544 29.3852 27.3685 26.4743 28.199 26.2487 26.0949 42.127 38.0487 40.471 36.7969 33.7061 27.7035 26.4646 25.501 25.2537 24.9792 24.9662 24.3425 24.2031 22.0434 21.9611 21.5263 21.4893 21.0262 20.615 31.2682 23.132 20.4034 20.0306 19.9486 19.784 19.6764 27.99 26.8971 30.5372 19.0942 22.946 24.2831 18.7766 30.088 29.3289 20.8988 35.4617 20.1021 20.8875 20.4791 19.9327 22.7088 18.4864 18.4624 19.4601 18.4527 18.4199 18.1273 18.0944 17.9579 20.1954 18.1362 17.8532 21.6758 17.7428 17.6008 17.5644 18.5105 17.5208 17.2617 16.9182 34.6217 27.4508 17.936 16.7618 16.7131 16.6722 16.5717 16.4284 16.4008 16.3505 16.1895 16.0841 17.5154 15.9845 15.9741 15.9484 15.9467 15.7734 15.51 44.3655 22.5331
threshold=9.5000000000000018 217.50000000000003 22.500000000000004 28.500000000000004 32.500000000000007 61.500000000000007 100.50000000000001 0.00049257426662612533 11.500000000000002 -0.00027572781979338419 312.50000000000006 -0.0046598341925027905 2.5000000000000004 0.0020882133727582863 0.014558909941926207 -0.00064779014803866767 0.23508777326940525 0.8790491118077326 1.8025169346743941 21.500000000000004 201.50000000000003 0.099295774647887344 0.91607981220657286 6.5000000000000009 403.50000000000006 0.0012585808025227894 2.1754935635159676 0.028332945128515769 1.3790319903886179 10.500000000000002 0.1226279985678482 3.5000000000000004 -3.8825395403337058e-12 6.5000000000000009 -0.014434898054356339 -0.16006091799829295 1.0000000180025095e-35 -0.9159756150367534 318.50000000000006 0.1294095225512602 412.50000000000006 3.5599466427095693e-05 0.050423728813559332 0.81398360638707701 6.015155943896312e-06 -0.70710678118654757 1.0000000180025095e-35 0.88029850746268667 0.060915275200989494 -0.00010870209690808256 54.500000000000007 2.5000000000000004 11.500000000000002 -0.086609946905416874 1011.5000000000001 -6.9399636270989174e-05 9.5000000000000018 200.50000000000003 0.29549785299938819 311.50000000000006 6.5000000000000009 39.500000000000007 305.50000000000006 1003.5000000000001 54.500000000000007 -0.02018750851494262 10.500000000000002 -1.1424214909580352e-10 0.95972972972972981 -0.0069523462569539589 315.50000000000006 8.5000000000000018 412.50000000000006 -0.60355339059327384 1.0000000180025095e-35 409.50000000000006 10.500000000000002 0.064172958133150312 0.88388945062352564 1.0000000180025095e-35 105.50000000000001 17.500000000000004 0.003300404731001481 0.15751879699248122 20.500000000000004 401.50000000000006 0.78656609248549303 9.5000000000000018 11.500000000000002 -0.026044165236063632 -0.0029844371971226575 1.0000000180025095e-35 3.5000000000000004 0.16428133306072382 0.12414383561643837 0.00092835061481399701 4.5000000000000009 16.500000000000004 1.0000000180025095e-35 4.4818248021469195e-06 104.50000000000001 13.500000000000002 0.34784503273328221 405.50000000000006 416.50000000000006 9.5000000000000018 12.500000000000002 20.500000000000004 1.0000000180025095e-35 1.0000000180025095e-35 1.573909939779113 -1.0022616339366625e-05 1.0000000180025095e-35 8.7609080900119998e-05 1.0000000180025095e-35 1010.5000000000001 0.0071383865907962791 3.5000000000000004 33.500000000000007 31.500000000000004 -0.70710678118654757 -0.12940952255126037 0.85391260162601634 6.5000000000000009 307.50000000000006 4.5000000000000009
decision_type=2 2 2 2 2 2 2 2 2 2 2 2 2 2 2 2 2 2 2 2 2 2 2 2 2 2 2 2 2 2 2 2 2 2 2 2 2 2 2 2 2 2 2 2 2 2 2 2 2 2 2 2 2 2 2 2 2 2 2 2 2 2 2 2 2 2 2 2 2 2 2 2 2 2 2 2 2 2 2 2 2 2 2 2 2 2 2 2 2 2 2 2 2 2 2 2 2 2 2 2 2 2 2 2 2 2 2 2 2 2 2 2 2 2 2 2 2 2 2 2 2 2 2 2 2 2
left_child=2 3 36 6 9 14 91 31 55 35 17 24 57 115 16 86 26 18 114 20 109 52 98 99 25 -9 27 28 43 62 -31 32 -4 39 51 96 -1 54 108 40 59 -42 -18 45 47 49 -47 -45 -49 -6 -48 -35 56 -36 -12 -7 69 -8 76 -33 -23 -28 -30 64 122 -17 -58 -5 -46 70 -22 72 -72 74 -55 -76 79 -78 81 104 -81 83 84 -79 85 -83 -16 88 -37 -53 103 -2 100 94 -56 -96 -3 -98 -21 -13 101 -90 -69 -25 105 -40 -106 -108 -39 -19 123 -80 -51 -89 -11 -14 117 -24 -26 -114 -87 -61 -64 124 -75 -126
right_child=1 4 7 67 5 8 12 11 -10 10 37 23 13 -15 15 65 42 19 -20 22 21 60 116 90 118 -27 61 -29 29 30 -32 33 -34 34 53 87 -38 38 58 -41 41 -43 -44 44 68 46 50 48 -50 112 -52 89 -54 73 93 -57 66 -59 -60 121 -62 -63 63 -65 -66 -67 -68 102 -70 -71 71 -73 -74 110 75 -77 77 78 111 80 -82 82 -84 -85 -86 120 -88 113 92 -91 -92 -93 -94 -95 95 -97 97 -99 -100 -101 -102 -103 -104 -105 106 -107 107 -109 -110 -111 -112 -113 119 -115 -116 -117 -118 -119 -120 -121 -122 -123 -124 -125 125 -127
leaf_value=0.017349773856384487 0.045933098276660492 0.025449296056158928 0.015974927446728054 0.010536537779265802 0.0073927303561136795 -0.00040759702868332025 -0.0017697787454479781 -0.017188779142611531 0.017359547911404372 -0.0064365423444895367 -0.0025426934612267972 0.0018511139489707611 -0.0023893342048809073 0.0070290249409662485 -0.0012597898409658871 -0.0082191625105736358 -0.024595495497225953 -0.025146156728387131 0.0071720273018319111 0.0016334288991551545 0.0079977668714060098 0.015630505419385925 -0.022954456976387642 0.0022430869420650141 0.0017282697420496135 -0.0058168578125696859 0.00044422223729347944 -0.006186815568018803 -0.0099758864622634374 0.012168714633496782 -0.0011788757180504206 -0.004425302774433571 -0.0029410777757215272 0.0099867349183184358 -0.0095180188959174492 -0.0039683455154263724 -0.011520036856732136 0.0041876385755468181 -0.0047090542378133669 -0.014333732111369743 0.0018322478867621728 -0.035842555613138143 0.026944796313941068 0.002469238854552669 0.00054117868051307082 -0.0003976937605228036 0.02697219194571869 0.0050913996102926046 0.040299084367774719 -0.018365630464824836 0.00032093601664146812 0.011625062389164104 -0.0050613895715537899 -0.0106465537760551 0.0020759122934573648 0.01232508293892534 0.01483072518469552 0.01604729102478358 -0.00612192823010282 -0.012841836065852014 -0.029531886732072084 0.020024742358788331 -0.0031168003517798425 -0.0083128671684244305 0.014470338265317196 0.016914047000992194 -0.0046414163608232062 0.03180556246408827 0.011265022118713872 -0.0019310913166273279 -0.00556788687161398 0.03442414144219174 0.0041549752050109301 -0.0081980186885369198 -0.0050662536396577839 0.02269114596288091 -0.0062009818025607014 0.0011934442787982582 -0.012153824941371703 -0.0062386892888862079 0.020345352156501691 0.00871724232840752 -0.039651815764200314 -0.0088590668378240207 -0.001240854735370985 0.0050369242855676389 0.014487268493813231 0.0095328755508120658 0.028320877512376826 -0.0015931028744090349 -0.0013087515881519268 0.023793154047686383 0.0053921576282766536 0.0082537530566187695 -0.010182284968121104 0.0040794576785382021 -0.0056520776055463736 0.023541719382751115 -0.013167935856004327 -0.0075432792762517411 -0.056259112309021399 -0.0031390669876501034 -0.0091675533737919871 0.016091355618397092 -0.017229229360057004 -0.0082096776515070621 0.0028263359364842119 -0.0069242431726412937 -0.0089919300091087662 -0.0087426424889773587 0.012621441812089712 0.010426915923312512 0.019164846129876588 0.0005674332124804756 0.00040177981937071462 0.0048224446853083261 -0.00163278515232165 0.014512290083373911 -0.010686760488021104 -0.010772349516343866 -0.0075608664789329136 -0.0046000705961713618 0.0063960838396539682 -0.00562406611937976 -0.03328994001424581 0.0089542041551870684
leaf_weight=7971 7505 226 128 1701 227 778 1180 426 738 4341 2464 981 13412 10733 628 65 49 471 482 258 197 490 48 405 108 5124 219 1571 1273 697 999 3881 1246 127 860 4815 5792 121 9358 8053 1131 253 284 751 2478 3311 935 316 641 792 502 191 994 2899 808 1548 759 5318 543 7666 77 313 516 1083 319 409 280 12472 121 2136 512 177 209 980 1000 119 2042 464 126 638 154 388 122 785 1215 178 186 311 68 299 7980 4339 1677 298 216 48 85 47 176 10226 132 505 122 117 166 3543 829 221 974 804 132 542 89 6719 607 2699 215 1449 1217 144 301 1151 220 5642 39 291
leaf_count=7971 7505 226 128 1701 227 778 1180 426 738 4341 2464 981 13412 10733 628 65 49 471 482 258 197 490 48 405 108 5124 219 1571 1273 697 999 3881 1246 127 860 4815 5792 121 9358 8053 1131 253 284 751 2478 3311 935 316 641 792 502 191 994 2899 808 1548 759 5318 543 7666 77 313 516 1083 319 409 280 12472 121 2136 512 177 209 980 1000 119 2042 464 126 638 154 388 122 785 1215 178 186 311 68 299 7980 4339 1677 298 216 48 85 47 176 10226 132 505 122 117 166 3543 829 221 974 804 132 542 89 6719 607 2699 215 1449 1217 144 301 1151 220 5642 39 291
internal_value=-0.000794415 0.00132936 -0.00461457 0.00434939 -0.000973397 0.00272009 0.0027896 -0.00582303 0.010479 -0.0024428 -0.00327387 -0.00389409 0.0015985 0.000754591 0.00147547 0.00941222 0.000900309 -0.000918839 -0.00405244 0.000921465 -0.00087681 0.000985693 0.00686425 -0.00275705 -0.00714935 -0.00547705 0.000574564 0.000205268 0.000923212 -0.00240757 0.00387419 -0.00724323 2.53813e-05 -0.00753089 -0.00555288 -9.33853e-05 0.000888474 -0.00457607 -0.00523773 -0.00865345 -0.00731845 -0.00074874 0.0177737 0.00257394 0.00554093 0.0004413 0.00248685 0.0116287 0.0181055 -0.00729515 0.00947816 0.00581592 -0.000415638 -0.00614147 -0.000655118 0.00650579 0.00125731 0.0050815 -0.0048306 -0.00803393 0.0138855 0.0122533 -0.00553205 -0.00252216 0.0035967 0.021263 0.00787596 0.0092771 0.00152554 -0.000879944 0.00455682 0.000769657 -0.00354339 -0.00550058 -0.00825379 -0.0021597 -0.00457228 -0.0022483 0.000212676 -0.00553188 0.00235885 -0.00164618 0.0012268 -0.00670056 0.00242214 0.00819094 0.00242369 -0.000446704 -0.00222612 0.000555556 -0.000410838 0.0061406 0.00146837 0.00474546 0.00169916 -0.0101859 0.0137603 -0.000875912 -0.00572893 -0.00453599 -0.00522887 -0.00137111 0.00996389 0.00864326 -0.00597525 -0.00650647 -0.00033579 0.00267773 -0.0132159 -0.00936523 -0.00393426 0.00976226 -0.0107888 0.00137527 -0.00547749 -0.000803394 0.0100641 0.0118958 -0.0141071 0.000871849 0.000872934 -0.00940065 -0.00129555 -0.00427196 0.000627377 0.0163433
internal_weight=213929 137494 76435 59481 78013 22202 45186 62672 3064 55811 41226 26584 33342 26844 19138 1288 17850 14682 5430 9252 7106 5831 2146 19709 6875 5550 17517 16985 15414 5107 1696 36088 1374 34714 12579 14585 13763 26544 22710 22135 14082 1384 333 10307 4307 6000 4748 1708 957 1252 1437 617 5264 11962 3834 2326 4270 6498 21615 12698 567 532 3411 2138 1055 474 1039 14295 2599 3231 1095 898 721 11102 4018 1119 21072 6163 4121 14909 792 3453 2204 1249 2082 867 814 14227 7197 490 8502 11844 2382 1370 1072 264 358 132 434 11207 705 573 12594 522 14117 12901 1216 1050 1095 1275 7084 668 1025 7030 4948 16111 1712 1497 1325 233 479 8817 736 6952 1310 330
internal_count=213929 137494 76435 59481 78013 22202 45186 62672 3064 55811 41226 26584 33342 26844 19138 1288 17850 14682 5430 9252 7106 5831 2146 19709 6875 5550 17517 16985 15414 5107 1696 36088 1374 34714 12579 14585 13763 26544 22710 22135 14082 1384 333 10307 4307 6000 4748 1708 957 1252 1437 617 5264 11962 3834 2326 4270 6498 21615 12698 567 532 3411 2138 1055 474 1039 14295 2599 3231 1095 898 721 11102 4018 1119 21072 6163 4121 14909 792 3453 2204 1249 2082 867 814 14227 7197 490 8502 11844 2382 1370 1072 264 358 132 434 11207 705 573 12594 522 14117 12901 1216 1050 1095 1275 7084 668 1025 7030 4948 16111 1712 1497 1325 233 479 8817 736 6952 1310 330
is_linear=0
shrinkage=0.05


Tree=18
num_leaves=127
num_cat=0
split_feature=9 26 26 26 9 9 26 26 9 17 17 26 9 33 26 9 17 8 26 17 9 9 26 26 15 4 4 26 33 31 9 31 9 9 24 8 28 33 17 2 5 20 30 17 35 9 17 17 26 4 9 20 33 16 17 18 18 9 26 25 29 19 9 9 1 26 9 30 29 9 8 16 24 28 24 31 24 26 30 9 9 2 1 29 17 24 23 20 17 17 20 31 2 30 23 8 35 8 19 9 5 2 28 8 9 9 18 7 9 18 30 7 33 26 33 35 24 28 19 25 23 25 31 1 30 18
split_gain=3191 1061.29 772.261 621.174 253.657 212.69 204.701 115.06 114.212 87.8336 87.5562 83.4617 83.2158 77.1382 70.544 60.5329 54.2705 52.8847 51.5567 50.8764 49.0031 45.0927 71.4984 41.8448 41.6588 47.2653 40.0587 36.765 35.9713 72.5001 30.6873 27.9968 27.2333 26.8693 26.8536 36.4518 31.0506 26.3102 25.7415 25.4324 24.8661 24.7657 57.9922 29.1648 37.6006 25.7003 24.1943 24.1491 21.783 21.5343 21.364 21.298 23.3804 22.5225 40.3262 23.8391 20.6718 20.3938 20.3677 19.6249 19.2343 23.7554 28.8087 18.9874 18.9502 18.7938 18.7381 18.3723 29.974 21.6708 18.1839 18.1312 18.0398 18.0127 17.1569 21.5171 17.1254 27.4561 29.5914 26.3172 26.0421 16.6146 21.8171 22.4645 16.6001 16.5266 16.4421 16.2993 21.4797 23.5167 20.257 16.0721 15.846 18.5609 17.8681 15.8336 15.7421 23.3609 35.3471 18.2071 17.1293 17.4158 21.2799 19.4212 18.4711 15.842 15.6354 15.6261 15.5662 15.3009 14.9685 14.8864 14.7719 18.6664 14.7405 14.6868 14.6749 22.91 19.1884 14.3654 14.9988 14.1533 15.6429 13.865 13.7941 13.5509
threshold=6.486081953615229 61.500000000000007 261.50000000000006 361.50000000000006 7.2992835508097516 6.3150193191043131 261.50000000000006 361.50000000000006 7.7225551465088893 43.500000000000007 6.5000000000000009 61.500000000000007 6.8658811164318214 0.21207393882078701 161.50000000000003 4.1469070214803789 46.500000000000007 9.5000000000000018 161.50000000000003 63.500000000000007 8.0305847905571053 5.5188231444133669 201.50000000000003 161.50000000000003 1.0000000180025095e-35 1.0000000180025095e-35 0.87837969732492682 405.50000000000006 -0.04799456329259847 0.0029828218291396949 6.392478639280232 9.3351769238429961e-05 6.1609814165723638 7.0164023594358147 310.50000000000006 11.500000000000002 -1.0000000180025095e-35 4.7190434368456602e-05 17.500000000000004 -0.70710678118654735 -0.56174490092936669 0.73942823108993461 -5.6736610601109645e-08 51.500000000000007 0.17795832896190511 9.7097404293550529 22.500000000000004 22.500000000000004 311.50000000000006 -0.8783796973249266 9.8505263167475814 0.97530487804878063 0.00011094747476154131 2.5000000000000004 21.500000000000004 4.5000000000000009 4.5000000000000009 6.6249068028136326 320.50000000000006 34.500000000000007 1.0000000180025095e-35 0.14185110663983905 8.3487565681117157 4.9853606844545268 1.0000000180025095e-35 404.50000000000006 5.5606859857709807 0.0020882133727582863 1.3145034318917186e-05 5.6894163991024067 4.5000000000000009 2.5000000000000004 311.50000000000006 0.003300404731001481 216.50000000000003 0.35687569220488885 511.50000000000006 402.50000000000006 1.7043161316387627e-06 7.4292277797806276 6.9263963066122605 -0.91597561503675329 3.5000000000000004 0.084703039985276257 13.500000000000002 1010.5000000000001 1.9197377630009937 0.97080136402387052 39.500000000000007 44.500000000000007 0.80795574288724981 -6.2839693474554269e-05 0.60355339059327384 0.00016272634302157599 0.90439373713699056 6.5000000000000009 -0.0033392835199747232 10.500000000000002 0.28452380952380957 5.1815417697773567 1.0000000180025095e-35 0.37940952255126054 5.1479101536488452e-05 11.500000000000002 4.6762700054057946 3.9225284647455312 1.0000000180025095e-35 1.0000000180025095e-35 2.3178755229034191 1.0000000180025095e-35 -5.6736610601109645e-08 1.0000000180025095e-35 -7.251478783395792e-05 419.50000000000006 -0.0014036008406638496 0.0022414094705125545 1010.5000000000001 1.7703697721280111e-05 0.064172958133150312 35.500000000000007 1.2142832674095703 105.50000000000001 -0.00083775965064028729 2.5000000000000004 0.00011047268234650624 1.0000000180025095e-35
decision_type=2 2 2 2 2 2 2 2 2 2 2 2 2 2 2 2 2 2 2 2 2 2 2 2 2 2 2 2 2 2 2 2 2 2 2 2 2 2 2 2 2 2 2 2 2 2 2 2 2 2 2 2 2 2 2 2 2 2 2 2 2 2 2 2 2 2 2 2 2 2 2 2 2 2 2 2 2 2 2 2 2 2 2 2 2 2 2 2 2 2 2 2 2 2 2 2 2 2 2 2 2 2 2 2 2 2 2 2 2 2 2 2 2 2 2 2 2 2 2 2 2 2 2 2 2 2
left_child=1 10 4 5 11 6 21 8 33 17 111 47 14 28 57 56 63 24 -6 64 -20 -3 32 -14 25 27 -26 -5 29 71 48 34 -23 -4 35 40 -36 66 107 -31 -19 42 -30 45 49 46 76 -2 -7 65 -10 53 72 54 59 114 -8 -13 -39 124 61 62 -48 70 -18 -45 -17 68 69 -27 -11 -9 -53 96 115 116 92 78 -78 80 91 -62 83 -83 -32 -57 -70 88 90 -90 -84 -79 93 94 -43 -89 99 108 100 -38 101 -99 103 -103 -105 -100 119 -12 -98 -81 -94 -1 -42 -114 -55 -33 117 -76 -118 120 -52 122 -74 -69 -29 -106
right_child=2 3 7 9 18 30 15 13 50 16 38 12 23 -15 -16 37 19 31 20 -21 -22 22 -24 -25 26 67 -28 51 41 39 84 74 -34 -35 36 -37 73 58 -40 -41 112 43 -44 44 -46 -47 60 -49 -50 -51 106 52 -54 55 -56 85 -58 -59 -60 -61 81 -63 -64 -65 -66 -67 -68 123 86 -71 -72 -73 121 -75 75 -77 77 79 -80 109 -82 82 87 -85 -86 -87 -88 95 89 -91 -92 -93 110 -95 -96 -97 97 98 105 -101 -102 102 -104 104 125 -107 -108 -109 -110 -111 -112 -113 113 -115 -116 -117 118 -119 -120 -121 -122 -123 -124 -125 -126 -127
leaf_value=0.008792285710037687 0.0080302562625210391 -0.038060838734955083 -0.00059917268853289783 -0.010385526395781431 0.081689455854048881 -0.0074000506996287508 -0.019421637028627908 -0.011883230865348843 0.00886224356965103 -0.027677595452226752 0.038459106528389492 0.018259079813266948 0.05397588479521577 0.016575958445110495 0.0022591546930418641 -0.0084325897449719963 0.032362270834944119 0.044956765875155347 0.023015879779392331 0.013316738090791364 0.049814235537340296 -0.042724427697887299 -0.00956169957509642 0.013125806138291063 0.020139539203068407 0.0036402070947536163 -0.037773948484921521 -0.016710106470484567 0.015766339723076245 0.038549933347456107 0.00095722394540015583 -2.9117540305456442e-05 -0.024188653436217948 0.002983130467972247 0.0059961335288258423 -0.0034831702965060609 0.018743565870287398 -0.0028106519387384151 0.057312493600769787 0.00081087819185389595 -0.002925048825022428 -0.010166320744819912 -0.0016608151026321879 -0.00071322964178076298 0.024092424698524045 0.0039355058406991437 -0.011501534580864711 0.065111981372195912 0.0019318406971873658 -8.0128942608107226e-05 0.028654023783073929 -0.0010422943775638465 0.0015762035113680033 -0.0088534407030435858 0.072683004043148869 -0.0013548243820015883 0.0042236967723200073 0.045339339403098172 -0.012148658915579577 0.00070661161219388619 -0.0095114269099770173 0.00072668319282253127 0.0050540860191651635 0.0093332381848719153 -0.0016917531154642838 0.018712348283527049 -0.0046526284280276392 0.00034146515191489928 -0.010107491648433185 -0.055636720240224868 0.041303835412734621 -0.0051769477232589982 0.00051806543433351865 0.0010370341432225216 0.013060042372261852 -0.0084757024865493198 0.0095518246068280813 -0.015487203178370901 -0.0018252635306979963 0.0091152722421447979 -0.0040354087281196773 -0.0027116327863191689 -0.0064065044540251581 -0.020132990031051536 -0.0034074151649948767 0.039488048731682594 0.047137315811564676 0.0032596087445551335 0.046818480857744232 0.003810770561874231 0.0012729769649154152 0.0036488536261954532 0.020640477391297547 2.5581229758419807e-05 0.0089318168421023796 -0.018958688356438311 0.0055177440096057821 0.00064461171375924183 0.032616425075780553 -0.0018854396808621933 -0.015384490355708005 0.010160352079231688 -0.0070373407069477326 -0.011240097545957312 0.0032455235854891096 -0.022667038290860874 0.027751908674650622 0.016091066247274771 -0.01070870865136953 -0.0027591448744964898 -0.00052389415116977766 -0.018420600530161087 0.0071065926652031782 -0.019693898951312346 -0.0029223288499819673 -0.033178957177174166 -0.015360095774234776 0.0019132382568303398 0.013625956594898013 -0.0013717193759684139 0.0018963300911858756 -0.010796957550977098 -0.013948879554801688 0.011931190782688528 0.00026319687027222315 -0.0080509063295764651
leaf_weight=4315 3770 10937 6561 2388 2728 4340 7189 1085 8161 24 6712 5060 5137 376 4611 12322 81 430 5014 433 4225 8129 9374 3993 194 1480 63 246 269 144 3111 598 4808 6251 100 661 180 4225 4982 336 270 678 490 164 188 1496 1600 851 377 2082 596 731 402 624 181 544 99 6762 310 1209 429 308 147 175 1247 279 8275 1084 809 145 456 501 97 983 677 99 259 84 166 347 1111 950 317 339 2921 71 29 32 214 606 1165 812 125 495 37 156 47 1295 130 185 488 116 247 374 431 22 1170 4024 1996 139 940 3296 414 80 865 241 311 3477 211 325 224 361 1151 394 162 169
leaf_count=4315 3770 10937 6561 2388 2728 4340 7189 1085 8161 24 6712 5060 5137 376 4611 12322 81 430 5014 433 4225 8129 9374 3993 194 1480 63 246 269 144 3111 598 4808 6251 100 661 180 4225 4982 336 270 678 490 164 188 1496 1600 851 377 2082 596 731 402 624 181 544 99 6762 310 1209 429 308 147 175 1247 279 8275 1084 809 145 456 501 97 983 677 99 259 84 166 347 1111 950 317 339 2921 71 29 32 214 606 1165 812 125 495 37 156 47 1295 130 185 488 116 247 374 431 22 1170 4024 1996 139 940 3296 414 80 865 241 311 3477 211 325 224 361 1151 394 162 169
internal_value=-0.000789273 -0.00571392 0.00678256 -0.00783337 0.0115678 -0.0102233 -0.0112905 0.00199685 0.00434766 -0.00172021 0.00394264 0.00912286 0.0102406 -0.000905357 0.00810972 -0.00846106 0.00741016 -0.00252467 0.0177282 0.00281852 0.0159263 -0.0140478 -0.0127508 0.0140695 -0.00479977 -0.00519668 0.0149523 -0.00718933 -0.00136388 -0.00757364 -0.00370118 -0.000408793 -0.0151625 0.00118046 -0.00219819 0.003125 -0.0036595 -0.00729482 0.00607359 0.00938144 0.00832777 -0.00058068 0.00821008 -0.00100909 0.00370033 -0.0019966 -0.00280167 0.00293504 -0.00672014 0.00207016 0.00821868 -0.00526996 -0.00864397 -0.00289096 0.00121742 -0.0063964 -0.012475 0.0101552 -0.00384086 -0.00131473 -0.00489271 -0.00885315 -0.0111059 0.0196402 -0.00204801 0.0120145 -0.00805419 -0.000626583 -0.00326884 0.000697853 0.0247423 -0.0127184 -0.0105544 -0.00408181 0.00233761 0.00349634 -0.00027751 0.00225624 0.0139244 0.000243195 -0.00229001 -0.00295039 -0.00188359 -0.00715031 -0.00133676 0.001875 -0.0109193 0.000851704 0.00201777 0.00848485 -0.001577 0.00403996 -0.00352522 -0.00742798 -0.0125521 -0.0131088 -0.00516271 -0.00585291 -0.00322551 0.00483108 -0.004384 -0.00277588 -0.00676788 -0.00372146 -0.00604188 0.0199363 0.0124623 0.00469137 -0.0100427 0.0106212 0.000922898 -0.00045923 0.00287386 0.00798597 -0.00980756 -0.00423874 0.00399274 0.00498557 -0.00388045 0.00825 0.0117576 -0.0135084 -0.0160255 0.00377276 -0.0107264 -0.000578512
internal_weight=213929 129624 84305 106295 42151 76417 65668 42154 23288 29878 23329 30184 25563 18866 16433 32420 2416 27462 11967 1761 9239 33248 22311 9130 13230 12973 257 9032 18490 2066 10749 14232 12937 12812 8618 1855 6763 25132 15718 480 1194 16424 759 15665 2713 12952 11456 4621 4717 2525 10476 6644 2742 3902 1798 2104 7288 11822 4535 1617 6263 2055 1747 655 1328 443 20597 3941 2463 1625 480 1586 2340 6663 5614 4775 5193 2918 425 2493 2007 4208 3779 1289 6032 615 838 2490 2302 820 1482 896 2275 1210 715 188 5680 5315 3272 365 3120 2632 1337 1090 974 152 2315 10736 2043 486 1065 7611 764 494 1489 839 4676 4154 522 1145 820 1609 1248 1478 408 600
internal_count=213929 129624 84305 106295 42151 76417 65668 42154 23288 29878 23329 30184 25563 18866 16433 32420 2416 27462 11967 1761 9239 33248 22311 9130 13230 12973 257 9032 18490 2066 10749 14232 12937 12812 8618 1855 6763 25132 15718 480 1194 16424 759 15665 2713 12952 11456 4621 4717 2525 10476 6644 2742 3902 1798 2104 7288 11822 4535 1617 6263 2055 1747 655 1328 443 20597 3941 2463 1625 480 1586 2340 6663 5614 4775 5193 2918 425 2493 2007 4208 3779 1289 6032 615 838 2490 2302 820 1482 896 2275 1210 715 188 5680 5315 3272 365 3120 2632 1337 1090 974 152 2315 10736 2043 486 1065 7611 764 494 1489 839 4676 4154 522 1145 820 1609 1248 1478 408 600
is_linear=0
shrinkage=0.05


Tree=19
num_leaves=127
num_cat=0
split_feature=9 10 10 10 9 9 10 10 9 17 17 10 9 33 31 10 17 9 10 9 17 9 10 10 9 17 34 9 17 24 34 35 10 17 7 9 34 33 7 9 0 30 9 20 30 30 5 32 24 28 0 29 30 24 9 9 17 0 23 17 21 4 1 9 9 29 9 17 26 34 34 33 33 23 20 9 19 9 31 35 31 20 17 17 4 9 33 17 29 17 17 7 34 9 0 7 24 20 5 0 32 17 20 20 0 28 34 17 17 20 17 32 32 35 17 24 9 24 31 30 28 19 9 9 28 32
split_gain=2941.23 979.058 708.738 570.661 248.977 197.047 196.335 101.587 104.946 86.6678 82.1305 77.6782 77.704 76.7536 67.8372 64.7437 56.4951 55.9861 53.1453 49.324 48.1578 44.1691 47.7517 40.9213 40.1866 38.7269 43.5444 38.5313 38.3694 40.873 38.1261 37.6975 37.0316 31.5016 31.0433 27.7578 26.3461 29.7837 27.0915 34.1618 29.9264 34.2988 27.5238 30.6258 30.3731 26.2111 25.6713 32.3705 41.3342 26.9848 25.0491 24.2569 23.8218 25.015 26.3891 30.7651 23.5513 22.9934 22.1498 21.5204 21.2953 21.0956 21.0226 20.4298 20.4003 20.228 24.7944 22.7257 20.1924 19.4587 19.4272 19.227 19.6377 18.9712 18.276 20.5009 24.9812 17.8422 18.4846 18.0417 17.3472 17.2384 17.2252 16.5981 16.5593 31.3253 16.1009 15.9606 15.7573 17.0682 19.169 23.2273 20.7005 19.67 15.6772 15.592 15.5452 30.4193 29.091 18.5919 15.6948 15.4479 15.4374 15.4303 16.4774 15.1769 26.8113 15.1516 15.0939 17.0454 14.8769 14.8166 14.8071 14.7073 14.3805 14.3305 29.942 23.0339 14.5995 14.2841 14.2312 14.2108 15.4615 14.1002 14.0803 13.9738
threshold=6.486081953615229 1.0000000180025095e-35 2.5000000000000004 3.5000000000000004 7.2992835508097516 6.3150193191043131 2.5000000000000004 3.5000000000000004 8.4640998867442594 43.500000000000007 6.5000000000000009 1.0000000180025095e-35 6.8930861258593401 0.027207136329413076 0.014665138462222225 1.5000000000000002 46.500000000000007 4.7800036004768485 1.5000000000000002 8.0772341169730471 58.500000000000007 5.9290548116647663 1.5000000000000002 1.5000000000000002 7.0164023594358147 51.500000000000007 -0.068460907779094651 5.3076979500471628 12.500000000000002 709.50000000000011 0.35888895367954399 0.17795832896190511 1.5000000000000002 4.5000000000000009 1.0000000180025095e-35 6.392478639280232 0.36879226450807762 -0.04799456329259847 1.0000000180025095e-35 11.776694405803424 2.5000000000000004 8.4400312160071916e-06 8.1791321490895879 0.82637681159420306 1.7043161316387627e-06 1.0000000180025095e-35 -0.56174490092936669 -0.00025377648248971321 209.50000000000003 -1.0000000180025095e-35 16.500000000000004 0.016503897905706597 0.0054552781201540361 313.50000000000006 4.4306783660096949 5.8030188361267063 14.500000000000002 12.500000000000002 0.99117016018682558 14.500000000000002 0.74166666666666681 -0.8783796973249266 1.0000000180025095e-35 6.5936803181797652 4.9853606844545268 0.00036514344473488841 8.3967914974307902 46.500000000000007 311.50000000000006 -0.052543456489032948 0.0010849063868341243 -0.003167021647128902 -0.047103707118971778 0.90439373713699056 0.91607981220657286 4.7571303064240302 0.14185110663983905 5.8767970207890121 0.91043797189931219 0.00036459077414743244 0.0013146568185098059 0.79610733182161764 5.5000000000000009 12.500000000000002 -0.8783796973249266 5.705704427546471 -6.597837547123277e-05 13.500000000000002 0.024375461339799159 24.500000000000004 14.500000000000002 1.0000000180025095e-35 0.00081104832461029576 5.4559445739355432 4.5000000000000009 1.0000000180025095e-35 1007.5000000000001 0.77694859038142627 1.0000000180025095e-35 1.5000000000000002 -2.0749889353661272e-07 47.500000000000007 0.63211600429645554 0.94893524554541508 10.500000000000002 0.00021472209715359253 0.021846847756285898 13.500000000000002 8.5000000000000018 0.64346246973365628 6.5000000000000009 1.0000000180025095e-35 -0.040429138808248874 0.02283799966492284 40.500000000000007 201.50000000000003 5.2493401976304712 206.50000000000003 0.00014790520170807956 0.0030716873052088014 3.0894713717822026e-11 0.082079496968335955 4.6762700054057946 2.9525637600956265 2.969549016651329e-06 -0.011482911289111967
decision_type=2 2 2 2 2 2 2 2 2 2 2 2 2 2 2 2 2 2 2 2 2 2 2 2 2 2 2 2 2 2 2 2 2 2 2 2 2 2 2 2 2 2 2 2 2 2 2 2 2 2 2 2 2 2 2 2 2 2 2 2 2 2 2 2 2 2 2 2 2 2 2 2 2 2 2 2 2 2 2 2 2 2 2 2 2 2 2 2 2 2 2 2 2 2 2 2 2 2 2 2 2 2 2 2 2 2 2 2 2 2 2 2 2 2 2 2 2 2 2 2 2 2 2 2 2 2
left_child=1 10 4 5 11 6 21 8 24 28 -1 59 15 25 -15 63 64 45 -6 -20 62 23 -23 -3 125 26 -9 -25 29 33 34 61 -14 124 74 68 37 81 39 40 41 113 43 87 82 69 47 48 -30 -48 -38 -50 53 54 -51 115 -12 -54 88 -2 83 80 -18 -13 -11 67 -67 110 -7 -8 -22 72 -35 -68 75 76 -31 79 112 102 -27 -28 -45 123 -76 -86 -85 -40 89 90 91 -49 -92 -94 -57 -88 97 99 121 -55 -101 -75 -19 104 -100 106 108 -37 -36 -110 -42 -91 -79 -39 -53 116 -56 -117 -119 -77 -105 122 -98 -47 -5 -4
right_child=2 3 7 9 18 35 17 13 -10 16 56 12 32 14 -16 -17 20 77 19 -21 70 22 -24 27 -26 31 36 -29 46 30 -32 -33 -34 71 105 107 50 38 42 -41 65 -43 -44 44 -46 60 49 58 51 52 -52 114 57 96 55 94 -58 -59 -60 -61 -62 -63 -64 -65 -66 66 73 -69 -70 -71 -72 -73 -74 101 84 119 -78 78 -80 -81 -82 -83 -84 86 85 -87 95 -89 -90 111 92 -93 93 -95 -96 -97 98 -99 103 100 -102 -103 -104 120 -106 -107 -108 -109 109 -111 -112 -113 -114 -115 -116 117 -118 118 -120 -121 -122 -123 -124 -125 -126 -127
leaf_value=-0.0028907851400141941 0.0011268329587970835 -0.06596860629117117 -0.0093714676409169164 0.0028192559503994359 0.077604983061346444 -0.0070300481646473128 -0.00098009297136801544 -0.0088552958967354645 0.015073808218085927 0.037897698413433323 0.026565742049507186 0.015126646847645512 0.051356503168498047 0.015690085265252337 -0.00064461930361736294 0.0022792659078252125 0.030744157293196912 -0.0089928800540203021 0.022448732719174087 0.04812284328257635 0.0026372546900580774 -0.030107564444374242 -0.0063415370761934669 -0.035701403938383815 0.0036478112683806701 0.012218152160595932 0.0080102257844580967 -0.014328149311483849 0.034547366440318909 0.0036999307069428139 -0.010989898958895183 0.022860898225682203 0.012910190663490133 0.0020417224849475515 -0.00039245727454377061 0.00090936274813014815 0.00086570798888475084 0.0090843526176562096 -0.0068171520572712519 0.026715698398134882 -0.031691015590928656 -0.0025514904719459463 0.0008921747131731821 0.014449192029843717 0.00023158712446491288 -0.029638199931068667 0.0056963268523845482 0.084037793554453719 -0.0072429161863470648 -0.018439921545503193 0.038580197584701714 0.0020036305360758245 -0.00091575333193829071 0.017406809004593519 0.0049696705586739012 -0.016995717153750201 0.051000241735292974 0.0079947971479102029 0.032058360147621451 0.045215692898304606 0.003488042331500216 4.4481908381134611e-05 -0.0026634585916515824 0.041441724994534926 0.0088665762756283215 -0.00086151051859228132 -0.036134559385968296 -0.016042647619932748 0.0018352486623279974 -0.015059967051650407 0.02062667992000787 -0.0049785806066608663 -0.010544190017673554 -0.0090659254807586784 -0.0096516085384164528 0.0082662634256128881 -0.0069504312468910388 0.0039704549616245196 0.0078495396908100992 -0.0078692645005557487 -0.0009420270580031599 -0.015653693933031211 -0.012526195353589984 -0.013941098753648358 -0.0011854622789001668 -0.0057866345849975206 0.005619686302010379 0.0010687970464230839 -0.038418948888584679 0.053605484022843257 -0.0024105569678797402 -0.023491435350141164 0.012404309961863784 -0.00040930529302757312 -0.0019606133692893824 -0.015434615544650128 -0.02327061078993355 -0.0068373048896871406 -0.0067721596797182051 0.009792529214661054 -0.0085774153858463719 0.017991327972373138 -0.0058332150191470269 0.016142494364529338 0.0098272010750089008 -0.00010570785510499904 0.0098250242246614612 -0.0032370444067451329 0.030927492965878781 0.0024166299531298663 0.0016615256898195848 0.0019339777124925987 -0.0030609724283069619 -0.017084386656720824 -0.046451851871380331 0.026299188526262701 -0.034208519672290064 -0.0005427876895296212 0.0066827103264914941 0.001579784932705354 -0.003580185955954618 -0.011803732234785185 0.0010805435837516648 -0.012565744523126235 -0.0072473102068960366 -0.00019197201811497404
leaf_weight=7611 3018 4605 435 476 2728 4340 355 932 6489 480 9089 3948 4654 627 541 4885 81 701 5216 4023 304 8957 4870 7510 10238 297 32 7306 95 416 431 189 3719 84 514 3111 332 363 289 131 84 286 1530 28 544 724 100 162 479 184 144 318 1788 133 272 261 6629 594 560 1603 275 2173 1091 8357 175 2680 505 268 377 6858 285 3677 954 374 590 267 866 159 58 3676 179 650 1945 879 1679 292 458 1208 104 203 678 53 284 382 1000 367 291 2340 299 183 581 83 9467 178 297 919 213 2921 133 208 2429 136 5448 23 58 296 196 408 471 292 61 378 500 2995 1128 6126
leaf_count=7611 3018 4605 435 476 2728 4340 355 932 6489 480 9089 3948 4654 627 541 4885 81 701 5216 4023 304 8957 4870 7510 10238 297 32 7306 95 416 431 189 3719 84 514 3111 332 363 289 131 84 286 1530 28 544 724 100 162 479 184 144 318 1788 133 272 261 6629 594 560 1603 275 2173 1091 8357 175 2680 505 268 377 6858 285 3677 954 374 590 267 866 159 58 3676 179 650 1945 879 1679 292 458 1208 104 203 678 53 284 382 1000 367 291 2340 299 183 581 83 9467 178 297 919 213 2921 133 208 2429 136 5448 23 58 296 196 408 471 292 61 378 500 2995 1128 6126
internal_value=-0.000775718 -0.00550371 0.00649374 -0.00753939 0.011078 -0.00983005 -0.0108573 0.00190908 0.00411798 -0.00168005 0.00377121 0.0086558 0.00973414 -0.000817921 0.0115686 0.00780605 0.00738951 -0.00808635 0.0171811 0.0153529 0.00270527 -0.0135576 -0.0113872 -0.0150995 0.00203062 -0.00163842 -0.00266061 -0.0138088 -0.00247916 -0.00442997 -0.00174359 0.00370911 0.0136855 -0.00732566 -0.000766734 -0.0035524 -0.00195794 -0.00236828 -0.00182192 0.000195686 -0.000279929 0.00971935 -0.00444945 -0.00662229 -0.00998513 -0.0106416 -0.000688686 0.00302246 -0.00484293 -0.00189511 0.00954262 -0.00835756 -0.00214142 -0.00340203 0.000168122 0.00134411 0.00583508 0.00226435 0.00594274 0.00268645 -0.00809311 0.00214676 -0.00316058 0.00973903 0.0198674 -0.00133284 -0.00378256 0.00187635 -0.00642365 -0.0126479 0.0143056 -0.00938294 -0.0153931 -0.0106463 -0.00310756 0.000692037 -0.00279332 -0.00639297 -0.00402337 -0.00736082 0.0116216 -0.0125109 -0.0128627 -0.00878178 -0.00583496 -0.00361716 -0.00467525 -0.000953728 0.00346537 0.00451655 0.00228421 0.0159659 4.4478e-05 0.00628167 -0.00452014 0.000346386 -0.00550372 -0.0076442 -0.00203584 0.000185699 -0.00284785 -0.00320887 -0.00626954 0.00507441 0.000732114 0.00441391 0.00845294 -0.00130363 0.00443314 0.0125072 0.00335882 0.0146003 -0.00432243 0.0193478 0.00115486 0.00584496 -0.00154334 0.00878178 0.00466346 0.00863918 0.015666 -0.00711456 -0.00326319 -0.0106545 -0.00126787 -0.00102383
internal_weight=213929 129624 84305 106295 42151 76417 65668 42154 23288 29878 23329 30184 25563 18866 1168 17190 2416 32420 11967 9239 1761 33248 13827 19421 16799 17698 14860 14816 27462 13139 6820 2838 8373 6319 6389 10749 13928 13452 12770 7226 7095 672 5544 4014 2517 12911 14323 3512 950 10811 476 855 10711 8329 3088 2904 15718 2382 2562 4621 5698 2649 1172 12305 655 6423 3642 2781 4717 7213 589 4715 1038 962 4402 1841 1282 19509 5665 13844 476 682 1973 5423 2561 1971 1704 1497 2002 1898 1559 215 1344 666 1261 825 5241 3237 2004 897 764 457 10168 835 596 1987 1068 6032 855 341 2513 339 5607 386 376 1643 468 1175 879 559 239 1169 791 3719 1604 6561
internal_count=213929 129624 84305 106295 42151 76417 65668 42154 23288 29878 23329 30184 25563 18866 1168 17190 2416 32420 11967 9239 1761 33248 13827 19421 16799 17698 14860 14816 27462 13139 6820 2838 8373 6319 6389 10749 13928 13452 12770 7226 7095 672 5544 4014 2517 12911 14323 3512 950 10811 476 855 10711 8329 3088 2904 15718 2382 2562 4621 5698 2649 1172 12305 655 6423 3642 2781 4717 7213 589 4715 1038 962 4402 1841 1282 19509 5665 13844 476 682 1973 5423 2561 1971 1704 1497 2002 1898 1559 215 1344 666 1261 825 5241 3237 2004 897 764 457 10168 835 596 1987 1068 6032 855 341 2513 339 5607 386 376 1643 468 1175 879 559 239 1169 791 3719 1604 6561
is_linear=0
shrinkage=0.05


Tree=20
num_leaves=127
num_cat=0
split_feature=9 9 9 17 28 9 34 17 34 17 17 25 1 23 29 9 9 9 17 23 32 34 8 11 2 8 16 9 25 0 25 17 29 25 23 19 3 9 11 3 8 2 3 17 9 29 34 31 19 9 17 20 32 9 3 16 9 0 32 9 8 28 9 33 29 11 25 28 8 20 5 8 34 8 34 2 1 9 9 4 28 31 34 20 2 11 31 20 17 20 31 0 3 23 28 33 33 21 19 4 19 25 0 32 17 29 33 34 32 9 31 31 20 9 32 17 20 19 9 2 32 3 17 9 9 20
split_gain=2684.82 430.961 276.969 168.394 130.034 80.9579 58.1455 54.2385 54.1866 50.1476 49.7034 48.9344 46.0015 45.1279 40.2592 39.6621 39.312 38.0898 96.0009 53.1452 37.4057 35.4697 34.4818 33.5399 31.7329 30.4604 38.6192 29.5925 26.7978 28.5053 26.6065 28.2015 25.9774 25.9615 25.7533 32.569 26.2525 25.6525 25.2431 24.1723 22.9386 22.533 22.4776 22.3921 22.35 24.3147 22.1802 29.897 21.8504 22.4176 21.923 21.8463 33.3478 38.4676 33.4073 26.9812 61.6453 25.7155 25.0564 23.8782 21.7615 22.0133 21.573 21.5521 21.3135 21.3024 21.2032 21.0988 20.9724 25.4883 23.716 23.5227 20.5621 20.3798 19.5928 19.4771 19.4114 32.3693 22.0412 19.0376 19.0125 18.8099 18.6211 19.2414 19.3699 20.4685 18.6123 18.2282 28.0916 21.2537 18.582 17.9257 17.7284 21.7639 17.7222 17.3422 17.1227 17.0502 16.2093 16.2055 16.1791 16.0631 15.9286 15.8513 15.5719 21.1799 19.1765 15.461 15.4002 15.3611 15.876 15.2078 15.8608 15.1235 15.1113 15.0683 16.3545 14.9126 14.5403 14.5357 14.4641 14.4311 16.0786 20.9927 15.2615 16.2748
threshold=6.4545951288780747 6.039966648545203 6.0400115914625889 12.500000000000002 0.0018791551174694862 7.2992835508097516 0.000299496123913156 6.5000000000000009 -0.043757821975337792 50.500000000000007 63.500000000000007 92.500000000000014 5.5000000000000009 1.9197377630009937 -8.7011036560904128e-10 6.1900154552834517 6.1873831151498608 3.6497551770592547 31.500000000000004 0.90439373713699056 -0.016097301912895465 0.0055065374444036499 7.5000000000000009 3.5000000000000004 0.37940952255126054 8.5000000000000018 5.5000000000000009 6.2218855183803212 102.50000000000001 4.5000000000000009 43.500000000000007 13.500000000000002 -1.0000000180025095e-35 100.50000000000001 0.60552748663054567 0.16784037558685447 0.78656609248549303 6.4960462968475161 2.5000000000000004 0.78656609248549303 9.5000000000000018 0.98296291314453421 0.25881904510252057 13.500000000000002 6.526080110683238 0.017308247120960147 0.0034960749291556986 0.00021514264898892589 0.1438923395445135 8.2205202850595303 16.500000000000004 0.87411971830985924 0.0013846322821046491 4.8655348033274644 1.0000000180025095e-35 3.5000000000000004 3.9225284647455312 4.5000000000000009 -0.012700643960577735 4.4525110950346276 8.5000000000000018 0.00062075804624685922 8.2205202850595303 0.00077308512507649892 1.3145034318917186e-05 3.5000000000000004 32.500000000000007 -3.8825395403337058e-12 9.5000000000000018 0.88964992389649933 -0.56174490092936669 11.500000000000002 0.00082017682636050416 6.5000000000000009 4.2009854080614619e-05 -0.98296291314453399 2.5000000000000004 5.419754394101461 5.8593768666142356 0.87837969732492682 4.0591315302829679e-06 -0.00059679582297702107 -0.036911609915301818 0.94160272804774092 -0.70710678118654735 2.5000000000000004 0.00039413584762083419 0.88657804459691258 9.5000000000000018 0.82998795664391822 0.00039413584762083419 6.5000000000000009 -0.9159756150367534 0.90439373713699056 4.2013357521931696e-05 -0.051890633772702852 2.2384052651787587e-05 0.59232954545454553 0.066120218579234988 -0.8783796973249266 0.03478523895946764 103.50000000000001 20.500000000000004 -0.040429138808248874 33.500000000000007 0.015833455483242578 6.5684107684209887e-06 0.27768410197483334 0.00083290287775773005 8.0772341169730471 -0.00093230554967919878 5.9890144586374507e-05 0.65419580419580436 6.0899832695763232 0.019273973932289305 27.500000000000004 0.82785560344827591 0.099295774647887344 5.4370335271158199 1.0000000180025095e-35 -0.00098822158780005544 -0.98296291314453399 10.500000000000002 4.5070784591530524 3.4882108358713162 0.91607981220657286
decision_type=2 2 2 2 2 2 2 2 2 2 2 2 2 2 2 2 2 2 2 2 2 2 2 2 2 2 2 2 2 2 2 2 2 2 2 2 2 2 2 2 2 2 2 2 2 2 2 2 2 2 2 2 2 2 2 2 2 2 2 2 2 2 2 2 2 2 2 2 2 2 2 2 2 2 2 2 2 2 2 2 2 2 2 2 2 2 2 2 2 2 2 2 2 2 2 2 2 2 2 2 2 2 2 2 2 2 2 2 2 2 2 2 2 2 2 2 2 2 2 2 2 2 2 2 2 2
left_child=1 3 7 14 5 6 32 -3 22 37 11 15 25 17 -1 16 23 18 24 33 60 48 62 43 -5 28 75 103 29 -7 31 -22 92 -20 -30 36 -36 -8 111 -12 87 68 -11 -4 -34 -46 -32 118 49 50 63 55 121 54 -54 58 57 -57 86 -56 -19 -62 119 73 115 -60 -24 -29 76 -70 71 98 -26 -14 -51 108 77 91 102 109 -43 -64 -10 84 85 -84 -42 88 90 114 -16 -33 -2 -94 -93 -89 -97 -17 -71 107 -85 -91 -78 -13 106 -106 -40 -86 -27 -68 -111 112 -28 -25 -90 -52 -117 -76 -48 -6 -98 122 123 -53 -123 -126
right_child=4 2 10 13 8 12 9 -9 82 42 39 27 21 -15 40 97 -18 20 19 -21 30 -23 66 113 72 26 38 67 34 -31 46 41 44 -35 35 -37 -38 -39 104 -41 51 80 -44 -45 45 -47 47 -49 -50 74 64 52 53 -55 59 56 -58 -59 65 -61 61 -63 81 -65 -66 -67 79 -69 69 70 -72 -73 -74 -75 117 -77 78 -79 -80 -81 -82 -83 83 100 99 -87 -88 95 89 101 -92 94 93 -95 -96 96 120 -99 -100 -101 -102 -103 -104 -105 105 -107 -108 -109 -110 110 -112 -113 -114 -115 -116 116 -118 -119 -120 -121 -122 124 -124 -125 125 -127
leaf_value=-0.0043743674045060342 -0.0097311267369814391 -0.0015784847536320927 -0.01027786647489214 0.0017406384216586614 0.014180004055291892 0.012202252651392883 -0.00010600868775423582 0.039015641202817433 0.0090607991207873433 0.019629746065753094 0.014783879199251854 0.0019168899185629065 0.010289210186783691 0.0026980682839884032 -0.019523692531695835 -0.0041572500184110777 0.017572727363092996 -0.0011836824831516662 0.034174824186793802 0.037412764781315104 -0.01713243011924746 0.027944247301738147 0.027047312659591777 -0.0071624447414295484 -0.021848489137132332 0.015595744418738556 -0.0020112969988868219 0.0054962149471860901 0.014279361774423413 0.024344375369066987 -0.0081805682022567019 0.0051316977317141937 -0.00037194569546931131 -0.0048733253771035684 -0.00020209493947250719 0.02288898610282766 0.015314732588582064 0.01484482433836793 0.015279819111680854 -0.013640712307577949 -0.0045153832591184476 0.064590703860070098 0.0079495592614573733 -0.0037121628221865898 0.0039687587483234537 0.019090980342847421 0.018750901853510891 -0.0080543108508552164 0.021257251789418397 0.025966383965920343 -0.017738983099764821 0.0046104965147847178 -0.010183613482228446 -0.012836320678955904 0.0004702786591777551 -0.0053777448983831043 -0.015067302701183106 0.019867451632252859 -0.0099523170190879192 0.011399031181711808 0.037648423729906372 0.00058337602063272169 -0.01053406580574371 -0.0040813337744500132 0.0046069158019426751 -0.020450128499064496 0.0025589279055403453 -0.0050432271978030534 -0.0060527989314911488 0.0038153022375663568 -0.0015160511148864196 -0.0054120588863443347 0.0051324990387555556 0.0058319590013085057 0.0074591138579115012 0.014003256761944151 -0.0078421179015447113 -0.011339706667445389 -0.001121998164132273 -0.032584612466632551 -0.00033205496343723481 0.00033141059514664212 -0.0055322649058231199 0.0020390281764954498 0.00055704841374701092 0.012514439865742747 0.0040140100004861607 2.5450496768596872e-05 -0.0081130385509222813 -0.0056571053073064684 -0.010206916597146461 -0.007867515276197971 0.0025406559738614634 -0.012651666342759117 0.018173829732949207 -0.017241359623364434 0.009831106657878735 -0.0090695580366268319 0.072467423420693497 0.0063901857867400269 -0.0061276904951336319 0.0097865506847697667 0.010002679860243393 -0.012698726879360196 0.0047195646519730579 0.016845677390705166 -0.0028264151722303885 -0.0096309436895524944 -0.050606957382577172 0.003110856397559173 -0.020159590114800417 -0.0038589119310311728 0.022184769228466458 0.0031197112757246487 0.0093010570310735168 -0.0016264916486449761 0.05987742867309126 -0.0053534516312667519 -0.0011833046278115532 -0.0068986909733827042 -0.01145697520413989 -0.0085634141970677979 0.0026741284774818882 -0.016042590112361792 -0.0054860074492116958 -0.0097875744004328087
leaf_weight=2862 149 5065 1490 794 136 2062 1211 10011 1052 975 386 142 224 1538 5301 8565 4343 647 75 432 783 1080 262 330 788 68 134 72 1637 5604 13344 664 2561 282 1609 311 219 16630 351 65 1070 191 374 1785 17290 2767 270 2173 641 766 900 114 323 712 490 192 911 333 2473 334 174 217 611 170 779 5086 1483 7671 1446 530 1374 171 204 421 694 10561 3113 672 897 157 454 158 91 1719 1190 418 131 264 1593 539 1462 170 324 144 179 9798 144 570 196 2499 762 323 124 5037 713 291 414 131 107 225 219 1005 224 3958 62 363 68 447 301 1179 1042 1449 135 280 1390 6843
leaf_count=2862 149 5065 1490 794 136 2062 1211 10011 1052 975 386 142 224 1538 5301 8565 4343 647 75 432 783 1080 262 330 788 68 134 72 1637 5604 13344 664 2561 282 1609 311 219 16630 351 65 1070 191 374 1785 17290 2767 270 2173 641 766 900 114 323 712 490 192 911 333 2473 334 174 217 611 170 779 5086 1483 7671 1446 530 1374 171 204 421 694 10561 3113 672 897 157 454 158 91 1719 1190 418 131 264 1593 539 1462 170 324 144 179 9798 144 570 196 2499 762 323 124 5037 713 291 414 131 107 225 219 1005 224 3958 62 363 68 447 301 1179 1042 1449 135 280 1390 6843
internal_value=-0.000782262 -0.00540071 -0.0017522 -0.00771958 0.00601086 0.00679903 0.00536737 0.00389828 0.00124665 0.00740427 -0.00422775 -0.00444735 0.00870411 -0.00494962 -0.00967259 -0.00295888 -0.00105659 -0.00536885 0.000450582 0.0149213 -0.0059023 0.00496455 -0.00317362 -0.00323302 -0.00596594 0.00967114 0.00808909 -0.00686896 0.0115843 0.0132858 -0.00625975 -0.00435682 0.00368384 0.000600829 0.0081169 0.00448811 0.00192035 0.00669772 0.00319732 0.0121765 -0.0100567 -0.00364937 0.0166894 -0.00703887 0.00396035 0.00452186 -0.00755484 -0.00345216 0.00332375 0.00216663 -0.00058447 -0.0089392 -0.00749275 -0.00132913 0.00433377 -0.010647 -0.00427481 0.00931604 -0.0116885 0.00966224 0.00339885 0.0126326 -0.00784586 0.00635671 -0.00327423 -0.0127548 0.000984688 -0.00490675 -0.00426161 -0.00132523 0.00197825 0.00827883 -0.0119057 0.0105192 0.00637683 0.00951401 -0.00613453 -0.00160503 -0.00797656 -0.000713259 0.00536539 -0.0144735 0.00373777 0.00277696 0.00478715 0.0139056 -0.00495232 -0.0112663 -0.00961228 -0.00508822 -0.011291 0.00403487 -0.00640273 -0.00154334 -0.00509181 -0.012626 -0.0129302 -0.00543627 0.0121956 0.00355556 -0.000733105 0.00127451 -0.0098959 -0.00979504 0.00712937 0.0112091 0.00173701 -0.000921945 -0.006875 0.000668996 -0.00743875 -0.00191338 0.00687328 -0.000321453 -0.00839608 -0.00710891 0.000579129 0.0022055 0.00668837 -0.00392992 -0.00720823 -0.00861369 -0.000566479 -0.00567669 -0.00905285 -0.0098862
internal_weight=213929 127349 49490 77859 86580 74288 42425 15076 12292 19190 34414 33963 31863 32203 45656 21041 11906 30665 2575 789 28090 6553 4430 7563 1786 25310 13868 12922 11442 7666 27052 10964 23235 357 3776 2139 1828 17841 3132 451 42794 10181 1349 3275 22618 20057 16088 2744 5473 4832 2925 22266 12070 1859 1147 10196 1436 525 8760 824 1038 391 2084 815 2110 7559 2346 7743 9536 3717 2271 897 992 645 1907 10736 5819 1685 4134 2084 645 769 7862 6810 4329 509 1201 20528 9280 2517 6763 1013 617 468 349 11248 10984 9135 726 3820 2481 862 3237 5179 1769 1004 765 1321 175 1927 444 1363 358 4288 1655 1331 431 1141 571 1315 1186 10211 529 394 9682 8233
internal_count=213929 127349 49490 77859 86580 74288 42425 15076 12292 19190 34414 33963 31863 32203 45656 21041 11906 30665 2575 789 28090 6553 4430 7563 1786 25310 13868 12922 11442 7666 27052 10964 23235 357 3776 2139 1828 17841 3132 451 42794 10181 1349 3275 22618 20057 16088 2744 5473 4832 2925 22266 12070 1859 1147 10196 1436 525 8760 824 1038 391 2084 815 2110 7559 2346 7743 9536 3717 2271 897 992 645 1907 10736 5819 1685 4134 2084 645 769 7862 6810 4329 509 1201 20528 9280 2517 6763 1013 617 468 349 11248 10984 9135 726 3820 2481 862 3237 5179 1769 1004 765 1321 175 1927 444 1363 358 4288 1655 1331 431 1141 571 1315 1186 10211 529 394 9682 8233
is_linear=0
shrinkage=0.05


Tree=21
num_leaves=127
num_cat=0
split_feature=9 10 10 10 9 26 9 9 9 17 17 26 33 9 10 9 10 10 31 26 3 10 9 9 10 9 8 17 17 9 15 1 5 1 33 9 17 0 9 0 9 30 18 24 9 28 20 31 17 17 28 9 9 35 9 33 24 31 0 30 17 24 31 18 9 31 9 33 20 9 26 17 35 33 9 0 31 28 8 9 31 28 35 35 10 31 20 20 23 31 28 31 28 17 25 25 17 20 17 8 8 30 35 24 0 9 9 31 19 31 28 35 3 9 17 9 24 30 23 15 17 3 31 28 1 30
split_gain=2408.2 850.587 644.904 562.774 264.808 152.165 148.029 94.3098 73.4819 72.9899 70.4734 66.0779 63.5448 57.6269 55.1992 96.6656 60.1779 53.8111 48.8361 48.5737 65.2909 48.5455 46.5152 44.5828 43.6505 69.8599 42.2754 41.3402 39.7214 51.3143 37.9554 38.1066 36.4036 36.1334 35.4244 35.3957 34.8816 32.5444 30.9845 29.7195 28.2283 25.4696 25.8087 23.6171 22.9535 45.3898 32.4312 26.3295 22.0615 22.0524 21.7891 21.5479 20.8604 20.7067 19.2578 19.1654 21.1735 19.0467 18.7656 29.9708 18.6108 18.2981 20.0424 17.7816 17.3051 17.0839 16.8865 16.7657 16.5431 16.299 16.2333 21.9734 16.023 15.9791 15.7851 21.2237 15.5412 15.4712 15.1043 14.6716 14.6454 14.4037 14.3854 14.4364 14.058 14.0405 21.6845 17.0194 18.3318 19.8468 21.3978 19.0015 17.2766 17.1546 19.4553 18.7685 16.3135 16.3101 16.0897 22.1258 14.9353 14.3008 13.5873 14.9842 25.6025 31.3923 13.5305 13.1901 13.174 13.1691 13.0763 13.0566 28.5054 21.8163 29.8243 24.4525 23.4096 27.8578 20.6183 18.6 17.2391 22.6055 16.1959 13.0438 12.9813 16.6032
threshold=6.443721501868823 1.0000000180025095e-35 2.5000000000000004 3.5000000000000004 7.3268331890861695 222.50000000000003 6.2573395609730058 8.6217987304150636 5.5399478813362029 43.500000000000007 10.500000000000002 408.50000000000006 0.027207136329413076 3.9225284647455312 1.0000000180025095e-35 6.7262945464562831 1.5000000000000002 1.5000000000000002 0.014665138462222225 322.50000000000006 0.1294095225512602 1.5000000000000002 7.0164023594358147 8.0772341169730471 1.5000000000000002 5.3445275246338086 9.5000000000000018 51.500000000000007 8.5000000000000018 8.0772341169730471 1.0000000180025095e-35 3.5000000000000004 1.0000000180025095e-35 4.5000000000000009 -0.16006091799829295 2.4702248768463457 58.500000000000007 5.5000000000000009 6.0287404210997799 8.5000000000000018 4.1469070214803789 -0.080005359484165858 1.5000000000000002 1012.5000000000001 5.8593768666142356 1.7703697721280111e-05 0.8239268680445152 2.9040125042585044e-05 3.5000000000000004 5.5000000000000009 0.0057588348850819088 7.0164023594358147 6.392478639280232 1.6933645686538135e-06 11.776694405803424 -0.00040839424215765278 206.50000000000003 -0.0002206530773938185 3.5000000000000004 0.015502535590858473 44.500000000000007 308.50000000000006 0.35687569220488885 4.5000000000000009 5.915894405440115 0.00061657671300589269 6.526080110683238 8.1567976326671677e-05 0.85391260162601634 4.6762700054057946 401.50000000000006 49.500000000000007 -0.11107532211208086 -0.032550345257484077 3.5624033520609206 15.500000000000002 0.00066019123556415246 -1.0643390202115356e-08 8.5000000000000018 7.5158635209488986 0.0013146568185098059 0.0051985664063380881 -0.034638889519482748 -0.029623614154496488 1.5000000000000002 -0.00077137680250744921 0.86996779388083745 0.82116204690831573 0.77628909290850145 1.6010136930410049e-05 6.9174380530839925e-06 -1.4030833323830709e-05 0.00032226356159491899 26.500000000000004 54.500000000000007 103.50000000000001 7.5000000000000009 0.97752525252525257 47.500000000000007 8.5000000000000018 9.5000000000000018 0.0065911105116824974 0.002070293176128773 208.50000000000003 1.5000000000000002 5.2493401976304712 6.9738320386190447 0.91043797189931219 0.055175038051750384 6.8446693649391576e-05 0.0041154496940136679 1.2077124536020805e-05 -0.98296291314453399 3.7422261563057631 30.500000000000004 4.6762700054057946 304.50000000000006 0.0014401658109225643 0.77628909290850145 1.0000000180025095e-35 24.500000000000004 -0.9159756150367534 1.11221394252412e-05 2.1721049052894194e-05 1.0000000180025095e-35 -1.0000000180025095e-35
decision_type=2 2 2 2 2 2 2 2 2 2 2 2 2 2 2 2 2 2 2 2 2 2 2 2 2 2 2 2 2 2 2 2 2 2 2 2 2 2 2 2 2 2 2 2 2 2 2 2 2 2 2 2 2 2 2 2 2 2 2 2 2 2 2 2 2 2 2 2 2 2 2 2 2 2 2 2 2 2 2 2 2 2 2 2 2 2 2 2 2 2 2 2 2 2 2 2 2 2 2 2 2 2 2 2 2 2 2 2 2 2 2 2 2 2 2 2 2 2 2 2 2 2 2 2 2 2
left_child=1 10 4 5 14 6 24 12 40 26 48 54 19 35 49 21 51 -6 65 22 27 66 -4 -19 38 69 30 34 29 58 31 64 -32 -29 -21 -11 60 81 -3 55 63 -30 79 67 47 46 -46 111 -1 -2 107 -17 84 72 70 57 -57 68 59 -22 -15 123 82 -7 74 -14 -16 110 -39 -26 -9 -72 -13 -56 75 -5 -47 -42 -62 -43 -35 -33 -63 -84 -8 86 -36 92 91 -90 -91 97 98 94 96 -95 -93 -89 99 -87 -98 -96 103 104 105 -76 -18 -10 -81 -38 -41 113 -113 114 119 116 -115 -118 -114 -28 121 -117 -123 -49 -24 -126
right_child=2 3 7 9 17 8 52 11 50 13 -12 53 18 36 15 16 106 23 -20 20 28 -23 124 -25 25 -27 44 33 41 -31 32 37 -34 80 85 -37 109 39 -40 43 77 42 -44 -45 45 76 -48 61 -50 -51 -52 -53 -54 -55 73 56 -58 -59 -60 -61 78 62 -64 -65 -66 -67 -68 -69 -70 -71 71 -73 -74 -75 102 -77 -78 -79 -80 108 -82 -83 83 -85 -86 87 -88 88 89 90 -92 93 -94 95 101 -97 100 -99 -100 -101 -102 -103 -104 -105 -106 -107 -108 -109 -110 -111 -112 112 118 115 -116 120 117 -119 -120 -121 -122 122 -124 -125 125 -127
leaf_value=-0.018589536772526793 -0.026552130142554455 -0.056444288067984877 -0.00099960408469848875 -0.010277050723594548 0.074226384353772906 -0.01701163162819895 -0.013774884881748994 0.011232983401880569 -0.003112789080992202 -6.201146131947291e-05 0.041195140719630506 -0.042088483369186219 0.0059089182120110103 0.021292522586624188 0.005724031488338702 0.043614870989542615 0.0045482929026826628 0.020994618250646618 -0.00032946085853855075 0.016184618079108506 0.007479562051785885 0.00011986824442092531 0.0089665485879041554 0.044833357522251295 -0.046863432727878351 -0.0097831739658517346 0.0057113988051988645 0.00042366069411484521 -0.010334517124312874 -0.0088864296260390205 -0.034506341243239161 -0.010565463573098292 0.018920173045254368 0.018670696313430036 -0.024848419988704486 0.032602764521604412 0.0034672357420624427 -0.0050268836518432688 -0.029485203293184815 -0.0064493910027738442 0.0034722406288715773 -0.00057209735273658086 -0.011887114502029908 0.0047682865681577397 -0.0029868868366428854 -0.0030363111549448485 0.043176548880367809 0.0024608290065233898 0.013008246989637158 0.025639672729920494 0.0047475870514972433 0.052835415447534652 -0.0020293754782594732 -0.011139518134645358 -0.021013187845695835 0.069332826613903373 0.00060783616063753241 -0.011868544534068406 -0.00032259121872878042 -0.0036024007284105189 -0.0089540233368191596 -0.011204383695928369 -0.0073010237076246614 0.0043495690899795205 -0.0081489237832062366 0.014990908469489073 0.025447088486089869 0.001464105521995948 0.0006923162708500568 -0.023473515781262565 -0.0012729151841972366 0.011865482719699883 0.0024412694345983892 0.02952397996889616 0.0050816615892371741 0.0081540200906001555 0.0036987278309586523 -0.007093577099278197 0.00015814875661225445 -0.014432370094485556 0.0022459012788612338 0.0044630668751722601 0.0043665106353067131 0.0021859395735784881 -0.0029232710670832143 -0.0070533547741861886 0.0011444593945441361 0.02006256609536837 -0.0080389744633911197 0.048148914773104574 -0.0041591188786334081 -0.0091719510224340921 0.0055519364552128556 -0.00068413222786335509 0.0033376451760589302 -0.022797445416898612 0.0025536330593490114 -0.18806616050440111 0.014372150347664779 0.0015552013016073599 -0.0028116331214737386 -0.042239502408911639 0.010192381747987722 -0.00092581732130335784 0.012748249105771631 -0.03819324779498974 0.012592638688761863 0.0072734399388610432 -0.0027555050197220106 0.022264823441085119 0.0017226181197253579 0.0021223661370218627 -0.0081207453316370637 0.029765893511678937 -0.042727749200232978 -0.0077422385203701483 -0.013329584083197926 0.0012388819562823802 0.0029160732031423588 -0.010465133014670034 0.026198642271549014 0.00043957390827554122 -0.0086780819934594959 -0.01988145764227707 0.0056143472945298679 0.0017341078778095151
leaf_weight=2629 976 6041 7151 496 2558 7217 4634 5923 11816 161 10125 79 469 140 3013 5778 2725 4959 637 184 331 3398 733 4023 3013 10819 1463 831 516 168 67 1820 190 428 450 481 357 217 5593 2359 51 1275 1413 248 152 880 613 204 10575 3645 416 2938 2574 836 41 135 1112 333 226 83 446 241 99 99 810 410 6969 189 615 4685 1028 267 1151 532 209 199 493 14984 557 392 119 79 186 3563 1634 366 336 359 790 62 736 304 197 316 1038 247 421 51 117 1101 448 74 283 3100 383 162 3251 80 1013 170 120 224 1491 92 133 298 823 314 279 71 128 1819 124 478 1974 7482
leaf_count=2629 976 6041 7151 496 2558 7217 4634 5923 11816 161 10125 79 469 140 3013 5778 2725 4959 637 184 331 3398 733 4023 3013 10819 1463 831 516 168 67 1820 190 428 450 481 357 217 5593 2359 51 1275 1413 248 152 880 613 204 10575 3645 416 2938 2574 836 41 135 1112 333 226 83 446 241 99 99 810 410 6969 189 615 4685 1028 267 1151 532 209 199 493 14984 557 392 119 79 186 3563 1634 366 336 359 790 62 736 304 197 316 1038 247 421 51 117 1101 448 74 283 3100 383 162 3251 80 1013 170 120 224 1491 92 133 298 823 314 279 71 128 1819 124 478 1974 7482
internal_value=-0.000789741 -0.00519604 0.00559684 -0.00714405 0.00983787 -0.00948412 -0.0116273 0.0012442 -0.00707187 -0.00132164 0.00342622 0.00553818 -2.94704e-05 0.00719896 0.00753739 0.00837091 0.011171 0.0163491 0.00995398 -0.000507924 -0.00265472 0.00529324 0.00127414 0.0145104 -0.0132958 -0.0117796 -0.00204458 -3.75829e-05 -0.00698681 0.00322263 -0.00408842 -0.00447044 0.0147615 0.00791396 -0.00148415 0.0198686 0.00228358 -0.00687327 -0.0157028 -0.00486218 -0.00878053 -0.00877817 -0.00744082 -0.00825402 -0.000150285 0.00461736 0.0143344 -0.000999168 0.001019 0.00247028 -0.00396769 0.0138218 -0.00593365 -0.00240705 0.00764527 -0.000752999 0.00354832 -0.00535256 0.00968992 0.0159547 -0.00262848 0.00188495 0.00315034 -0.0113318 -0.00138923 0.0175594 0.00704967 -0.00962589 -0.00127837 -0.0154232 0.00693548 0.00185577 0.00172065 0.016449 -0.000252222 -0.00719643 -0.0008291 -0.00753574 -0.00502728 -0.00454376 0.0178306 -0.0124882 0.00371089 0.00447456 -0.00748924 -0.00202784 -0.0083249 -0.00127526 -0.00281076 -0.00720653 -0.00162516 -0.000660435 0.00289894 -0.00211356 -0.00018013 -0.00988996 -0.00466256 0.00933735 0.00113908 -0.000310801 -0.00114702 0.0045479 0.000921657 0.000138638 0.0064361 -0.00291888 0.00729644 -0.00436182 -0.00805851 0.0128618 -0.0107196 -0.00289475 -0.00633567 -0.00158681 0.00313547 -0.00377602 -0.00948339 -0.0114558 -0.00846479 0.00512346 -0.000801389 -0.00183548 0.000145021 -0.00566958 0.00344296 0.00294261
internal_weight=213929 126591 87338 103262 44233 73656 38993 43105 34663 29606 23329 9857 33248 2312 32693 28072 14692 11540 1516 31732 14392 13380 17340 8982 30151 18517 27294 8975 5417 808 13126 12869 257 1378 7597 642 1670 7227 11634 5328 22351 4609 4093 2916 14168 2138 765 12030 13204 4621 12312 8716 8842 2066 7791 2412 1247 1165 640 414 1143 4771 4089 7316 5642 879 9982 2668 832 7698 7218 1295 1230 573 4832 695 1373 15035 1003 2680 547 1899 3990 3749 6268 7413 786 6627 4846 1588 798 3258 1781 2848 2285 563 1173 410 1584 1467 869 1112 4137 3854 754 371 5976 11896 1405 527 2479 7259 1994 5265 1667 3598 1229 1137 1770 1534 2369 2241 1943 682 10189 9456
internal_count=213929 126591 87338 103262 44233 73656 38993 43105 34663 29606 23329 9857 33248 2312 32693 28072 14692 11540 1516 31732 14392 13380 17340 8982 30151 18517 27294 8975 5417 808 13126 12869 257 1378 7597 642 1670 7227 11634 5328 22351 4609 4093 2916 14168 2138 765 12030 13204 4621 12312 8716 8842 2066 7791 2412 1247 1165 640 414 1143 4771 4089 7316 5642 879 9982 2668 832 7698 7218 1295 1230 573 4832 695 1373 15035 1003 2680 547 1899 3990 3749 6268 7413 786 6627 4846 1588 798 3258 1781 2848 2285 563 1173 410 1584 1467 869 1112 4137 3854 754 371 5976 11896 1405 527 2479 7259 1994 5265 1667 3598 1229 1137 1770 1534 2369 2241 1943 682 10189 9456
is_linear=0
shrinkage=0.05


Tree=22
num_leaves=127
num_cat=0
split_feature=9 10 10 10 9 10 9 9 17 9 17 33 26 9 10 9 10 10 31 26 3 10 9 9 10 17 8 15 4 32 17 9 9 9 1 17 1 2 29 9 32 33 32 9 9 9 28 16 1 31 1 16 32 29 18 32 9 9 16 33 20 19 17 0 33 2 9 28 17 20 31 16 9 17 18 0 18 9 20 32 32 33 9 9 0 28 14 32 18 26 17 7 31 16 8 23 10 32 9 19 9 3 0 8 17 9 0 28 7 23 17 31 17 17 14 17 32 7 20 32 33 20 32 19 5 9
split_gain=2198.12 775.608 584.758 506.974 241.895 137.042 162.638 85.7038 72.9057 64.4348 62.9215 62.8885 62.2577 57.4832 51.8725 80.4392 63.2 48.6869 47.2289 43.4804 57.4125 42.974 73.6294 41.5078 40.4364 37.7361 37.2738 37.3056 39.6158 36.6058 36.1979 49.8395 35.768 35.3957 34.6387 34.3681 32.7533 32.5367 40.6807 31.1976 30.3879 28.3392 27.2727 25.6973 24.4311 24.2677 24.1859 24.1273 24.1509 29.5656 31.0988 22.9889 21.3261 21.1172 20.7911 19.6385 19.0421 18.8449 18.8413 18.6612 25.1689 23.0357 18.5758 18.2678 30.5721 18.2155 17.6046 21.19 17.5582 17.5053 17.2052 17.0673 16.9107 16.8977 16.7922 16.7551 18.6521 16.7432 16.4242 15.7784 25.9745 15.6097 15.5706 16.6294 18.1657 14.9798 14.9716 14.7941 14.432 14.425 20.0982 14.175 14.1667 14.0476 13.914 13.912 13.7172 13.6442 13.6089 24.0818 19.1149 22.1819 19.4187 17.1367 16.2325 13.5188 13.4075 13.288 23.3413 13.1532 14.0472 18.6256 13.0857 21.9616 12.8788 12.8781 12.6083 13.4152 20.7335 25.9094 23.0225 27.2066 18.9299 16.8382 15.9564 18.1315
threshold=6.4545951288780747 1.0000000180025095e-35 2.5000000000000004 3.5000000000000004 7.4023669590354144 2.5000000000000004 6.2573395609730058 8.6217987304150636 43.500000000000007 5.5399478813362029 8.5000000000000018 0.027207136329413076 408.50000000000006 3.9225284647455312 1.0000000180025095e-35 6.7147399005788948 1.5000000000000002 1.5000000000000002 0.014665138462222225 322.50000000000006 0.1294095225512602 1.5000000000000002 5.3263453541093524 7.0164023594358147 1.5000000000000002 51.500000000000007 9.5000000000000018 1.0000000180025095e-35 0.87837969732492682 0.023329538292656962 8.5000000000000018 8.0772341169730471 8.8625539294412121 2.4702248768463457 3.5000000000000004 58.500000000000007 4.5000000000000009 0.98296291314453421 2.8682416360007436e-05 6.0287404210997799 0.0019181025040299819 0.0013946855055341361 -0.010192811491428149 4.1469070214803789 6.392478639280232 7.0164023594358147 0.0048831831776734403 2.5000000000000004 4.5000000000000009 -8.1188740272796685e-05 3.5000000000000004 2.5000000000000004 -0.016951733111216599 2.8682416360007436e-05 1.5000000000000002 -3.4358544793521621e-05 11.776694405803424 4.3670047918406736 1.5000000000000002 -1.0000000180025095e-35 0.64346246973365628 0.30495169082125612 14.500000000000002 3.5000000000000004 0.00036198888936714269 0.91597561503675362 6.1187624034332968 0.0061372167853079827 24.500000000000004 0.73942823108993461 -0.0017052925638774469 3.5000000000000004 5.705704427546471 44.500000000000007 4.5000000000000009 6.5000000000000009 4.5000000000000009 4.6762700054057946 0.79388422035480866 -0.012700643960577735 -1.7864895270107106e-05 -0.032550345257484077 5.915894405440115 3.5624033520609206 15.500000000000002 -1.0643390202115356e-08 1.0000000180025095e-35 -7.5133271275703271e-06 1.0000000180025095e-35 401.50000000000006 49.500000000000007 1.0000000180025095e-35 0.0013146568185098059 8.5000000000000018 8.5000000000000018 2.2134552619472228 1.5000000000000002 -0.00038406806430567233 3.4882108358713162 0.14185110663983905 4.6762700054057946 0.37940952255126048 5.5000000000000009 10.500000000000002 7.5000000000000009 9.2589953685483088 10.500000000000002 1.0000000180025095e-35 1.0000000180025095e-35 1.2893730126283935 10.500000000000002 -1.0000000180025095e-35 8.5000000000000018 5.5000000000000009 1.0000000180025095e-35 8.5000000000000018 -0.0084380613684195849 1.0000000180025095e-35 0.91202270381836958 0.0094758586402464429 -1.0000000180025095e-35 0.81145747880776609 -1.0000000180025095e-35 0.036038961038961044 1.0000000180025095e-35 4.4306783660096949
decision_type=2 2 2 2 2 2 2 2 2 2 2 2 2 2 2 2 2 2 2 2 2 2 2 2 2 2 2 2 2 2 2 2 2 2 2 2 2 2 2 2 2 2 2 2 2 2 2 2 2 2 2 2 2 2 2 2 2 2 2 2 2 2 2 2 2 2 2 2 2 2 2 2 2 2 2 2 2 2 2 2 2 2 2 2 2 2 2 2 2 2 2 2 2 2 2 2 2 2 2 2 2 2 2 2 2 2 2 2 2 2 2 2 2 2 2 2 2 2 2 2 2 2 2 2 2 2
left_child=1 10 4 5 14 6 21 11 26 43 53 19 56 33 62 24 45 -6 51 23 25 39 77 -4 -16 29 27 34 -29 95 31 63 -19 -10 82 73 97 41 -39 -3 47 46 -32 74 96 -17 75 48 49 72 112 -13 71 -1 109 -54 89 -42 70 -49 61 -61 -2 64 -22 -59 67 -57 -12 -68 -50 -11 -28 -15 -7 -36 -77 -23 105 -72 -81 -58 83 84 -5 -45 -60 -84 -62 -9 -91 -55 -38 -85 -75 -21 -8 -27 99 -82 102 104 103 -100 -102 -14 -71 108 -52 110 111 -44 113 -51 -56 -87 -117 118 120 -120 -118 -122 123 -119 125 -123
right_child=2 3 7 8 17 9 44 12 13 52 68 18 78 35 15 16 -18 32 -20 20 30 22 -24 -25 -26 36 40 28 -30 -31 42 -33 -34 -35 37 -37 92 38 -40 -41 57 -43 54 85 -46 -47 -48 59 58 50 107 -53 55 91 114 66 81 65 86 60 88 -63 -64 -65 -66 -67 69 -69 -70 106 79 -73 -74 94 -76 76 -78 -79 -80 80 98 -83 87 93 -86 115 -88 -89 -90 90 -92 -93 -94 -95 -96 -97 -98 -99 100 -101 101 -103 -104 -105 -106 -107 -108 -109 -110 -111 -112 -113 -114 -115 -116 116 117 122 119 -121 121 124 -124 -125 -126 -127
leaf_value=-0.017393827411875739 0.00052018215300576821 -0.053622073664585636 -0.00093853949257985837 -0.0097631981874148205 0.075912637420940191 -0.016102117357212946 -0.013086140637661545 0.010671334231786541 -5.8910888253499267e-05 0.0046087991839027639 0.030801018409667515 -0.00029852461084062254 -0.037127371254903334 0.020230492424477404 0.015659208219027179 0.041282761437266509 0.0079134114731044085 0.025624415095561182 -0.0003129878156116233 -0.0015126505922431611 0.0071381592178601603 -0.044023425141012887 -0.0093828059740474756 0.0031004175211103348 0.00016698267186826717 -0.0074720461197875579 -0.0033731006321506235 0.017998172487043579 -0.033418697515001754 0.010947968664858525 -0.010173850471202232 -0.0084421081447370715 0.058037696743668446 0.030972626295524188 -0.01037806097107717 0.0095565738484304427 0.017767273067310334 0.023147032993532036 -0.0077000846065708008 -0.028010943128525576 -0.0073533237892976951 0.0084670225695920882 -0.015015255466491099 0.0032986285974279982 -0.0015004785245802336 0.050584136577460831 0.0011284163269178278 0.0035257673223467369 0.024905504327272135 0.00097884783089370077 0.048274007929509227 0.013575018600412332 -0.0046261865888145293 0.022527389833239184 -0.0032626389589951107 -0.0040560745257346145 -0.019962528453411042 0.002713111879674573 -0.015570919369806972 0.022203394225170068 -0.01606553949571396 -0.0011720855958278183 0.040867099135968171 -0.00030646165779234144 -0.0033533881479673902 0.008623616227188758 0.0072272572317954933 0.0088650267735907781 0.058407495404016865 -0.0022682993103568597 0.017898349385314597 -0.00274590334035871 -0.0039343790899624533 -0.0089221712757324521 0.0041320906354805446 -0.0050161600998657576 0.0068473114034963839 -0.022427854017972523 -6.3958722842071062e-06 -0.010005417054029535 0.0061146611503065497 0.028047780970451353 0.0004561723893669873 0.0012783621936235156 0.0077463190860701456 -0.0085310841167132341 0.004645522122419996 -0.01144704581186028 -0.00089537210700038269 -0.0012092694249873749 0.011272208583714888 -0.0051626510626903554 0.0021336062149181732 -0.010174305043383479 0.00016092153332494577 0.0098083153959659681 -0.0025179255913393072 0.0019045315776983849 -0.00098248328868041218 -0.010497586618546198 0.021665852729745194 -0.019536578301050503 -0.0095688324434847049 0.033816803529188415 -3.1099013381550901e-05 -0.0072793430278301728 0.0021684478423713198 0.00307501032314976 -0.00028149173348649992 0.010586806635265724 -0.0040645233011962099 0.005609680217063988 0.0014644467015007523 -0.015344997718921886 -0.021062031160708771 -0.0079083959949197823 -0.007035145959467074 0.006745302861644791 -0.008051980151337226 0.0019348036550549967 -0.0028198299320109543 -0.0032366093377414135 -0.0086058441605739479 -0.010189338294234136 -0.00011314167522076813 0.036374041496960101
leaf_weight=3010 3018 6041 7008 496 2122 7189 4634 5923 161 388 9907 145 223 142 9192 6141 6787 6767 637 7119 326 3085 11264 10189 3123 243 1398 194 63 335 556 168 1549 481 1789 538 419 371 490 5593 237 230 71 51 3155 3374 430 1937 53 534 308 732 3279 4446 663 5450 41 1258 741 262 449 186 1603 226 88 290 320 186 2712 1562 61 96 246 449 99 3556 367 4612 1605 419 480 532 296 3844 199 5357 118 536 888 1028 267 3254 119 293 558 108 1663 588 235 101 159 181 628 53 758 238 916 331 124 75 2258 231 1371 373 743 964 1375 348 1690 215 1009 124 2536 459 307 391
leaf_count=3010 3018 6041 7008 496 2122 7189 4634 5923 161 388 9907 145 223 142 9192 6141 6787 6767 637 7119 326 3085 11264 10189 3123 243 1398 194 63 335 556 168 1549 481 1789 538 419 371 490 5593 237 230 71 51 3155 3374 430 1937 53 534 308 732 3279 4446 663 5450 41 1258 741 262 449 186 1603 226 88 290 320 186 2712 1562 61 96 246 449 99 3556 367 4612 1605 419 480 532 296 3844 199 5357 118 536 888 1028 267 3254 119 293 558 108 1663 588 235 101 159 181 628 53 758 238 916 331 124 75 2258 231 1371 373 743 964 1375 348 1690 215 1009 124 2536 459 307 391
internal_value=-0.000786001 -0.00496492 0.00536063 -0.00681278 0.00943293 -0.00901732 -0.0110046 0.00121443 -0.00128577 -0.00669651 0.00327409 -6.27739e-06 0.00530496 0.00719687 0.00734576 0.00813946 0.0104437 0.0160725 0.00993088 -0.000484891 -0.00251795 -0.0127757 -0.0113004 0.00121018 0.00508624 -5.56731e-05 -0.00200975 -0.00392621 0.0147615 -0.0014398 -0.00658272 0.00316113 0.01433 0.0198686 -0.00430418 0.00233008 0.00756732 -0.00659609 0.00251443 -0.0151744 -0.00023107 -0.00782813 -0.00829694 -0.00830575 -0.00526805 0.0130738 -0.00847487 -0.00111017 -0.00255503 -0.000119935 0.00279957 0.0174235 -0.00377663 0.00045497 -0.00685183 -0.0042023 0.00735024 0.00585894 -0.0054127 0.00225517 -0.00143156 0.0087638 0.00242704 0.00953488 0.015716 0.00786864 -0.00292274 -0.00453111 0.0056656 0.000319301 -0.00360038 0.00646217 -0.00551243 -0.00255849 -0.0107404 -0.00933532 -0.00748918 -0.0150717 -0.00240705 -0.00410308 -0.0046257 0.0161029 -0.00137414 -0.000283233 -0.00741071 -0.00710572 -0.0119531 -0.00767025 -0.00486773 0.00664475 0.00185577 0.00184296 0.0171179 0.000921657 -0.00484931 -0.00219268 -0.00706641 0.00131878 -0.00274519 0.00397184 -0.00468796 -0.000231187 -0.01 0.000750854 0.0029474 -0.0106706 -0.00110954 0.0115007 0.0172311 -0.00421875 -0.00483431 0.00522801 -0.000133596 -0.00477796 -0.0117541 -0.00720145 -0.0060814 -0.0054575 -0.0038404 -0.00796466 -0.00138119 0.00228894 -0.0079204 -0.00124076 0.00901451 0.014351
internal_weight=213929 127349 86580 104020 43676 74358 40047 42904 29662 34311 23329 33047 9857 2329 33238 28617 16302 10438 1514 31533 14336 30595 18961 17197 12315 8931 27333 13154 257 7562 5405 808 8316 642 12897 1687 1369 7233 861 11634 14179 6372 4597 22114 9452 9515 6142 12394 8672 4685 3041 877 12197 10710 4041 11713 7791 1785 3987 3722 1785 448 4621 640 414 1548 8434 5636 12619 2798 3128 484 1644 1149 7288 5712 3923 7697 2066 3075 3014 573 5664 4832 695 14826 859 832 1337 7218 1295 7700 538 4137 1007 7227 6297 831 2595 581 2014 1098 916 288 917 461 2478 763 432 2635 2560 302 2278 907 1406 14775 9418 8454 5111 1905 3206 1831 3343 807 822 515
internal_count=213929 127349 86580 104020 43676 74358 40047 42904 29662 34311 23329 33047 9857 2329 33238 28617 16302 10438 1514 31533 14336 30595 18961 17197 12315 8931 27333 13154 257 7562 5405 808 8316 642 12897 1687 1369 7233 861 11634 14179 6372 4597 22114 9452 9515 6142 12394 8672 4685 3041 877 12197 10710 4041 11713 7791 1785 3987 3722 1785 448 4621 640 414 1548 8434 5636 12619 2798 3128 484 1644 1149 7288 5712 3923 7697 2066 3075 3014 573 5664 4832 695 14826 859 832 1337 7218 1295 7700 538 4137 1007 7227 6297 831 2595 581 2014 1098 916 288 917 461 2478 763 432 2635 2560 302 2278 907 1406 14775 9418 8454 5111 1905 3206 1831 3343 807 822 515
is_linear=0
shrinkage=0.05


Tree=23
num_leaves=127
num_cat=0
split_feature=9 10 10 10 9 9 26 9 17 17 9 10 10 10 9 34 9 26 32 10 9 9 32 26 30 17 9 9 9 31 2 9 17 30 9 9 9 10 17 2 17 24 34 7 17 9 26 17 34 19 20 34 31 17 12 30 9 9 9 18 34 20 23 29 30 17 15 5 11 0 29 24 17 20 4 2 9 9 4 9 17 26 17 9 9 18 26 20 17 24 30 16 17 18 9 31 32 30 17 23 9 11 0 5 18 5 31 29 17 3 29 20 17 29 9 5 9 0 9 7 18 9 17 32 31 11
split_gain=2021.11 697.066 540.756 440.576 207.71 154.806 192.389 76.5978 74.2486 58.5927 58.2576 52.1968 51.8753 64.0012 49.1445 48.6369 46.5427 44.6216 42.6679 38.3117 69.9539 36.4247 35.5803 46.6954 46.6645 35.2164 34.9004 34.3002 34.0917 33.7765 32.3419 31.4622 28.8124 40.7777 29.6841 28.7884 26.5099 28.4142 24.7416 33.0014 32.6469 26.9453 25.4829 28.5594 25.0937 21.0731 20.8393 20.0075 19.9874 19.6382 27.0188 25.5768 24.4311 28.3292 27.6869 19.3563 20.7986 19.16 19.1304 33.1765 25.9544 18.7763 18.8368 18.5488 18.3482 22.2509 18.0074 18.0043 23.0679 17.6251 17.5909 26.456 31.705 17.3485 17.2443 21.7255 20.4609 18.2544 17.1048 28.1718 17.0979 17.0541 16.8857 17.3978 16.6799 16.5981 16.3835 19.2009 16.2419 16.2199 16.2838 16.1812 19.0052 16.1058 16.0615 16.0215 15.8853 15.4969 15.1081 14.9855 14.6024 14.5244 14.1575 14.9909 16.602 14.0361 13.6444 13.6214 13.4732 20.8184 13.3435 14.5465 13.2873 13.232 13.2109 19.5611 14.8332 13.0444 12.8203 16.2908 21.4582 19.1638 13.7221 13.8564 13.816 15.5777
threshold=6.486081953615229 1.0000000180025095e-35 2.5000000000000004 3.5000000000000004 7.3755389876892954 6.2573395609730058 222.50000000000003 8.8625539294412121 43.500000000000007 6.5000000000000009 4.0137166991158617 1.5000000000000002 1.0000000180025095e-35 1.5000000000000002 6.8130858395866065 -0.068720684367180679 4.1469070214803789 404.50000000000006 -0.013733521467320748 1.5000000000000002 5.3445275246338086 8.9833684440751345 0.021288947273612992 322.50000000000006 0.0012585808025227894 58.500000000000007 2.4702248768463457 6.9263963066122605 5.9290548116647663 -0.0047661258656109011 0.25881904510252091 7.2814007519761708 51.500000000000007 0.046516670717326646 8.3487565681117157 7.7225551465088893 6.392478639280232 1.5000000000000002 12.500000000000002 0.60355339059327384 40.500000000000007 709.50000000000011 0.35888895367954399 1.0000000180025095e-35 10.500000000000002 6.7147399005788948 403.50000000000006 24.500000000000004 0.0010849063868341243 0.16152751423149908 0.86996779388083745 -0.060198439668024149 1.0000000180025095e-35 48.500000000000007 42.000000000000007 -0.085481241156870599 8.0772341169730471 2.3178755229034191 4.6762700054057946 1.0000000180025095e-35 9.1488644996161409e-05 0.91607981220657286 1.7912051628352887 0.31673988269181386 5.9420005389081939e-05 32.500000000000007 1.0000000180025095e-35 1.0000000180025095e-35 2.5000000000000004 16.500000000000004 0.0023055180872311267 512.50000000000011 9.5000000000000018 0.89927536231884064 0.87837969732492682 0.25881904510252091 5.3263453541093524 2.9525637600956265 -0.8783796973249266 5.705704427546471 5.5000000000000009 414.50000000000006 37.500000000000007 4.7800036004768485 4.6762700054057946 16.500000000000004 411.50000000000006 0.97752525252525257 44.500000000000007 109.50000000000001 0.00024987817427318967 6.5000000000000009 39.500000000000007 4.5000000000000009 5.8593768666142356 0.91043797189931219 4.3494428923113994e-05 3.8178854300945189e-06 13.500000000000002 1.7423673632902685 7.7629309898717898 1.5000000000000002 8.5000000000000018 0.81174490092936691 1.0000000180025095e-35 -0.56174490092936669 2.9294391925359447e-07 0.00012776998267529231 14.500000000000002 0.78656609248549303 0.090806801094556966 0.93231791113147056 26.500000000000004 2.8682416360007436e-05 4.3098453647368968 -0.56174490092936669 4.3986785712137566 1.5000000000000002 9.8505263167475814 1.0000000180025095e-35 6.5000000000000009 9.5650922337205859 38.500000000000007 0.004922563337296207 0.00027426802557549266 7.5000000000000009
decision_type=2 2 2 2 2 2 2 2 2 2 2 2 2 2 2 2 2 2 2 2 2 2 2 2 2 2 2 2 2 2 2 2 2 2 2 2 2 2 2 2 2 2 2 2 2 2 2 2 2 2 2 2 2 2 2 2 2 2 2 2 2 2 2 2 2 2 2 2 2 2 2 2 2 2 2 2 2 2 2 2 2 2 2 2 2 2 2 2 2 2 2 2 2 2 2 2 2 2 2 2 2 2 2 2 2 2 2 2 2 2 2 2 2 2 2 2 2 2 2 2 2 2 2 2 2 2
left_child=1 9 4 5 12 6 19 15 29 113 26 -6 80 14 -14 55 93 118 31 28 84 100 23 35 30 88 -10 -15 -3 -5 45 63 49 34 -34 85 37 -7 41 40 74 44 43 61 57 -24 -33 97 -27 50 52 -51 -25 54 96 56 -4 105 64 60 66 62 69 -17 65 -41 67 68 101 -43 71 73 -73 -52 77 76 -76 -40 -63 117 -2 -72 83 -61 -21 -20 112 -88 -12 -75 -91 92 106 -8 99 -96 -54 -11 -38 -18 -13 -60 103 104 -37 -31 -19 -39 109 114 111 -94 -74 -1 -79 116 -116 -80 119 120 -9 -121 124 -124 -120 -126
right_child=2 3 7 8 11 36 16 17 10 47 25 21 13 27 -16 18 94 91 22 20 -22 -23 24 32 -26 48 -28 -29 -30 38 -32 46 33 -35 -36 102 98 107 39 58 -42 42 -44 -45 -46 -47 -48 -49 -50 51 70 -53 53 -55 -56 -57 -58 -59 59 82 -62 78 -64 -65 -66 -67 -68 -69 -70 -71 81 72 86 89 75 -77 -78 108 79 -81 -82 -83 -84 -85 -86 -87 87 -89 -90 90 -92 -93 110 -95 95 -97 -98 -99 -100 -101 -102 -103 -104 -105 -106 -107 -108 -109 -110 -111 -112 -113 -114 -115 115 -117 -118 -119 122 121 -122 -123 123 -125 125 -127
leaf_value=-0.021424688830651559 -0.025250532743077023 -0.056577471436082563 -0.0031467373805793455 -0.0055533136039490096 0.070773451065470283 -0.012431833605778469 -0.015355944178928355 0.0070976924576086542 -5.5965343840824225e-05 0.010773486584440661 0.022613778501050286 0.015643843274376627 0.021991816003641106 0.0017453913310528915 0.043063753556337195 0.011153864198537734 -0.005950268612033874 0.0031025083509939322 0.00028864783197070734 -0.04231908983443379 -0.0088248749688567742 0.058666180169691398 0.006516602856565668 -0.0087975797006206776 0.00010187515776625539 0.001489996706196586 0.029165652825484986 0.011171544844292072 -0.027679849607804913 0.0076343596198937685 -0.00039834904167890679 0.012877794880009258 -0.00071721691061596925 0.019885805157090094 0.0092763522989543941 -0.00098597581683269745 0.0011412559090730786 0.0014907249448135262 0.053729300132047998 -0.018200551799054335 -0.057971371830866585 0.0027857140193077137 -0.008726453475883 0.0015254790884281083 -0.013389606353868927 0.014872971544148288 -0.0021652747858045673 0.055487120633816028 0.017256040836541406 -0.030298022717757406 0.0036486345317631843 0.00064576328528085356 -0.00017568837427901744 0.015711143480706981 -0.010478164530804412 -0.0027163088771345271 -0.0079581196918200366 -0.0024819335768331446 -0.0061100942030147933 0.012409949775057117 -0.0024871446718120922 -0.0077319761746220588 -0.015090709888945215 -0.016388600823341599 -0.0021455901808080618 0.02855200385999624 0.014564905188988911 -0.0014846173315988817 0.0020007968654490111 -0.022603046720573186 -0.0026410386102459268 0.0072513575846726054 0.0025496775815591084 0.011278311831885535 0.0010886484105198126 0.0047974353212006885 -0.0089952345260715418 0.042609061904064022 0.011232811705042174 -0.0045177975093454821 0.0238375355162159 -0.022599061891888022 0.00564790046859962 -0.0078640863850304756 -0.021207017470221537 -0.052096065723307189 0.044851995752714563 -0.023145410326594763 -0.0030742331285254997 -0.011291028670255651 -0.0005263265991546529 -0.023919815020412967 0.025129400649462941 0.0039254861037065171 -0.0022146883246857998 0.0070859789941755949 0.0068607590542667553 0.032654997200140347 -0.0027677127931423503 0.0017554650686759038 0.030475197004180488 0.052183345474448931 0.0098900404453930758 0.015847204248920031 0.0070160643987204957 -0.012522157368373553 -0.0047618428326523261 -0.0028736766886007679 0.0013264002080252814 0.070359569618549681 -0.019950499471133965 0.0045070647843093257 -0.0064035139609420338 0.0049154777633276386 0.0085205067601274009 0.004702752055289282 -0.0050229314717153729 -0.0020672843989367065 0.014642941632966852 0.018461351187791953 -0.023160008553006595 0.0044201637533907746 0.024699468069065703 0.00036159474812259233 -0.0077098002971882074 0.015277729568980486
leaf_weight=2205 976 4605 340 317 2261 4634 7217 2012 161 4281 146 2854 10700 5181 6726 580 19082 526 11541 3013 10819 1317 105 2248 1104 304 494 4104 7029 43 221 195 1612 188 183 1770 3111 1057 87 864 209 1568 431 1979 870 480 262 2712 285 114 379 1966 244 106 598 871 439 4585 23 61 918 590 133 45 593 44 113 616 734 131 2358 359 338 43 441 346 568 66 197 292 3645 441 174 1908 4685 84 196 80 1026 604 475 287 219 99 5280 62 98 8725 2921 463 4387 254 1849 220 927 525 749 2340 5365 176 111 419 276 5406 32 513 214 1482 1022 633 133 361 944 143 385 271
leaf_count=2205 976 4605 340 317 2261 4634 7217 2012 161 4281 146 2854 10700 5181 6726 580 19082 526 11541 3013 10819 1317 105 2248 1104 304 494 4104 7029 43 221 195 1612 188 183 1770 3111 1057 87 864 209 1568 431 1979 870 480 262 2712 285 114 379 1966 244 106 598 871 439 4585 23 61 918 590 133 45 593 44 113 616 734 131 2358 359 338 43 441 346 568 66 197 292 3645 441 174 1908 4685 84 196 80 1026 604 475 287 219 99 5280 62 98 8725 2921 463 4387 254 1849 220 927 525 749 2340 5365 176 111 419 276 5406 32 513 214 1482 1022 633 133 361 944 143 385 271
internal_value=-0.000784833 -0.00470412 0.00524122 -0.0064218 0.00924548 -0.00843451 -0.00950328 0.00123663 -0.00127347 0.00312195 0.00712102 0.0152183 0.00718097 0.00802712 0.00981384 0.000187736 -0.00681407 0.00556721 0.000616137 -0.0123739 -0.0109536 0.0134176 0.000276897 -0.000154682 0.0068799 0.00236552 0.0197917 0.00467035 -0.0146288 -0.00201314 0.0159864 0.0103542 -0.00240376 0.00313506 0.000784723 0.0016164 -0.00369402 -0.0055746 -0.00182182 -0.000392872 0.00173492 -0.00341633 -0.00125845 -0.000457895 -0.00585061 0.0220975 0.000362555 0.00486517 0.0122854 -0.00341028 -0.00443801 0.000959233 -0.00802213 -0.00169838 -0.00449735 -0.0081722 -0.0138744 -0.0045158 -0.00309894 -0.00155483 0.00217612 -0.00270407 0.0011595 0.0175992 -0.00801627 -0.0124644 0.00575931 0.00437653 0.00846703 0.00259536 -0.00230509 0.000535391 0.00589912 -0.0039326 0.00226162 -0.00285846 -0.00656065 0.00333811 -0.00546473 -0.0032123 0.00228653 -0.00509183 -0.00617668 -0.00749873 -0.0145989 0.000274076 0.000810056 0.0108185 -0.00265081 -0.00704969 -0.00828183 -0.000322754 0.00126171 -0.010321 -0.00578127 -0.00334674 0.00678674 0.00404773 -0.00118768 -0.00644565 0.0120104 0.0206294 0.00488682 0.00270962 0.00167191 -0.0131414 -0.00245117 -0.00209656 0.00301601 0.00832754 0.00755637 0.0103344 -0.0037399 -0.000478925 0.0049247 0.00297448 -0.00850598 -0.000699227 0.00787104 0.00566873 0.00320349 0.0109459 0.0103565 0.0147367 0.00748366 0.0018003
internal_weight=213929 129624 84305 106295 42151 76417 62354 42154 29878 23329 2416 10819 31332 26711 17426 33939 32203 8215 32289 30151 18517 8558 31207 29297 1910 1761 655 9285 11634 27462 806 1082 12906 1983 1795 16391 14063 8031 27145 14319 8017 12826 6803 6372 6023 585 457 15718 589 10923 8843 2080 3294 1046 940 1650 779 5153 6302 4801 2658 4393 1832 625 1501 908 1740 1627 1011 1699 5549 2750 1249 1501 7808 1355 1009 6453 2561 1971 4621 2799 2143 1969 7698 11625 890 276 1172 1122 1079 2311 2024 7316 24887 5342 342 13006 6032 19545 7241 277 4766 2917 2697 568 1275 3397 6366 1001 749 638 614 7611 825 759 246 1679 5904 3139 2145 994 2765 1087 1678 656
internal_count=213929 129624 84305 106295 42151 76417 62354 42154 29878 23329 2416 10819 31332 26711 17426 33939 32203 8215 32289 30151 18517 8558 31207 29297 1910 1761 655 9285 11634 27462 806 1082 12906 1983 1795 16391 14063 8031 27145 14319 8017 12826 6803 6372 6023 585 457 15718 589 10923 8843 2080 3294 1046 940 1650 779 5153 6302 4801 2658 4393 1832 625 1501 908 1740 1627 1011 1699 5549 2750 1249 1501 7808 1355 1009 6453 2561 1971 4621 2799 2143 1969 7698 11625 890 276 1172 1122 1079 2311 2024 7316 24887 5342 342 13006 6032 19545 7241 277 4766 2917 2697 568 1275 3397 6366 1001 749 638 614 7611 825 759 246 1679 5904 3139 2145 994 2765 1087 1678 656
is_linear=0
shrinkage=0.05


Tree=24
num_leaves=127
num_cat=0
split_feature=9 10 10 10 9 9 10 9 33 10 8 26 10 10 9 10 9 34 9 3 33 26 9 9 18 33 7 9 14 34 9 35 9 9 0 11 23 30 35 1 32 34 10 9 9 32 9 35 9 23 23 24 28 1 24 8 18 31 9 10 0 25 0 8 29 28 9 0 18 9 25 9 23 23 9 18 3 19 9 0 25 18 35 31 30 35 8 9 20 3 32 5 18 1 31 23 9 31 5 3 34 23 19 20 9 30 30 31 8 20 20 20 31 33 8 24 23 28 31 34 8 20 18 0 20 23
split_gain=1837.95 635.765 496.475 411.312 191.065 154.115 179.764 68.3431 57.8776 52.3194 49.5785 48.7649 47.818 57.3838 44.9462 70.5985 44.4287 44.0716 43.2335 39.067 38.6185 37.9244 37.4786 37.0071 34.7099 32.9974 32.4978 31.5436 29.6284 40.6752 29.3061 26.8839 25.3881 25.2104 24.2239 24.1252 23.5973 23.0943 22.3848 22.3185 26.5471 28.5775 20.3886 23.461 20.2637 19.5183 24.0286 46.3841 32.9383 27.6732 20.234 33.2704 19.0446 18.7374 18.5634 18.4832 22.4985 28.9028 18.7945 18.3276 18.1455 17.9524 23.6685 19.5944 23.6306 17.6938 17.5365 17.3952 17.3013 17.0238 26.0301 16.9113 16.8085 16.7796 22.4552 16.4438 16.3682 16.2996 16.0062 15.3357 15.3352 15.3201 14.9522 14.7495 14.6075 22.5722 16.7291 16.4863 15.3233 14.997 14.5031 14.3776 14.6018 14.3704 13.8838 13.8044 13.6635 13.6126 13.5639 13.4155 13.3072 13.2485 13.2322 18.1921 13.1452 21.9518 13.0157 23.6236 16.2861 26.2795 24.3695 38.2112 43.0739 30.5573 33.857 16.1158 12.8 12.7312 12.706 12.6114 16.9989 16.3231 12.4715 12.3143 12.1576 23.0424
threshold=6.4960462968475161 1.0000000180025095e-35 2.5000000000000004 3.5000000000000004 7.3755389876892954 6.2919674446116867 2.5000000000000004 8.9833684440751345 0.022803750657097634 1.5000000000000002 9.5000000000000018 322.50000000000006 1.0000000180025095e-35 1.5000000000000002 5.5188231444133669 1.5000000000000002 4.1469070214803789 -0.05649062445144086 7.0164023594358147 0.37940952255126048 -0.04799456329259847 404.50000000000006 7.0164023594358147 8.9833684440751345 1.5000000000000002 -0.16006091799829295 1.0000000180025095e-35 5.8593768666142356 1.0000000180025095e-35 0.13120235053079318 6.9263963066122605 0.12369668255163056 6.141949462450774 6.9147844479968708 5.5000000000000009 1.5000000000000002 1.3659573209491751 8.5963911863377236e-05 0.029863437275011659 3.5000000000000004 5.2635575913698506e-05 -0.0044298978848107693 1.5000000000000002 4.6762700054057946 6.4128760218017353 0.00019786980545786394 3.6497551770592547 1.2077124536020805e-05 3.3981895808892282 1.9009398437049281 0.98582743238254711 1001.5000000000001 0.00081976002035598079 1.0000000180025095e-35 1011.5000000000001 8.5000000000000018 6.5000000000000009 7.2531940220272733e-05 9.412308328724011 1.5000000000000002 8.5000000000000018 104.50000000000001 3.5000000000000004 10.500000000000002 0.0056405468387571408 0.34784503273328221 5.8593768666142356 13.500000000000002 1.0000000180025095e-35 4.4525110950346276 104.50000000000001 6.6249068028136326 1.2893730126283935 1.4912147535457925 7.1031340757304973 6.5000000000000009 -0.78656609248549325 0.061381475667189961 1.8246898925473982 6.5000000000000009 24.500000000000004 4.5000000000000009 1.6933645686538135e-06 -9.3731689210130364e-06 0.091562640436478118 -0.00069495814203972348 3.5000000000000004 6.9263963066122605 0.97752525252525257 -0.9159756150367534 0.00052185413728621395 1.0000000180025095e-35 6.5000000000000009 4.5000000000000009 0.0004694170041356582 1.7566051543729515 7.9927718313694127 -3.7903882698761767e-05 -0.56174490092936669 -0.70710678118654757 0.0095646409875559738 1.6442313209688704 0.14185110663983905 0.89433811802232865 4.3986785712137566 -0.00047151051403809591 -5.6736610601109645e-08 -0.00040109254832310283 6.5000000000000009 0.85610766045548659 0.91967741935483882 0.90508365508365518 0.00024399678373562126 4.7190434368456602e-05 8.5000000000000018 1003.5000000000001 0.90439373713699056 0.0019871376696760442 0.91043797189931219 0.00052567147842133555 6.5000000000000009 0.89433811802232865 1.0000000180025095e-35 22.500000000000004 0.60903532608695665 1.2142832674095703
decision_type=2 2 2 2 2 2 2 2 2 2 2 2 2 2 2 2 2 2 2 2 2 2 2 2 2 2 2 2 2 2 2 2 2 2 2 2 2 2 2 2 2 2 2 2 2 2 2 2 2 2 2 2 2 2 2 2 2 2 2 2 2 2 2 2 2 2 2 2 2 2 2 2 2 2 2 2 2 2 2 2 2 2 2 2 2 2 2 2 2 2 2 2 2 2 2 2 2 2 2 2 2 2 2 2 2 2 2 2 2 2 2 2 2 2 2 2 2 2 2 2 2 2 2 2 2 2
left_child=1 26 4 5 12 6 14 8 11 -6 28 22 -2 18 42 32 81 123 71 25 98 55 -4 96 61 -13 37 45 29 36 -15 35 -16 -33 -30 -27 106 -1 73 90 68 -42 -3 -44 59 46 47 48 50 80 51 78 116 -24 69 56 58 -58 -9 -7 -36 72 63 64 -63 -39 95 104 97 102 -71 -14 -22 84 79 -40 -49 -52 -12 -75 -48 119 -23 -61 85 87 -87 88 -37 -88 -29 -76 -93 -26 101 -18 -11 -41 -21 -81 -43 -82 103 -47 -51 -106 107 -5 109 -108 111 -110 -113 -112 -115 -111 -19 -73 -68 -8 121 -121 -57 -10 -55 -126
right_child=2 3 7 10 9 44 16 21 17 23 27 19 13 30 15 -17 66 52 -20 20 24 82 53 -25 93 31 -28 39 34 -31 -32 33 -34 -35 60 38 -38 65 75 40 41 100 43 -45 -46 54 49 76 -50 67 77 -53 -54 124 -56 122 57 -59 -60 83 -62 62 -64 -65 -66 -67 118 -69 -70 70 -72 117 -74 74 91 -77 -78 -79 -80 99 94 -83 -84 -85 -86 86 89 -89 -90 -91 -92 92 -94 -95 -96 -97 -98 -99 -100 -101 -102 -103 -104 -105 105 -107 108 -109 110 115 113 112 -114 114 -116 -117 -118 -119 -120 120 -122 -123 -124 -125 125 -127
leaf_value=0.010735909472837981 0.013320017959438827 -0.085223140248131934 -0.00085633052727576036 0.000800700311799637 0.067234778512196766 -0.0089298287985048498 -0.0158201432743801 0.021367057206894892 -0.0012474927349509367 0.017600765269629889 -0.0090563164144287812 0.013658733750311675 0.014306341619629549 0.0017948394764357722 -0.034872699128073101 -0.0071930132679082466 -0.005587308242475982 -0.0043681357940673687 0.045006831563189846 0.01021654790170967 -0.0032467478643432471 0.0035439204041782402 0.0091906393881784447 0.055732871161206822 -0.00081611219580737847 0.0082353944170974365 0.0046986520372660906 -0.001195042165780084 -0.0075246498729228291 -0.0096791481792434016 0.01061296760207747 0.011190362337567978 -0.02140512132756997 0.001290467743023746 0.00057330029142855913 0.018789201153657904 -0.0064073959902889305 0.038501673390963165 -0.010510332735966549 0.00087976850922861008 0.058395786303867839 -0.011944458376736845 -0.039849570903912668 -0.018572807807857684 -0.00063741918988424176 0.012067867423322991 0.0024714244948560848 0.011037839046811944 0.020693146469701586 0.035434180813668892 -0.039406962659082084 0.027497331312336393 0.0022301936843904724 -0.0038234268906189792 -0.013484755507982216 0.0032790638113273322 -0.024412011949236753 0.049164038409795156 0.013363694835895232 -0.0046219010438075265 -0.003744326773347074 0.0065556990483769777 -0.0017643191508644194 0.0072799588456302277 -0.00096933439071645591 -0.04433778039538043 -0.0019852601927613962 -0.0053228744021046222 0.0014559801369845389 0.0027558924957928896 0.011977816046454731 0.038225477314448461 0.004411945080444314 0.010458079409518038 0.0080963288549817346 0.0072244837526693924 -0.01177632373507493 0.0017448350693028026 0.0026614226282992257 0.0031711481692353327 -0.002290543059114053 0.0037292117985211915 -0.0042461808179544581 -8.5330550916642666e-05 -0.026511435530081309 0.022419554305256943 -0.0047562365829476975 0.00025801186297314888 -0.20496703195142457 -0.0012183139579814214 0.008905647560820058 -0.028762763896965915 0.010769524338154726 -0.02325089431612198 -0.012096677167097591 0.0018745980451024807 0.031338259524158703 0.016414928089143216 -0.0084656750401794663 -0.006266945807372408 0.0015936947751967899 -0.015708413606236381 -0.0099452063379745267 -0.00024776751916675627 0.0062797090830332058 -0.0086100784653818496 -8.0281476993732326e-05 -0.012392287473542821 3.4704803264898694e-05 0.0041211599966631731 -0.013261576302538537 0.062985668126822228 -0.011628538272455281 -0.00096871103827627899 0.031546565188416385 0.015239792489716679 0.014327660037967592 0.0072929266386700491 0.0067316800444668151 0.0059062399990061146 -0.014367748933770803 -0.016442909369575664 0.0133640150356031 0.01281662402635741 0.0019633084694287775 0.0077816903774612541
leaf_weight=5012 4621 1348 6308 567 2261 4234 4970 417 595 4150 83 224 4713 5075 7010 9823 18787 39 3235 56 1587 1332 836 1317 360 96 9135 925 1225 724 4104 165 4427 359 974 311 1291 9047 529 143 89 353 3085 6504 5329 262 418 59 310 103 124 344 315 304 319 1705 127 53 2007 573 1892 206 296 131 423 135 5575 112 336 1417 261 8522 96 69 471 48 599 273 510 382 5059 99 869 2521 215 70 1115 893 40 4722 236 76 64 707 434 444 3091 702 869 426 186 175 497 610 559 86 1188 618 2079 517 1177 294 127 1351 127 306 555 609 62 363 1591 265 1187 44 8657 1495
leaf_count=5012 4621 1348 6308 567 2261 4234 4970 417 595 4150 83 224 4713 5075 7010 9823 18787 39 3235 56 1587 1332 836 1317 360 96 9135 925 1225 724 4104 165 4427 359 974 311 1291 9047 529 143 89 353 3085 6504 5329 262 418 59 310 103 124 344 315 304 319 1705 127 53 2007 573 1892 206 296 131 423 135 5575 112 336 1417 261 8522 96 69 471 48 599 273 510 382 5059 99 869 2521 215 70 1115 893 40 4722 236 76 64 707 434 444 3091 702 869 426 186 175 497 610 559 86 1188 618 2079 517 1177 294 127 1351 127 306 555 609 62 363 1591 265 1187 44 8657 1495
internal_value=-0.00077338 -0.00448326 0.00501589 -0.00611313 0.00887694 -0.00804876 -0.00904072 0.00116835 0.000208877 0.0145947 -0.00115065 -0.000240256 0.0068716 0.00769695 -0.011682 -0.0103362 -0.0063947 0.00963941 0.00941071 -0.00233395 -0.00609111 0.00542294 0.00154502 0.0127928 -0.00385332 -0.000601896 0.00299552 0.000805697 -0.00325906 -0.00183541 0.00450485 -0.00102899 -0.0130076 0.00994329 -0.00685974 -0.00163738 -0.000973877 0.00449222 -0.00189672 0.00543698 0.0089016 0.000584519 -0.0142919 -0.013467 -0.00300367 -0.000286472 -0.00147304 0.00294972 0.00743481 -0.00293986 0.00398432 0.00798036 0.0166822 0.00326901 0.00297093 0.00764225 0.0106976 -0.00621622 0.0119638 -0.00470885 -0.00433124 -0.000866435 0.00423186 0.00888889 0.00512224 0.00598182 -0.00538656 0.00543353 0.0133031 0.00417513 0.00754308 0.00818904 -0.00406842 -0.00127159 0.0035633 -0.011396 -0.00822775 -0.0054291 0.000765051 -0.00156746 -0.00412658 -0.0098286 -0.000123526 -0.00177961 -0.00225003 -0.00185823 -0.00314741 0.0042514 0.0133497 -0.00344617 2.35855e-05 0.0108807 -0.00310345 -0.0114809 -0.00480874 -0.00610561 0.0113756 0.0171029 -0.0152285 -0.00354243 -0.00381893 -0.00408761 3.45712e-05 0.00374002 0.00819389 0.00544231 2.99782e-07 -0.00484244 0.000803933 0.00461434 -0.000685561 0.00285429 0.0164965 -0.00401786 0.000772084 0.0114523 0.0219282 0.00944642 -0.00293025 -0.010099 -0.00693682 3.15962e-05 0.00487746 -0.0004309 0.00268999 0.00298612
internal_weight=213929 130380 83549 107051 41698 77010 64353 41851 34154 10819 30041 32606 30879 26258 32197 21260 32156 1548 17079 15006 4731 7697 17600 8558 3806 10275 23329 15584 14457 10366 9179 10051 11437 524 4091 9527 9642 14194 9431 2970 1809 628 10937 9589 12657 12614 9248 2302 1644 6946 1334 937 909 11292 3366 5496 2604 180 2424 7328 2866 2739 1056 760 629 9182 24868 860 1181 3047 1678 13844 1683 8854 1488 577 658 397 593 877 6086 7288 2201 3094 7366 7151 5907 1244 351 5837 1161 611 140 1067 5668 19231 7241 845 925 808 539 5234 1369 872 748 645 8351 1185 7166 2011 5155 2500 421 2655 1478 823 594 9131 5637 7189 2219 628 2892 639 10456 10152
internal_count=213929 130380 83549 107051 41698 77010 64353 41851 34154 10819 30041 32606 30879 26258 32197 21260 32156 1548 17079 15006 4731 7697 17600 8558 3806 10275 23329 15584 14457 10366 9179 10051 11437 524 4091 9527 9642 14194 9431 2970 1809 628 10937 9589 12657 12614 9248 2302 1644 6946 1334 937 909 11292 3366 5496 2604 180 2424 7328 2866 2739 1056 760 629 9182 24868 860 1181 3047 1678 13844 1683 8854 1488 577 658 397 593 877 6086 7288 2201 3094 7366 7151 5907 1244 351 5837 1161 611 140 1067 5668 19231 7241 845 925 808 539 5234 1369 872 748 645 8351 1185 7166 2011 5155 2500 421 2655 1478 823 594 9131 5637 7189 2219 628 2892 639 10456 10152
is_linear=0
shrinkage=0.05


Tree=25
num_leaves=127
num_cat=0
split_feature=9 10 10 10 9 9 10 9 10 10 32 8 34 10 10 29 8 16 20 30 9 9 10 10 9 9 9 9 32 29 34 28 32 9 1 1 34 9 10 20 8 34 15 19 9 0 19 16 8 10 7 28 19 9 24 24 2 34 32 20 32 0 9 20 20 20 24 24 32 9 4 28 20 3 20 34 2 3 24 23 24 18 19 8 12 32 30 28 2 9 20 1 29 8 1 20 30 34 3 9 29 29 20 3 18 32 19 9 30 1 20 30 19 24 28 20 34 9 28 28 20 24 3 9 23 0
split_gain=1682.2 586.146 454.733 372.404 178.016 144.601 173.072 62.6246 47.6701 43.8646 46.2059 46.3635 59.3819 43.7452 53.8935 43.347 42.5318 42.6486 76.4602 41.6902 41.3363 41.0115 45.0988 43.2686 39.6939 37.8564 37.5405 35.9337 34.0177 30.2609 28.1042 27.2818 26.2996 25.8903 25.8555 25.2812 29.2483 24.7209 24.6802 24.5743 35.7481 35.7512 38.8609 25.0816 26.2755 25.4861 24.575 45.5694 24.2847 24.0711 23.9733 22.4832 22.426 22.4008 21.7532 20.7898 20.474 19.9607 19.3696 19.1448 18.8627 30.7038 18.6718 25.9135 18.9363 22.3224 18.248 17.661 17.2103 17.0566 16.9852 16.9815 16.4586 16.2827 16.1543 17.3044 20.4507 15.9874 23.0686 23.3512 22.9884 21.9964 21.6843 20.6303 24.3866 20.5207 19.9789 18.1288 24.617 17.8042 17.4904 17.9236 15.9635 15.9552 15.8857 15.3814 19.0155 15.264 17.5354 15.1171 15.0888 15.0392 15.0369 15.0311 14.5615 14.3879 14.3529 18.6973 14.2417 14.1753 18.5875 14.7805 22.4609 14.3653 14.0774 16.0199 13.9421 13.7056 22.7571 13.9554 13.2243 13.2235 16.2402 13.2024 16.3025 15.9409
threshold=6.4960462968475161 1.0000000180025095e-35 2.5000000000000004 3.5000000000000004 7.4023669590354144 6.2573395609730058 2.5000000000000004 9.8505263167475814 1.5000000000000002 3.5000000000000004 0.023329538292656962 10.500000000000002 0.045003170052500006 1.0000000180025095e-35 1.5000000000000002 0.035871628479571586 9.5000000000000018 2.5000000000000004 0.92805383022774335 -0.086609946905416874 7.0164023594358147 5.8030188361267063 1.5000000000000002 1.5000000000000002 7.0164023594358147 4.1469070214803789 4.7800036004768485 9.1240888491306933 0.0019181025040299819 2.8682416360007436e-05 -0.16346624556334177 0.0024232106439961193 0.0013169182812636869 6.9263963066122605 4.5000000000000009 3.5000000000000004 0.00081104832461029576 6.3820270467460389 3.5000000000000004 0.97530487804878063 3.5000000000000004 -0.0071024695482926831 1.0000000180025095e-35 0.094044811320754734 6.0287404210997799 6.5000000000000009 0.081356867071152791 1.5000000000000002 8.5000000000000018 1.5000000000000002 1.0000000180025095e-35 0.00097959392185579934 0.30495169082125612 4.3986785712137566 1003.5000000000001 200.50000000000003 0.98296291314453421 1.3180912901764177e-05 -0.00038406806430567233 0.91202270381836958 0.0064101984828043466 10.500000000000002 6.7500498314839108 0.93079501915708829 0.89927536231884064 0.87253384912959386 1015.5000000000001 212.50000000000003 0.025487999294063327 6.6804979747772864 1.0000000180025095e-35 3.6159413546166908e-07 0.89927536231884064 -0.70710678118654757 0.96459899749373446 0.00046215043122796413 -0.91597561503675329 0.37940952255126048 310.50000000000006 0.95783530382392057 1013.5000000000001 3.5000000000000004 0.095564253098499682 7.5000000000000009 42.000000000000007 4.7288844882747464e-09 0.00042056877107701459 1.0335553151519114e-07 -0.37940952255126059 7.802215811756688 0.8402898550724639 4.5000000000000009 0.069326523719493452 11.500000000000002 5.5000000000000009 0.64346246973365628 0.0005969145189349145 0.00065519874549176311 -0.78656609248549325 8.3040123642267609 0.0066867257971720186 0.0019103325121988355 0.87585616438356173 -0.70710678118654757 4.5000000000000009 -0.0014837064786271555 0.066120218579234988 5.3640270467460391 0.052860556400657559 5.5000000000000009 0.74305019305019315 0.046516670717326646 0.22305140961857381 1021.5000000000001 0.0013213710258236182 0.85610766045548659 -0.041462050178805186 5.5399478813362029 0.0057588348850819088 -1.0643390202115356e-08 0.77694859038142627 310.50000000000006 -0.98296291314453399 8.0772341169730471 0.66703042864369799 2.5000000000000004
decision_type=2 2 2 2 2 2 2 2 2 2 2 2 2 2 2 2 2 2 2 2 2 2 2 2 2 2 2 2 2 2 2 2 2 2 2 2 2 2 2 2 2 2 2 2 2 2 2 2 2 2 2 2 2 2 2 2 2 2 2 2 2 2 2 2 2 2 2 2 2 2 2 2 2 2 2 2 2 2 2 2 2 2 2 2 2 2 2 2 2 2 2 2 2 2 2 2 2 2 2 2 2 2 2 2 2 2 2 2 2 2 2 2 2 2 2 2 2 2 2 2 2 2 2 2 2 2
left_child=1 29 4 5 13 6 21 9 -6 24 11 19 31 -2 20 -12 30 28 52 123 69 23 -23 -3 -4 104 -25 -10 34 -1 -5 58 -14 -16 35 92 93 49 -9 43 -41 48 51 46 -45 -46 -32 -48 67 -7 -31 56 53 95 -33 -21 70 -55 -13 -59 61 72 63 -60 65 66 97 -42 -17 -15 121 -40 -30 -72 75 76 -36 78 85 81 -81 83 87 100 -85 -57 -84 88 -79 -89 -86 -92 103 -37 -44 -19 -97 98 -64 -66 -80 -93 -49 -18 -8 -98 -63 -108 -76 111 -111 112 113 -26 115 -113 -78 119 -119 -27 -47 122 -43 124 125 -11
right_child=2 3 7 16 8 37 25 38 27 10 15 12 32 14 33 68 17 18 -20 55 -22 22 -24 26 109 117 -28 -29 60 50 39 54 -34 -35 74 36 -38 -39 71 40 41 42 94 44 45 120 47 102 -50 -51 -52 -53 -54 57 -56 77 -58 59 62 -61 -62 106 64 -65 99 -67 -68 -69 -70 -71 73 -73 -74 -75 108 -77 116 82 79 80 -82 -83 86 84 90 -87 -88 89 -90 -91 91 101 -94 -95 -96 96 105 -99 -100 -101 -102 -103 -104 -105 -106 -107 107 -109 -110 110 -112 114 -114 -115 -116 -117 -118 118 -120 -121 -122 -123 -124 -125 -126 -127
leaf_value=-0.001398722323354898 0.012654017061466885 -0.059902145172773591 -0.00071385577576140499 -0.0049401814278240055 0.065216594071009826 -0.011805254082921664 -0.013768345020795157 0.017308234435743555 0.022603805106828294 -0.0084594225558854048 0.011565125128291182 -0.0062970343311054781 0.011462985249584461 0.016121230856987082 0.0017050975026139837 0.016412112055167245 -0.0023067785907613953 0.026363937090169872 0.01846938956140427 0.0071342471011236648 0.043578423396590668 -0.026126606466663899 -0.0052965817429788641 -0.036730843347897862 0.0054748534334062883 0.0037105760102820909 -0.014517660912422417 0.057532309217207589 -0.011994612395230949 0.033451989892124362 0.00035247976722760257 0.010067395121668765 -0.0064863276824039823 0.010084823237901146 0.047252944062286903 0.042462032733432145 -0.0013456846791751935 -0.0010340272945165625 0.011819688881728633 0.035741838168619637 -0.004091797198101493 0.0064882280381999644 -0.063933679428023707 -0.00089457284176557798 -0.015239885184886146 0.0023664146522116031 -0.0055456171220412921 -0.022059908578212734 0.027129328494483802 -0.001190193410865994 0.010399154233204762 -3.1712033785176456e-05 -0.0065828160922202913 -0.0014731985135868287 -0.0004953823319100983 -0.00024949163235211437 0.0028416838587168752 0.0033604393763732965 -0.00015704692971628341 -0.12652431552904345 -0.0024088810425913695 -0.0020173733025631718 0.010411713857552778 0.014917422855440531 -0.010780261221115389 0.042100236086608116 -0.0080761912501528862 0.0022133747889464539 0.00050725946453322041 0.0353122117743776 -0.0069776835546316324 0.00034229386781713176 0.013421694779063737 0.0052691918085202519 -0.0023610577702570159 -0.00057294455632653566 0.0062396503366417598 -0.030265195583825573 0.0019182923772432204 -0.0010783372924526924 0.0051109021291998128 -0.03656149244755072 -0.014590806641335448 -0.012739290235728838 0.0015455357191179249 0.0058626914143818324 0.012268204593483267 -0.0125475383353608 0.005515322606260642 -0.00054032302592694689 0.004357575400432823 -0.013658639915162621 -0.010057703432900963 0.0017938117508877309 0.013171875761149711 -0.0013234919709284646 0.0010413994913305461 -0.035419029659614534 0.00060567472392854867 -0.00017619615126091329 -0.012386046198719724 -0.0021863028208506012 0.05683233871164263 0.0013057637962962734 0.0035427512085951327 0.032210411883808895 -0.00072263269180885832 0.073076144345628022 0.022296844180488367 0.011898320903812787 -0.00070712596992822114 0.024042046090348851 -0.0034078894115830635 -0.0046853839184329352 -0.0093389971654797687 -0.00135587719897791 -0.01131208710600376 -0.0029766814019187649 0.0052064772142000337 -0.0056738015690428571 -0.0070140381742763366 -0.011372745065231357 -0.0043987366336521823 -0.0071546858067544688 -0.023649038328159011 0.0048409367944031167
leaf_weight=6044 4621 3159 6421 294 2122 4285 7189 2315 7236 47 244 491 578 6613 5075 110 1405 164 613 68 3374 8475 5844 3615 9225 51 9502 1080 54 10585 2374 267 87 4346 78 351 637 7273 368 85 492 34 25 4378 488 410 174 27 147 3098 6700 649 412 1638 138 1626 240 1561 310 69 529 267 162 172 514 88 153 507 1059 7231 172 1473 535 309 2203 528 39 82 881 1168 432 275 1101 440 374 625 112 519 318 842 175 465 468 269 109 390 108 96 735 455 590 260 317 1690 99 184 121 112 51 176 2559 345 714 214 361 818 1108 9285 360 14775 298 1965 963 438 245 120
leaf_count=6044 4621 3159 6421 294 2122 4285 7189 2315 7236 47 244 491 578 6613 5075 110 1405 164 613 68 3374 8475 5844 3615 9225 51 9502 1080 54 10585 2374 267 87 4346 78 351 637 7273 368 85 492 34 25 4378 488 410 174 27 147 3098 6700 649 412 1638 138 1626 240 1561 310 69 529 267 162 172 514 88 153 507 1059 7231 172 1473 535 309 2203 528 39 82 881 1168 432 275 1101 440 374 625 112 519 318 842 175 465 468 269 109 390 108 96 735 455 590 260 317 1690 99 184 121 112 51 176 2559 345 714 214 361 818 1108 9285 360 14775 298 1965 963 438 245 120
internal_value=-0.000758423 -0.00430763 0.00478011 -0.0058726 0.00847529 -0.00771441 -0.00876481 0.00109787 0.0141286 0.000455239 -0.00144039 -0.00223259 0.00221477 0.00658564 0.0073646 0.00719852 -0.00115065 0.000661364 0.00438812 -0.00391841 0.00902833 -0.0114489 -0.00948949 -0.0131693 0.00198951 -0.00617767 -0.0118947 0.0124072 -0.00117344 0.00287338 -0.00310348 -0.000340908 0.0158769 0.00432076 -0.00239555 7.25395e-05 0.00615491 -0.00324398 0.00691901 -0.00278215 -0.00531962 -0.00581627 -0.00783605 -0.00107248 -0.0030319 -0.00958368 0.0027028 0.0125143 0.00205474 -0.0052812 0.00393797 -0.00866267 0.00213308 0.00324958 0.0117988 -0.0030404 -0.0101729 0.00136572 -0.00190506 0.00527523 0.00548059 0.00922989 -0.000227695 0.0086345 -0.00218184 0.00192494 1.30327e-05 -0.000774402 0.00314949 0.00781356 -0.0111565 0.00258803 0.016915 -0.00241255 -0.00536079 -0.00895478 -0.0122053 -0.00322765 -0.00196795 -0.00384008 0.00115265 -0.00614719 -0.00631588 -0.0049569 -0.00867656 0.00223958 -0.011447 -0.00275906 0.00654321 -0.00550695 -0.00513292 -0.00889503 -0.0020789 0.01384 0.0182374 0.0104759 0.00706696 0.00251253 0.00456486 -0.00739476 -0.000608062 -0.0123459 0.0229513 -0.000770161 -0.00934183 0.0165993 9.90105e-05 0.00906513 -0.00255201 0.00344593 0.000205293 0.00420455 0.00489343 0.00554029 -0.000385873 0.00229666 -0.0138954 -0.0052336 -0.00376295 -0.00618873 -0.00347826 -0.0125699 -0.00781687 -0.0145322 -0.00796163 0.00402616
internal_weight=213929 130380 83549 107051 41698 77010 62354 41851 10438 37695 16862 15449 4246 31260 26639 1413 30041 15584 5139 11203 17218 30595 14319 16276 20833 31759 13117 8316 10445 23329 14457 3581 665 9421 8827 4820 1257 14656 4156 14163 5697 5612 4466 8466 5574 1196 2892 518 1146 7383 17285 4332 4526 4114 405 10353 3683 3268 3176 1630 1618 1089 2685 482 2203 1234 1146 999 1169 13844 3443 1841 589 481 4007 1753 1225 10285 7311 5060 1600 3460 2974 3185 1714 2251 1213 1761 400 1361 1274 900 3563 620 134 846 682 993 897 969 1471 725 344 3095 7288 292 500 233 2254 14412 2735 11677 10153 9439 1524 1163 1147 24471 9645 14826 708 2962 997 850 412 167
internal_count=213929 130380 83549 107051 41698 77010 62354 41851 10438 37695 16862 15449 4246 31260 26639 1413 30041 15584 5139 11203 17218 30595 14319 16276 20833 31759 13117 8316 10445 23329 14457 3581 665 9421 8827 4820 1257 14656 4156 14163 5697 5612 4466 8466 5574 1196 2892 518 1146 7383 17285 4332 4526 4114 405 10353 3683 3268 3176 1630 1618 1089 2685 482 2203 1234 1146 999 1169 13844 3443 1841 589 481 4007 1753 1225 10285 7311 5060 1600 3460 2974 3185 1714 2251 1213 1761 400 1361 1274 900 3563 620 134 846 682 993 897 969 1471 725 344 3095 7288 292 500 233 2254 14412 2735 11677 10153 9439 1524 1163 1147 24471 9645 14826 708 2962 997 850 412 167
is_linear=0
shrinkage=0.05


Tree=26
num_leaves=127
num_cat=0
split_feature=9 10 10 10 9 26 9 17 9 9 17 10 9 26 10 9 17 34 9 9 9 10 10 31 2 32 30 26 35 9 9 2 9 30 9 35 9 9 24 0 30 35 20 25 0 24 9 35 19 17 17 28 17 25 24 9 29 29 9 24 9 9 24 23 8 20 0 25 9 29 17 1 3 30 2 25 9 19 25 35 18 35 0 9 18 30 32 29 30 8 17 8 17 9 17 17 9 10 10 35 24 23 30 20 20 9 0 20 18 25 24 29 16 19 2 9 28 0 19 8 25 17 20 26 9 17
split_gain=1533.8 557.545 397.93 359.074 177.445 115.05 136.663 71.9287 56.2851 53.4641 53.4285 50.7117 48.9484 48.3916 47.5882 53.5279 45.5849 41.622 39.5688 36.9983 32.8146 48.1225 43.427 31.7479 30.2525 29.5501 48.597 28.7895 33.6934 28.4802 26.1859 25.1552 24.9087 23.6896 23.5597 22.4451 22.2393 21.3114 20.9913 20.8962 20.3233 44.6485 31.886 46.7091 20.6885 24.0561 20.1638 19.861 21.8945 19.1764 18.7716 18.4315 18.3805 27.925 25.8648 20.962 27.4006 18.6936 20.7144 19.0316 18.3579 18.2268 18.0628 30.0352 30.1372 26.2545 23.3491 17.9988 17.7686 17.4932 23.3603 26.6812 23.852 19.3839 26.5736 17.3606 17.2286 17.2019 17.6344 17.195 17.1723 17.0401 19.0491 16.9221 16.9158 16.1379 16.1362 20.0058 27.2457 16.4286 16.2662 21.7311 16.1367 17.937 16.0168 15.8461 15.7668 15.4794 15.3546 15.2987 15.276 15.2431 14.8083 14.7919 17.4398 14.5159 14.4012 14.2378 19.2122 14.1175 14.5535 20.93 21.4174 14.0606 14.0379 13.8779 13.8351 13.718 17.9837 13.6722 20.5618 17.9215 14.5607 13.4477 13.6616 13.3063
threshold=6.4545951288780747 1.0000000180025095e-35 2.5000000000000004 3.5000000000000004 7.3268331890861695 222.50000000000003 6.141949462450774 43.500000000000007 8.6217987304150636 3.9225284647455312 6.5000000000000009 1.5000000000000002 5.5399478813362029 408.50000000000006 1.5000000000000002 4.7800036004768485 66.500000000000014 -0.070757960929541661 2.4702248768463457 9.1240888491306933 6.5936803181797652 1.0000000180025095e-35 1.5000000000000002 -0.0047661258656109011 0.37940952255126054 0.021288947273612992 0.0019151295014462086 322.50000000000006 0.12369668255163056 6.392478639280232 6.9147844479968708 0.25881904510252091 1.8246898925473982 0.00044773979912612942 5.6894163991024067 0.0014537417043179578 6.8009619035062796 11.776694405803424 200.50000000000003 8.5000000000000018 0.0054552781201540361 0.011401436674649162 0.96190130624092907 14.500000000000002 8.5000000000000018 1007.5000000000001 5.4370335271158199 0.029863437275011659 0.16152751423149908 25.500000000000004 15.500000000000002 0.00094709643200070043 20.500000000000004 32.500000000000007 310.50000000000006 5.8401524797667088 0.0034619121534944911 1.0000000180025095e-35 5.419754394101461 219.50000000000003 5.4559445739355432 4.1469070214803789 408.50000000000006 1.2955998223881673 8.5000000000000018 0.90260840108401097 4.5000000000000009 104.50000000000001 6.7147399005788948 -7.3129726684474916e-11 8.5000000000000018 2.5000000000000004 0.1294095225512602 1.7043161316387627e-06 0.78656609248549325 34.500000000000007 5.8209083567374451 0.13003220611916266 105.50000000000001 1.6933645686538135e-06 1.0000000180025095e-35 0.017116209265186009 14.500000000000002 7.0387263092541641 6.5000000000000009 0.10885128978852883 -0.016951733111216599 0.00030793515476145806 0.00066263516695927373 7.5000000000000009 42.500000000000007 10.500000000000002 17.500000000000004 6.2336639537382581 1.5000000000000002 5.5000000000000009 6.9738320386190447 1.5000000000000002 1.5000000000000002 -0.11107532211208086 1017.5000000000001 0.60552748663054567 1.7043161316387627e-06 0.84248120300751894 0.76689497716894983 7.7629309898717898 15.500000000000002 0.97849213691026837 5.5000000000000009 20.500000000000004 411.50000000000006 0.00089623487155884136 3.5000000000000004 0.18544973544973548 0.98296291314453421 7.6267837384003876 -7.3633822870868642e-10 21.500000000000004 0.066120218579234988 8.5000000000000018 25.500000000000004 7.5000000000000009 0.74833333333333341 301.50000000000006 8.0772341169730471 45.500000000000007
decision_type=2 2 2 2 2 2 2 2 2 2 2 2 2 2 2 2 2 2 2 2 2 2 2 2 2 2 2 2 2 2 2 2 2 2 2 2 2 2 2 2 2 2 2 2 2 2 2 2 2 2 2 2 2 2 2 2 2 2 2 2 2 2 2 2 2 2 2 2 2 2 2 2 2 2 2 2 2 2 2 2 2 2 2 2 2 2 2 2 2 2 2 2 2 2 2 2 2 2 2 2 2 2 2 2 2 2 2 2 2 2 2 2 2 2 2 2 2 2 2 2 2 2 2 2 2 2
left_child=1 10 4 5 20 6 14 23 16 18 -1 115 61 37 34 -16 17 39 -9 105 97 95 83 -5 35 27 31 36 38 98 -30 68 -25 -11 -3 -18 -19 -10 -29 123 42 67 52 -44 45 46 75 48 69 -47 -12 -26 53 57 55 56 -55 58 59 -34 -58 109 63 64 -54 -64 -65 -42 -27 -40 71 -71 77 74 -73 -45 -17 78 85 99 -74 -38 -83 -23 -49 100 101 88 92 -89 -91 -92 93 119 -46 -22 -24 -2 -8 -15 -72 106 -82 104 -69 -13 -14 108 -35 -7 111 112 -111 -50 -115 -6 -63 -56 -119 121 -121 -88 -123 -4 -125 -80
right_child=2 3 8 7 11 12 29 9 13 33 50 19 86 79 15 76 24 25 -20 -21 21 22 96 32 51 26 -28 28 30 -31 -32 -33 40 107 -36 -37 81 -39 47 -41 41 -43 43 44 94 49 -48 84 113 -51 -52 -53 62 54 117 -57 60 -59 -60 -61 -62 116 65 66 -66 -67 -68 103 -70 70 72 73 80 -75 -76 -77 -78 -79 125 -81 102 82 -84 -85 -86 -87 87 89 -90 90 91 -93 -94 -95 -96 -97 -98 -99 -100 -101 -102 -103 -104 -105 -106 -107 -108 -109 -110 110 -112 -113 -114 114 -116 -117 -118 118 -120 120 -122 122 -124 124 -126 -127
leaf_value=-0.0044493778867487127 0.007804704916164285 -0.065895559482708005 0.0022761693704544277 -0.0047537863114066985 0.04045413391167281 -0.026145615931057731 -0.01380116768381813 -0.00027684906484332187 0.0068113709377216952 -0.0014549960938930575 0.018511704044042756 0.012713320509591827 0.006906097660995248 -0.034534165254069105 -0.035024967332978288 -0.013698245749859584 0.010128235706100976 -0.0010858659226710013 0.02585034100701801 0.054655693756347212 -0.025286707856968457 0.031454430325671141 0.0024700624643329764 -0.0099686553974783695 0.017089035581042463 0.0062263254384097941 -0.00046801942245024294 0.0039146947249578306 0.012932717573099391 -0.0011398555450906683 0.00089406367206774624 0.0014019573096363273 0.0027240664341243899 0.011628142284105513 -0.028998683410386 -0.011693973591074549 0.0023647317656986366 0.023122917780712272 -0.0092372270239857914 -0.00022586834503313062 0.0017196221880510891 -0.0027137861716780808 0.044116556377585367 -0.023203635184127266 0.0024095744894205569 0.00074136891485435813 -0.0078563169045356308 -0.0096490345055131477 0.001755430617727867 0.012355045088564748 0.04109569778094932 0.002136546616247772 0.031334575085793737 -0.00068826854209511599 0.00026798193900918354 0.047558789656875426 0.027969911299134564 -0.0052442490191979725 -0.048248696063999459 -0.012792430954459666 -0.0037768000904893823 0.0031855313905030398 -0.0020712523076748669 -0.016093371012195417 0.00030939569732528504 -0.025342510929585199 -0.00095420790066330196 0.0090060960324891345 0.012927343905574335 -0.010387274915728764 0.00083420590570685476 0.0079096248846585639 -0.0032366399346948366 -0.00091975951210902264 -3.3646230237845651e-05 -0.000149769578608083 -0.0053791089219577537 -0.0054973905105008018 -0.015318694684388262 -0.0097756643771759674 -0.014040002721933155 -0.0037376046399550836 0.011227047437068375 0.040970873679029546 0.0069171764296585593 -0.01994457084671418 0.0067567351919269481 -0.0010292174268831259 0.010687985508945858 -0.0048817425731527428 -0.0045405049016784341 0.0096369774627999699 0.0012332252497938899 0.0030756219898759713 -0.0059756563534095692 0.02134695698935982 0.0099738693964550162 -0.0013827083583028807 -0.0030588083894317378 0.0019887881835941152 -0.045053234201098975 -0.00097724078390635095 0.0024876489471536787 0.011412792385759277 -0.0059651848938268269 0.026516151700492475 -0.013466072634188437 -0.012744862984553155 -0.0069709668290631023 -0.01518990235639415 -0.013899570241739594 0.0022652444299665207 0.0040792140539304411 -0.0024500177029459875 0.0093753137013716011 0.080967819295979682 -0.0055808479625766997 -0.00079195632222036629 0.067184007157627942 0.0023635898106007381 -0.0079790471215270744 0.0046473026708618416 -0.0086988120496213368 -0.008480302698476801 -0.0071544886427670085 0.0046435916482830486
leaf_weight=7611 5090 2274 91 317 1394 469 7910 161 7218 983 9710 3278 234 79 3528 9510 89 4078 481 1080 976 10537 4479 565 365 105 1097 200 179 3128 355 249 868 509 6084 174 10867 573 211 490 3212 1848 173 235 276 448 781 548 1093 104 6008 185 282 324 5400 170 222 1311 171 188 52 131 2059 211 462 490 646 91 494 207 3577 300 1912 250 177 1909 4163 702 228 836 1123 1268 131 2644 48 174 350 2357 245 4517 533 321 1518 428 3671 3645 3251 1514 2950 1151 101 215 164 445 128 4624 35 62 133 1195 4742 735 175 791 57 1164 14904 105 169 185 1145 88 289 417 459 91
leaf_count=7611 5090 2274 91 317 1394 469 7910 161 7218 983 9710 3278 234 79 3528 9510 89 4078 481 1080 976 10537 4479 565 365 105 1097 200 179 3128 355 249 868 509 6084 174 10867 573 211 490 3212 1848 173 235 276 448 781 548 1093 104 6008 185 282 324 5400 170 222 1311 171 188 52 131 2059 211 462 490 646 91 494 207 3577 300 1912 250 177 1909 4163 702 228 836 1123 1268 131 2644 48 174 350 2357 245 4517 533 321 1518 428 3671 3645 3251 1514 2950 1151 101 215 164 445 128 4624 35 62 133 1195 4742 735 175 791 57 1164 14904 105 169 185 1145 88 289 417 459 91
internal_value=-0.000758423 -0.0042492 0.00437605 -0.00581591 0.0077354 -0.00767122 -0.00951677 -0.00116442 0.000955744 0.00726114 0.00273624 0.0130533 -0.00557351 0.00427069 -0.0116913 -0.0101809 -3.35072e-05 -0.000329259 0.0194822 0.0112724 0.00582403 0.00663665 0.00765694 -0.00188355 0.0116229 6.22935e-05 0.00601923 -0.000340534 -0.0021476 -0.00554063 0.0100835 0.0149707 -0.0016972 0.00256649 -0.0147919 -0.0023041 0.00104043 0.00607395 -0.00269797 -0.00857216 -0.00147405 0.00116251 -0.00220227 -0.00477933 -0.00538296 -0.00256534 -0.00437287 -0.00297347 -0.0024953 0.00696589 0.00440088 0.0182432 -0.000709935 0.000562048 0.00231193 0.0108926 0.00637645 -0.00387534 0.000562095 0.0031951 0.0178674 -0.00697341 -0.00345969 0.000702055 0.00802403 -0.00606989 -0.00566415 0.00421026 0.0204843 -0.00351144 -0.00317223 0.00429713 -0.00403863 0.00880123 0.0146629 -0.00185668 -0.00875804 -0.00183323 -0.000610033 -0.00252776 -0.00738998 0.00210374 -0.00308226 0.00940221 -0.0118303 0.000331865 -0.00306057 -0.00342292 -0.000665412 -0.00493728 -0.00646345 -0.000133876 -0.00166355 -0.00414157 -0.00785868 0.00201632 0.00467679 0.00267968 -0.00675103 0.00123482 0.00104399 0.00584867 -0.0118479 0.0116741 0.000993304 0.010074 0.013677 0.00953456 0.0117543 -0.00902336 -0.00843659 -0.00495853 -0.0086 0.00232657 -0.00249707 0.0192723 -0.00597324 0.00114193 0.0119534 -0.00607784 -0.0090824 -0.000556693 -0.00806937 -0.0128164 -0.0147106 -0.0118133
internal_weight=213929 127349 86580 104020 43676 74358 39547 29662 42904 2329 23329 11540 34811 9857 25559 17201 33047 32234 642 8982 32136 25532 20911 27333 813 30777 1945 28832 12488 13988 534 848 27016 1687 8358 263 16344 7791 11954 1457 26451 5724 20727 7597 7424 3477 2925 11754 11158 552 15718 550 13130 8980 6442 768 598 2538 1227 1056 274 22351 4150 1601 744 2549 857 3876 599 9217 9006 934 8072 727 477 2144 13673 4873 4171 2066 3199 12266 1399 13181 596 3852 12460 11976 4248 7728 5371 854 4003 2485 3947 4621 7730 6604 10860 1230 3678 484 1287 664 219 7902 269 704 642 7316 6847 2105 1370 1941 848 2558 15035 5674 274 2057 1330 727 377 967 876 319
internal_count=213929 127349 86580 104020 43676 74358 39547 29662 42904 2329 23329 11540 34811 9857 25559 17201 33047 32234 642 8982 32136 25532 20911 27333 813 30777 1945 28832 12488 13988 534 848 27016 1687 8358 263 16344 7791 11954 1457 26451 5724 20727 7597 7424 3477 2925 11754 11158 552 15718 550 13130 8980 6442 768 598 2538 1227 1056 274 22351 4150 1601 744 2549 857 3876 599 9217 9006 934 8072 727 477 2144 13673 4873 4171 2066 3199 12266 1399 13181 596 3852 12460 11976 4248 7728 5371 854 4003 2485 3947 4621 7730 6604 10860 1230 3678 484 1287 664 219 7902 269 704 642 7316 6847 2105 1370 1941 848 2558 15035 5674 274 2057 1330 727 377 967 876 319
is_linear=0
shrinkage=0.05


Tree=27
num_leaves=127
num_cat=0
split_feature=9 10 10 10 9 9 10 10 9 33 10 32 9 26 8 16 20 10 10 9 9 9 20 3 29 35 35 18 18 9 9 10 8 29 9 30 11 19 9 9 9 9 9 28 9 10 34 4 30 34 20 33 28 16 9 20 25 9 9 25 2 25 9 28 4 1 9 34 16 0 25 8 9 33 25 35 20 30 0 3 25 33 33 0 32 3 30 0 28 23 9 19 19 1 8 28 9 34 19 18 0 2 30 33 0 9 33 16 23 34 35 19 25 35 8 28 34 25 18 11 28 33 0 23 9 9
split_gain=1395.61 494.858 376.203 315.951 147.98 126.696 157.613 52.3776 63.025 59.2086 46.5335 46.4648 42.041 56.412 36.8188 41.2386 65.9305 34.2045 42.6219 34.5613 32.2847 31.9587 28.513 35.3596 27.8408 27.3887 49.2367 32.3149 29.9132 27.261 27.0203 26.8832 26.1118 23.7645 22.6788 22.0387 21.3936 21.1625 20.5742 20.5435 20.5335 20.2528 19.6781 18.9611 18.5654 19.9525 18.2614 18.2669 17.9715 17.837 18.9596 17.4623 17.1861 34.8077 17.1374 26.3104 35.2481 26.4285 24.211 19.5935 29.9888 34.6393 21.1747 20.2046 18.8196 18.4379 26.632 17.0108 16.9543 16.9446 16.503 20.413 16.4278 18.3647 16.2738 29.6457 16.0702 17.1568 15.5447 15.5349 15.2808 14.6074 21.507 16.9292 14.5604 13.9837 13.6192 20.8441 13.4489 13.4136 30.856 22.1577 22.3369 21.253 19.1772 19.2232 18.2779 30.3266 18.1665 17.8292 14.7865 14.4333 13.1309 23.4506 13.195 13.0804 17.6437 13.3462 18.1243 14.2633 15.0087 13.1399 13.0087 12.9251 12.8534 12.8416 12.6067 12.5821 12.9139 12.3503 12.3341 12.3247 20.4236 12.3006 14.0859 12.2976
threshold=6.4960462968475161 1.0000000180025095e-35 2.5000000000000004 3.5000000000000004 7.4023669590354144 6.2573395609730058 2.5000000000000004 3.5000000000000004 8.4640998867442594 0.027207136329413076 1.5000000000000002 0.89203032845017871 5.5188231444133669 201.50000000000003 9.5000000000000018 2.5000000000000004 0.92805383022774335 1.0000000180025095e-35 1.5000000000000002 6.7262945464562831 9.1240888491306933 4.1469070214803789 0.86552812858783013 -0.12940952255126037 1.3145034318917186e-05 0.12369668255163056 0.027404991258866064 6.5000000000000009 6.5000000000000009 5.7694620865801278 6.9147844479968708 1.5000000000000002 5.5000000000000009 0.0001056668594155085 4.6422256124191934 0.38096839254519382 1.5000000000000002 0.30495169082125612 6.8130858395866065 4.3986785712137566 6.9045826620563453 6.053034392251635 8.6217987304150636 0.00076784185457121534 6.3820270467460389 1.5000000000000002 0.36879226450807762 -0.8783796973249266 -1.0000000180025095e-35 1.3180912901764177e-05 0.91202270381836958 -0.061175209157470573 1.8510850974752395e-08 1.0000000180025095e-35 5.1586259361074562 0.99333333333333351 102.50000000000001 3.9225284647455312 6.0287404210997799 25.500000000000004 0.37940952255126054 20.500000000000004 5.2874200653328689 5.9173961043618524e-05 1.0000000180025095e-35 1.5000000000000002 5.2493401976304712 9.4749676511538666e-09 1.5000000000000002 4.5000000000000009 105.50000000000001 6.5000000000000009 5.1815417697773567 0.0036572403914685268 14.500000000000002 -1.0000000180025095e-35 0.64346246973365628 0.0005969145189349145 6.5000000000000009 0.78656609248549303 20.500000000000004 -0.078524239674980983 -0.034044417965685185 15.500000000000002 -0.0014837064786271555 0.25881904510252057 -0.094070790932922754 3.5000000000000004 0.0028010262728312687 0.9887513942845324 11.776694405803424 0.066120218579234988 0.052982456140350888 4.5000000000000009 8.5000000000000018 1.0335553151519114e-07 6.7500498314839108 -0.00068664650600212514 0.16152751423149908 1.0000000180025095e-35 2.5000000000000004 0.91597561503675362 0.00042056877107701459 -0.0029844371971226575 15.500000000000002 11.776694405803424 -0.032550345257484077 5.5000000000000009 2.2411828476500246 4.2009854080614619e-05 -0.11107532211208086 0.12034482758620692 104.50000000000001 0.0030047749753479096 10.500000000000002 0.00072639929761498081 0.00175781415130649 21.500000000000004 4.5000000000000009 2.5000000000000004 0.00052356285754447888 4.7190434368456602e-05 20.500000000000004 1.0204260414863777 4.956640216904062 8.8625539294412121
decision_type=2 2 2 2 2 2 2 2 2 2 2 2 2 2 2 2 2 2 2 2 2 2 2 2 2 2 2 2 2 2 2 2 2 2 2 2 2 2 2 2 2 2 2 2 2 2 2 2 2 2 2 2 2 2 2 2 2 2 2 2 2 2 2 2 2 2 2 2 2 2 2 2 2 2 2 2 2 2 2 2 2 2 2 2 2 2 2 2 2 2 2 2 2 2 2 2 2 2 2 2 2 2 2 2 2 2 2 2 2 2 2 2 2 2 2 2 2 2 2 2 2 2 2 2 2 2
left_child=1 24 4 5 17 6 12 8 38 25 -6 43 31 41 32 22 37 -2 19 -19 -12 80 79 74 -1 26 27 36 42 48 -27 -3 52 -31 -33 54 -9 39 -4 76 -20 -14 -28 -11 45 -7 51 -48 -25 -41 -51 -38 53 -5 55 56 -34 -58 59 60 65 -62 -63 85 70 -56 -67 -29 -50 -59 71 -57 73 -54 75 -24 -17 -78 116 113 -8 -40 83 -83 -79 -61 87 -53 -26 90 91 92 94 -93 95 100 97 -96 101 -97 -88 119 104 -104 -76 107 -107 -10 109 110 -109 -111 -65 -16 -39 -18 -60 -82 -119 -95 -74 -23 123 -123 -125 -98
right_child=2 3 7 14 10 44 21 9 105 11 20 -13 13 -15 15 16 115 18 40 -21 -22 121 23 29 88 30 28 67 -30 33 -32 34 35 -35 -36 -37 46 114 81 49 -42 -43 -44 -45 -46 -47 47 -49 68 50 -52 86 72 -55 58 64 57 69 78 63 61 62 -64 112 -66 66 -68 -69 -70 -71 -72 -73 120 -75 102 -77 77 84 -80 -81 117 82 -84 -85 -86 -87 89 -89 -90 -91 -92 93 -94 98 96 99 125 -99 -100 -101 -102 -103 103 -105 -106 106 -108 108 -110 111 -112 -113 -114 -115 -116 -117 -118 118 -120 -121 -122 122 -124 124 -126 -127
leaf_value=-0.0021093616588906327 0.011174990516463187 -0.074672098002951257 -0.001162340433440417 0.015072516508065466 0.058882486233328139 -0.010524932994584676 -0.025009011058100491 0.0070236535364267723 0.010965979879112648 0.012251050604464568 0.020344461417111038 -0.00048852450118400191 -0.029122027355239916 -0.0061922125675451479 -0.0019043595705406473 0.025032341138710917 0.017895440212481645 0.016092829022444813 0.0014354861194607789 0.034894508019621795 0.051922909068529859 -0.0042471325957221598 -0.0017058720981373132 -0.0062075175568335889 0.024749917958954305 0.0094407672336873083 -0.0074411536720761246 -0.023295027822357973 0.0074670560491884074 0.047648114675047488 0.0012116316497934787 -0.034935491194839914 -0.0060355068680258694 0.00272404531645801 -0.016114990809970385 -0.00446134121905363 -0.009711217022754513 -0.014693484783317903 0.017726603881805272 -0.0013924594855586358 0.0090403997916654478 -0.019290888548522223 0.00040049981099476685 0.0018683320577031427 -0.00095731106651000732 -0.0010770392510882178 -0.004423402076896614 0.0093641448027807928 0.0025749791219749187 0.0031790183106041726 -0.11893097420611201 0.0060212479545092932 0.0002415862693467549 0.00075011744662387462 0.010423394545375199 0.00066573437256433861 0.069845557698766672 0.026210627437989204 -0.018799014760731262 -0.00098836070518723519 -0.00206604311542753 -0.0026066468754689901 0.026515143588795427 1.3069049506456155e-05 -7.3440563126871144e-05 0.0048135062695291555 -0.0098129613761384522 0.0022182606166207815 -0.0013812832948854826 -0.0019511704681652586 -0.0043299654304655962 -0.016889198166846694 -0.0037527034717497552 0.029552870897524144 -0.003029604546593481 0.065178097693143297 -0.0012707164693325005 0.00065238903848455611 -0.0014406946845668775 -0.017358159652659199 0.007782499450771866 -0.0049897071828129032 0.0018419031610810211 0.016008569891290212 0.030613343730877103 -0.0071929817576568082 0.0070141805069883064 -9.0745790076774823e-05 -0.011611888200808565 0.00071015748759526787 0.018526619352051889 -0.00041844351765070074 0.012079555507403975 -0.0021497929124678823 -0.010323969203118372 -0.0015312160256804319 -0.012208605085989532 0.012191178349823466 0.00039596435498254938 0.035957338816726254 0.0027045133722740119 -0.0030892448290656817 0.010192081010849376 -0.00091261568241852173 -0.017498393729681223 -0.022057697066294291 0.031903760093168525 -0.079347449027016542 0.023504540470111634 0.019133874255809813 0.011565791057158849 -0.0093661562484736102 0.009701000161359781 -0.01061063559969762 0.0010234883965825289 0.0027033708532256174 0.0060493180874395614 -0.01205062354347452 0.0031682171975462694 -0.015136231713907728 0.0028058852749517221 -0.0022099083424025391 -0.0092423566675565155 0.013700396407354246 0.00054043559043016431 -0.0012914244498920858
leaf_weight=6009 4621 1348 3967 206 2122 4285 467 113 4805 462 7236 538 5640 8702 1324 164 479 8066 4898 9152 1080 20031 155 500 16356 171 1265 453 111 251 485 2944 2663 369 6645 300 441 240 200 1638 4523 5316 267 165 7273 3098 81 395 1695 1561 69 126 779 796 55 121 144 119 544 1224 258 56 389 933 373 180 376 116 330 295 394 1141 729 95 2457 134 390 108 1023 446 123 951 11462 79 184 665 151 199 964 3473 143 2132 459 459 109 1584 717 154 499 132 645 715 265 1761 283 38 347 50 132 87 507 523 304 475 172 134 78 6599 99 1269 217 3570 306 161 403 674
leaf_count=6009 4621 1348 3967 206 2122 4285 467 113 4805 462 7236 538 5640 8702 1324 164 479 8066 4898 9152 1080 20031 155 500 16356 171 1265 453 111 251 485 2944 2663 369 6645 300 441 240 200 1638 4523 5316 267 165 7273 3098 81 395 1695 1561 69 126 779 796 55 121 144 119 544 1224 258 56 389 933 373 180 376 116 330 295 394 1141 729 95 2457 134 390 108 1023 446 123 951 11462 79 184 665 151 199 964 3473 143 2132 459 459 109 1584 717 154 499 132 645 715 265 1761 283 38 347 50 132 87 507 523 304 475 172 134 78 6599 99 1269 217 3570 306 161 403 674
internal_value=-0.000757721 -0.00399049 0.00428702 -0.00542844 0.00764801 -0.00712491 -0.00810813 0.000937799 0.00252753 -0.00102991 0.0128024 0.00986111 -0.0106695 -0.00928165 -0.00107909 0.000606839 0.00427148 0.00592516 0.00661397 0.00809354 0.0111032 -0.00563932 -0.00119737 0.000170628 0.00260768 -0.00175597 -0.00214632 -0.00125804 -0.0103565 0.00432937 0.00822996 -0.0131587 -0.00289604 0.01368 -0.0122162 -0.00394222 -0.000802384 0.00217722 0.000898494 0.00326171 0.00390701 -0.0116696 -0.0121796 0.0190546 -0.00294045 -0.00470594 -0.000973938 0.00860707 0.00201087 0.00145738 0.00515291 -0.00130076 0.0014167 0.00665839 -0.00358355 -0.00567555 -0.0028588 0.00851687 -0.00177545 0.000146232 0.00525777 0.0122634 0.0206389 -0.00200735 -0.0101291 -0.00283685 -0.0056328 -0.0128963 0.00410714 0.00199284 -0.0124082 -0.0151894 -0.00147945 0.00345279 -0.00241848 0.0090051 0.0101821 0.00670306 -0.00694697 -0.00618333 -0.00854655 0.00188076 0.0016628 -0.00524155 0.0157576 -0.00525475 -0.000982044 0.00905303 0.00362482 -0.00123029 -0.00217274 -0.00251726 -1.34983e-05 -0.0047972 -0.00117118 0.00158125 -0.00534358 0.00665112 -0.00754835 -0.00140035 0.00797753 -0.00932087 -0.00311989 -6.64691e-05 -0.00537341 0.00670581 0.015609 0.00613194 0.00162768 -0.000390358 0.00536922 -0.00565041 0.0029529 -0.00408952 -0.00856115 0.0195914 -0.0131499 -0.0079362 -0.0082284 -0.0117888 -0.00603049 -0.00477192 -0.0023847 -0.00145325 0.00537786 -0.00762715
internal_weight=213929 130380 83549 107051 41698 77010 62354 41851 23148 18703 10438 1165 30595 19658 30041 15584 5139 31260 26639 17218 8316 31759 10445 8200 23329 17538 16882 15239 1643 3145 656 10937 14457 620 9589 11635 14670 4526 16659 4114 9421 10956 1532 627 14656 7383 14557 476 2525 3268 1630 14081 2822 1002 11335 5250 3221 558 6085 4440 1314 703 445 3126 2029 611 556 569 2025 414 1656 1262 1820 874 5055 289 846 682 1645 2245 7288 12692 12492 1030 292 1889 13640 325 17320 13315 9842 9699 4625 5074 4166 2512 1654 263 2942 1716 796 2443 4766 2026 2740 6489 385 6104 1299 1167 557 610 1237 1799 412 613 622 6821 6698 1728 946 24471 4440 4134 564 1391
internal_count=213929 130380 83549 107051 41698 77010 62354 41851 23148 18703 10438 1165 30595 19658 30041 15584 5139 31260 26639 17218 8316 31759 10445 8200 23329 17538 16882 15239 1643 3145 656 10937 14457 620 9589 11635 14670 4526 16659 4114 9421 10956 1532 627 14656 7383 14557 476 2525 3268 1630 14081 2822 1002 11335 5250 3221 558 6085 4440 1314 703 445 3126 2029 611 556 569 2025 414 1656 1262 1820 874 5055 289 846 682 1645 2245 7288 12692 12492 1030 292 1889 13640 325 17320 13315 9842 9699 4625 5074 4166 2512 1654 263 2942 1716 796 2443 4766 2026 2740 6489 385 6104 1299 1167 557 610 1237 1799 412 613 622 6821 6698 1728 946 24471 4440 4134 564 1391
is_linear=0
shrinkage=0.05


Tree=28
num_leaves=127
num_cat=0
split_feature=9 10 10 10 9 9 26 17 9 17 10 9 33 10 31 9 10 9 9 17 35 35 10 10 9 17 31 34 9 9 23 7 24 30 23 24 0 4 2 17 2 31 9 10 35 2 0 20 20 33 24 30 19 9 17 9 28 9 17 4 2 9 9 17 5 25 17 34 7 20 4 9 23 17 25 17 32 28 17 9 0 5 25 30 18 24 28 24 24 28 19 20 9 33 32 19 24 25 28 35 30 31 20 35 20 3 33 17 26 33 34 9 28 17 0 0 17 24 25 24 33 9 30 9 35 28
split_gain=1275.94 449.638 341.021 284.528 137.742 118.194 151.796 67.3108 53.8044 48.8847 48.5037 57.9967 56.9934 47.5761 45.7047 39.5715 39.2095 59.0569 37.026 32.4725 35.8752 34.1907 31.5576 40.2164 31.7096 31.3336 31.8864 29.8095 29.5634 29.492 27.0652 26.5993 26.117 23.8823 33.3516 27.6561 24.6168 26.5421 23.8573 25.59 23.2228 22.8548 22.4715 22.6456 22.2555 21.7157 24.7014 20.8112 29.7019 20.6663 20.4536 19.8919 19.8138 18.9625 18.648 21.2395 18.3224 18.1002 17.6092 17.5941 18.4276 18.7493 17.6155 16.2592 16.2167 16.159 15.8901 15.8836 18.1391 19.6413 19.438 27.0719 17.7466 15.6509 15.2356 15.1459 20.4949 14.8976 14.7271 14.3863 14.1198 14.0361 13.7178 15.0226 14.3758 13.3986 16.5339 13.1063 13.099 12.8762 23.1673 12.7527 12.7486 17.2206 12.4201 12.187 12.0911 26.8301 24.0278 20.1112 18.4244 16.6744 15.998 16.1417 15.5058 15.4118 17.6028 15.19 14.5852 14.0881 13.3794 12.4167 18.353 16.9865 11.9815 11.9379 12.6603 12.1011 26.6029 19.3458 19.1137 17.3147 15.7858 12.9989 19.1141 12.2871
threshold=6.4960462968475161 1.0000000180025095e-35 2.5000000000000004 3.5000000000000004 7.4292277797806276 6.1999103545603491 222.50000000000003 43.500000000000007 3.9225284647455312 6.5000000000000009 3.5000000000000004 8.4640998867442594 0.027207136329413076 1.5000000000000002 0.014665138462222225 2.4702248768463457 1.5000000000000002 5.1815417697773567 5.7511212155106497 52.500000000000007 0.17795832896190511 0.027404991258866064 1.0000000180025095e-35 1.5000000000000002 7.0164023594358147 12.500000000000002 -0.0030717798738463782 0.0022009681923338075 4.1469070214803789 8.8625539294412121 1.9938866857439923 1.0000000180025095e-35 206.50000000000003 0.0011680106819635554 0.99117016018682558 1012.5000000000001 2.5000000000000004 -0.8783796973249266 0.60355339059327384 40.500000000000007 0.91597561503675362 0.0030907952579083309 6.3820270467460389 1.5000000000000002 0.10591800687982299 0.78656609248549325 7.5000000000000009 0.8239268680445152 0.86996779388083745 0.0075259885583722928 709.50000000000011 -5.2937002577606966e-07 0.059262510974539072 7.0164023594358147 10.500000000000002 2.3178755229034191 0.00081976002035598079 6.9263963066122605 10.500000000000002 0.87837969732492682 0.25881904510252091 5.3263453541093524 2.9525637600956265 15.500000000000002 -0.56174490092936669 33.500000000000007 19.500000000000004 0.35888895367954399 1.0000000180025095e-35 0.91607981220657286 -0.8783796973249266 5.7172347443834637 1.7912051628352887 22.500000000000004 20.500000000000004 46.500000000000007 0.00098311463326409524 0.0025671662717329353 7.5000000000000009 5.7511212155106497 20.500000000000004 -0.56174490092936669 104.50000000000001 0.00014076117939065512 3.5000000000000004 411.50000000000006 8.2581635612527405e-06 513.50000000000011 305.50000000000006 2.7967614606644815e-05 0.29238505747126442 0.59699820788530478 11.776694405803424 -0.032550345257484077 -0.011482911289111967 0.049590163934426237 310.50000000000006 35.500000000000007 0.0055174714570092936 0.014286849477602807 0.0025097724055499586 -0.001140803856896327 0.57294832826747732 0.00054234428757754874 0.58863819500402914 -0.98296291314453399 0.44977256184267606 66.500000000000014 303.50000000000006 -0.031772392942251614 -0.0016931056883053607 5.227516809472216 4.0591315302829679e-06 43.500000000000007 22.500000000000004 21.500000000000004 15.500000000000002 312.50000000000006 33.500000000000007 712.50000000000011 0.00014009201693569154 5.8401524797667088 0.0092357127399429698 4.3670047918406736 0.0014537417043179578 3.9530674102132758e-08
decision_type=2 2 2 2 2 2 2 2 2 2 2 2 2 2 2 2 2 2 2 2 2 2 2 2 2 2 2 2 2 2 2 2 2 2 2 2 2 2 2 2 2 2 2 2 2 2 2 2 2 2 2 2 2 2 2 2 2 2 2 2 2 2 2 2 2 2 2 2 2 2 2 2 2 2 2 2 2 2 2 2 2 2 2 2 2 2 2 2 2 2 2 2 2 2 2 2 2 2 2 2 2 2 2 2 2 2 2 2 2 2 2 2 2 2 2 2 2 2 2 2 2 2 2 2 2 2
left_child=1 9 4 5 22 6 16 25 15 -1 11 53 19 -6 56 95 18 -18 -3 21 -21 30 73 24 77 26 -5 -23 74 -15 31 32 -12 36 35 -35 58 40 39 59 51 78 43 -7 49 65 82 -33 -49 -10 54 -38 79 94 55 81 -14 -25 -34 62 61 -61 -27 -11 -56 -40 -44 68 69 72 -71 -72 -52 -2 -8 76 -29 -24 88 -48 -57 -28 -47 84 -84 86 91 -87 -39 90 -70 -76 -13 -94 -4 -9 98 100 99 108 -98 -101 -99 104 -104 -106 -107 -105 -30 -103 -102 -110 113 -113 -16 117 -117 118 120 122 125 123 -119 -120 -125 -64
right_child=2 3 10 7 13 42 28 8 44 63 12 92 14 29 114 -17 17 -19 -20 20 -22 27 23 57 -26 38 50 75 96 -31 -32 47 33 34 -36 -37 37 41 45 -41 -42 -43 66 -45 -46 46 52 48 -50 -51 67 -53 -54 -55 64 80 -58 -59 -60 60 -62 -63 115 -65 -66 -67 -68 -69 89 70 71 -73 -74 -75 85 -77 -78 -79 -80 -81 -82 -83 83 -85 -86 87 -88 -89 -90 -91 -92 -93 93 -95 -96 -97 97 102 -100 101 110 109 103 107 105 106 -108 -109 111 -111 -112 112 -114 -115 -116 116 -118 119 121 -121 -122 -123 -124 124 -126 -127
leaf_value=-0.0051012801144129337 0.0019582140425221067 -0.055041488877092606 -0.0083819159689774783 -0.0050549359110536145 0.059401349602530212 -0.011174269895193779 -0.023587884581599827 0.071442871854424037 -0.00052554174121799565 0.016898060477669133 0.010881430028146712 0.0089931551402109896 0.011670768354016049 0.018872618068585315 -0.0013356494164544121 0.023804197323618884 -0.025160075409380058 -0.0075839933402943281 -0.024573856250257195 0.00084402604053870629 0.015656877777836142 -0.0062647732450283079 0.021933001732848977 0.001424565198293596 0.037110589854532243 0.047902256585159536 0.0082847947329299232 0.0026214822309350285 -0.0068426218470765167 0.042623077192342831 -0.030441360449602314 0.00021509800077892821 0.0059001939181245007 -0.0026195206694494115 0.0043219663885268817 -0.037353074492199462 -0.0078186789641437205 0.022239475670689124 0.00036443270351931055 -0.054347855743262855 0.0010787452723597293 0.0093138723675593223 0.00036805387128173428 -0.001323450467728954 0.047713363508388423 -0.00078455534218216199 0.001464028462706131 -0.011334528275976204 -0.0016567253743033517 0.0080325701712687207 0.002413014263401196 -0.00090514161735981392 -0.0018149374680479339 0.0019007046799420749 -0.00034127965946401524 -0.0012752817859867181 0.0018456937280825038 0.0087730404094398529 -0.00082889247026154934 0.0010165598375807203 0.0034435072552381528 -0.0075750988914321821 0.037400231397869098 0.038252892087308199 -0.018395213380184593 -0.0093269883140571844 -0.0042915866789358312 -0.0065046439997207169 0.01659557990001239 -0.0069556228677669059 -0.0002760852251843438 -0.0043319618011495231 -0.012500337767359685 0.051411341946310855 0.0019915400124641334 0.0058179090470985469 -0.010463016078879542 0.0017341483194808019 0.0016775191862420929 0.010817343233956165 -0.01502178454305351 -0.0095712565004177352 -0.011633841972100404 0.0026093248722557434 0.011846637630237985 -0.019829351597779796 0.0021233784601798898 -0.011382249381143461 -0.010068554136442696 9.4592436142804996e-05 -0.0041731231264302508 -0.01379337887351495 -0.020954812212979575 0.030308572088510094 -0.00033277361752625433 -0.0029694303840076294 -0.0083881910486473393 -0.0065196110692656356 0.011646400600349206 -0.0030372080741416676 0.01202536284717406 0.0044078722751506082 0.0098018267522449205 -0.0056683177399288629 0.0060610398581546583 -0.0039576769608769538 0.0053382092637458125 0.064059928993077261 -0.0055423747145920011 0.0012035445828008549 -0.0076653602232510804 0.0010550530821601583 -0.0031821970938408963 0.030049357220137785 0.012198257047994591 0.073344148033020751 0.0045586624558640043 -0.0035796258353417293 0.030990630677026898 0.0019576002319413436 -0.0066839472043441666 0.042892329081637162 0.0019281146319525184 -0.0054548275297510501 0.010595495850374054 0.0010188551110935477
leaf_weight=7611 3770 2722 417 423 1958 5999 469 31 1578 9710 277 6104 462 6563 497 481 6342 11532 7198 2366 185 1118 12967 5075 3538 87 43 320 1548 1549 278 1666 324 1070 485 450 499 25 448 209 627 273 5254 4477 97 2564 406 1281 2315 210 1619 581 334 10238 234 4297 162 4550 149 441 346 588 201 6008 636 1458 2019 431 376 591 1695 269 133 851 202 141 322 877 2586 222 270 525 613 227 50 616 748 4126 200 1397 201 1155 38 347 6004 130 1453 626 236 167 108 242 66 3719 400 10324 131 34 1692 324 240 1232 1517 92 44 98 471 1068 85 2066 252 167 212 158 332 1271
leaf_count=7611 3770 2722 417 423 1958 5999 469 31 1578 9710 277 6104 462 6563 497 481 6342 11532 7198 2366 185 1118 12967 5075 3538 87 43 320 1548 1549 278 1666 324 1070 485 450 499 25 448 209 627 273 5254 4477 97 2564 406 1281 2315 210 1619 581 334 10238 234 4297 162 4550 149 441 346 588 201 6008 636 1458 2019 431 376 591 1695 269 133 851 202 141 322 877 2586 222 270 525 613 227 50 616 748 4126 200 1397 201 1155 38 347 6004 130 1453 626 236 167 108 242 66 3719 400 10324 131 34 1692 324 240 1232 1517 92 44 98 471 1068 85 2066 252 167 212 158 332 1271
internal_value=-0.000736453 -0.00382751 0.00408715 -0.00519819 0.00728713 -0.00680809 -0.00788011 -0.00107077 0.00673085 0.00246197 0.000898378 0.0024282 -0.000995162 0.0123797 0.00969017 0.0191731 -0.0105729 -0.00916802 -0.0130982 -0.00170752 0.00350254 -0.00259522 0.00566402 0.00631729 0.00775321 -0.0017884 -0.00355268 -0.00885231 -0.00550036 0.0106788 -0.00168322 -0.00134473 0.000558205 -2.09645e-05 -0.00465796 -0.00829508 0.00174796 0.000667745 -0.000174907 0.00162964 -0.00432681 0.00343477 -0.00322758 -0.00470947 0.0024537 -0.00247274 -0.000545125 -0.00407158 -0.00620939 0.00115449 -0.00309955 -0.00875576 0.00652017 0.000865489 -0.00521839 -0.00406372 0.0188553 0.00372144 0.012568 0.00209385 -0.00303442 -0.0063854 0.00318554 0.00405425 -0.0119714 -0.00692569 -0.0010913 -0.00120143 -0.000560372 -0.00237883 -0.0051709 -0.00276282 0.00169607 0.00184339 -0.00828575 -0.00135469 -0.00462906 0.00666907 0.0020783 0.011722 -0.00292159 -0.0131414 -0.00251951 -0.00784916 -0.011628 -0.00767768 -0.00434242 -0.0091521 -0.0100543 0.00340323 0.00965206 -0.00762298 0.00643633 0.0152244 -0.00126401 -0.00224398 -0.00465505 -0.0053737 -0.00290928 -0.00345578 -0.011142 0.00434621 -0.00469128 -0.00435418 -0.00337932 -0.00353016 -0.00389938 -0.00718268 -0.00439903 0.00843258 -0.000793201 -0.00296221 -0.000939037 0.00335591 -0.000956959 0.00286995 0.00975174 0.00218841 0.00484217 0.000228291 0.00142279 0.0127242 -0.00459144 0.00846983 0.00520202 0.00360867
internal_weight=213929 130380 83549 107051 41698 77010 59261 30041 2527 23329 41851 23148 18703 10070 1165 642 27794 17874 9920 17538 2551 14987 31628 27007 17382 27514 13140 1901 31467 8112 13086 12808 7546 7269 2005 1520 5264 4791 14374 8052 1707 3084 17749 10476 1885 6322 4416 5262 3596 1788 12717 1080 962 16659 6005 5135 624 9625 473 7843 1375 1029 6468 15718 870 1906 7273 6712 6281 4307 2555 1964 1752 4621 7316 783 642 13844 2811 628 4567 568 3454 890 663 6847 2105 4742 225 1974 577 1357 6489 385 6421 161 24151 17101 7050 6814 1801 733 15300 14674 10921 10855 10455 3753 6081 566 348 4533 2841 1324 541 6381 569 5812 2466 3346 1724 742 1280 575 490 1472
internal_count=213929 130380 83549 107051 41698 77010 59261 30041 2527 23329 41851 23148 18703 10070 1165 642 27794 17874 9920 17538 2551 14987 31628 27007 17382 27514 13140 1901 31467 8112 13086 12808 7546 7269 2005 1520 5264 4791 14374 8052 1707 3084 17749 10476 1885 6322 4416 5262 3596 1788 12717 1080 962 16659 6005 5135 624 9625 473 7843 1375 1029 6468 15718 870 1906 7273 6712 6281 4307 2555 1964 1752 4621 7316 783 642 13844 2811 628 4567 568 3454 890 663 6847 2105 4742 225 1974 577 1357 6489 385 6421 161 24151 17101 7050 6814 1801 733 15300 14674 10921 10855 10455 3753 6081 566 348 4533 2841 1324 541 6381 569 5812 2466 3346 1724 742 1280 575 490 1472
is_linear=0
shrinkage=0.05


Tree=29
num_leaves=127
num_cat=0
split_feature=9 26 26 26 9 9 26 17 9 26 9 26 17 33 9 9 34 9 9 26 26 34 17 31 26 9 21 26 9 9 26 35 17 9 28 35 9 17 18 5 9 34 0 20 20 1 3 17 20 25 28 32 20 25 35 35 0 35 9 17 9 33 8 17 9 8 9 25 29 9 28 28 1 17 20 1 8 28 28 28 3 9 34 9 17 25 8 9 35 17 18 28 0 9 17 1 8 3 16 2 25 11 28 5 9 23 20 2 20 28 8 1 3 33 26 20 23 5 0 2 0 9 17 25 2 9
split_gain=1156.5 432.881 302.461 288.354 144.649 98.1905 92.2545 65.8895 55.2173 51.0076 46.3607 45.9953 44.6071 43.4932 41.9042 39.86 36.0139 35.5655 34.8635 34.0895 36.758 32.407 31.2751 31.1553 28.1208 27.6992 25.257 25.1783 24.2901 23.8688 22.2933 28.7674 29.161 25.2403 22.1113 21.2026 19.3793 20.9086 23.7741 19.2353 38.4475 45.1046 21.6389 27.9031 19.0531 31.5699 44.4413 35.7354 32.878 26.0741 23.9479 23.6885 30.5489 22.357 22.4528 19.0192 17.828 17.5886 17.4931 17.257 16.7188 16.6952 16.6289 23.9719 25.9932 16.8247 18.7975 23.0308 16.6962 25.2693 20.7486 16.5141 16.2599 16.1554 15.4202 15.2977 15.2505 15.2202 15.1998 23.0193 14.8107 14.4468 14.437 17.728 14.437 14.3932 14.2297 14.1766 13.9933 13.9734 13.8248 13.7288 14.2182 13.7137 13.6583 13.2861 16.8561 13.279 13.2379 13.2182 13.078 13.0307 12.9817 12.923 12.7468 12.6218 20.819 17.302 12.8341 12.593 12.5622 14.1239 12.2268 12.1941 17.8756 17.0423 12.1678 11.9384 12.9635 17.2936 11.9153 15.0207 11.8663 14.0601 11.8394 15.308
threshold=6.4325338084325496 61.500000000000007 261.50000000000006 261.50000000000006 7.4884717321742622 5.9443018421422096 361.50000000000006 42.500000000000007 3.9225284647455312 161.50000000000003 8.9833684440751345 161.50000000000003 5.5000000000000009 0.027207136329413076 5.5399478813362029 4.6422256124191934 -0.070757960929541661 6.5374542106201234 2.4702248768463457 61.500000000000007 161.50000000000003 -0.05649062445144086 12.500000000000002 -0.0030717798738463782 200.50000000000003 9.1240888491306933 0.75735294117647067 401.50000000000006 6.1999103545603491 7.0164023594358147 322.50000000000006 0.12369668255163056 49.500000000000007 7.0164023594358147 0.00081976002035598079 0.029863437275011659 1.8246898925473982 10.500000000000002 1.0000000180025095e-35 -0.56174490092936669 5.7511212155106497 1.0000000180025095e-35 1.5000000000000002 0.96190130624092907 0.95620204603580572 4.5000000000000009 0.37940952255126048 48.500000000000007 0.8402898550724639 104.50000000000001 0.00015405161861043758 -0.00038406806430567233 0.97241248097412492 103.50000000000001 -0.1009373861940876 0.10591800687982299 8.5000000000000018 7.6462441490929563e-05 3.1975886473094337 15.500000000000002 5.7172347443834637 0.0075259885583722928 9.5000000000000018 8.5000000000000018 5.3843046937633359 5.5000000000000009 5.2081590141108967 104.50000000000001 0.0018462995178919711 3.4882108358713162 1.7703697721280111e-05 4.2013357521931696e-05 4.5000000000000009 18.500000000000004 0.79388422035480866 1.0000000180025095e-35 7.5000000000000009 0.0044555647914090984 0.0031385629249115411 0.0024232106439961193 -0.70710678118654757 6.7375367523896292 -0.032178385039858336 7.2814007519761708 24.500000000000004 54.500000000000007 7.5000000000000009 5.2493401976304712 0.00019046760347148501 48.500000000000007 1.0000000180025095e-35 5.7471676891830953e-06 17.500000000000004 6.9263963066122605 5.5000000000000009 3.5000000000000004 9.5000000000000018 -0.98296291314453399 14.500000000000002 -0.91597561503675329 30.500000000000004 9.5000000000000018 0.0024232106439961193 -0.56174490092936669 5.6894163991024067 1.2142832674095703 0.61602564102564117 0.60355339059327384 0.81881313131313138 -7.3633822870868642e-10 4.5000000000000009 1.5000000000000002 -0.37940952255126015 -0.054636219268914668 402.50000000000006 0.9470175438596492 0.56761861089096211 -0.22252093395631442 12.500000000000002 0.98296291314453421 10.500000000000002 5.4559445739355432 10.500000000000002 34.500000000000007 0.60355339059327384 5.4559445739355432
decision_type=2 2 2 2 2 2 2 2 2 2 2 2 2 2 2 2 2 2 2 2 2 2 2 2 2 2 2 2 2 2 2 2 2 2 2 2 2 2 2 2 2 2 2 2 2 2 2 2 2 2 2 2 2 2 2 2 2 2 2 2 2 2 2 2 2 2 2 2 2 2 2 2 2 2 2 2 2 2 2 2 2 2 2 2 2 2 2 2 2 2 2 2 2 2 2 2 2 2 2 2 2 2 2 2 2 2 2 2 2 2 2 2 2 2 2 2 2 2 2 2 2 2 2 2 2 2
left_child=1 12 5 4 17 11 14 22 18 -6 13 104 -1 16 58 -13 56 73 -9 94 29 -15 23 -8 28 -11 30 -12 -7 102 33 35 -33 -18 116 44 103 62 76 40 42 101 -24 84 45 53 47 48 57 51 81 -46 -53 54 -32 61 113 -47 86 -14 -40 -10 65 68 72 -38 117 87 69 -64 -70 -51 -65 -2 -29 -35 -39 -16 79 -52 -66 -50 83 -73 91 -71 -4 112 -48 -37 -76 92 -44 -22 -19 96 -78 -89 124 -54 -92 -42 -21 -25 -3 -77 -107 -108 -109 -60 -101 -112 -68 -5 115 -115 -23 -67 119 -119 121 -93 -88 -124 125 -41
right_child=3 2 6 10 9 24 7 8 55 25 27 15 59 21 77 -17 26 19 -20 20 93 34 39 36 -26 -27 -28 74 -30 -31 31 32 -34 75 -36 89 37 38 60 98 41 -43 43 -45 49 46 88 -49 50 71 78 52 99 -55 -56 -57 -58 -59 109 -61 -62 -63 63 64 80 66 67 -69 70 85 -72 82 -74 -75 90 105 95 -79 -80 -81 -82 -83 -84 -85 -86 -87 122 97 -90 -91 100 120 -94 -95 -96 -97 -98 -99 -100 110 -102 -103 -104 -105 -106 106 107 108 -110 -111 111 -113 -114 114 -116 -117 -118 118 -120 -121 -122 -123 123 -125 -126 -127
leaf_value=-0.008940024964730205 0.0036892658696305505 -0.056966488452097945 -0.0085665802795223643 -0.0053348066893391041 0.060271488420011947 -0.021848480229715098 -0.0048021891155009336 -0.00015204096473196791 -0.00035637364330415414 0.019414155454933749 0.0097656588376877611 -0.031930712864628917 0.015152528976060127 -0.00019226448807292888 -0.0018124459779892974 -0.011415188718807964 -0.00052578809734319125 -0.024679032692069294 0.022613987457437937 0.025327361120057703 0.0016846990305979957 -0.003700083205274068 -0.0078623620302037019 0.0078705549962834274 -0.0024929315021784294 0.047195609755486229 -0.039506514954630784 -0.011720169264499624 -0.0078106030779346901 0.034919554181146575 -0.017525376113671828 0.000503941739489149 0.016457304292910712 0.0079439635844612121 0.0015944362889350205 -0.008893727134963076 0.00058507013578511919 -0.0010209062206192399 0.0021312385982295312 0.0019807326220869538 0.042120212156847359 -0.00032878828626362332 -0.0075270750709583627 -0.004411885330668339 -0.012989966843481164 0.0010751211429012347 -0.016468077659514423 0.013105027529021457 0.014247784479946544 0.0055434614910193133 -0.0019468070072914301 0.0055881257281406747 0.0030646782669134297 0.0033745121223978432 -0.00027409530814617017 0.04833854154000275 0.00019468790245627808 -0.01157901191880762 0.0027345031383711848 0.036340247482942789 -0.0027050177235043993 0.0085960776935487936 0.0022968969287829959 0.004127871772209679 0.0067348348272010658 -0.012059013123293317 0.0051843930330435486 0.006956751695079969 0.011045844907863547 -0.0024052193074327933 0.00031517118412954559 0.0055629091121637449 0.026371294557227472 -0.0037938944033207318 -0.0010998025952656686 0.001465933815645715 0.014332606758951509 0.0024647039972073032 -0.011050498781804996 0.016346017793413544 -0.002697386728027394 -0.012152074433948362 -0.0071975575565959259 0.00037159121778959707 0.022553970713689524 -0.0071807990407515001 -0.019913664216938853 0.0060863343737671619 0.00069162919448652088 0.0042574083561800905 0.014918125812357722 0.011144882224592534 0.0018749514563430139 0.0084144728373938982 0.018649161942914227 -0.021156706984241245 -0.015603563106496261 -0.0029837594824678459 -0.012339762126274577 0.0028795284780121938 0.0025514381011276801 -0.0016369108644480796 0.0020096962085181152 -0.0085995375559229908 -0.028410767320544334 -0.0035711681379171412 0.012637842313858061 0.0074418163795043971 -0.0025640205811670144 -0.00538645811240656 0.0018880593061172718 -0.0083874925709132853 -0.0025174115784057888 -0.015287021977805793 0.005872018446876414 0.00072078365813410029 0.012346686985880309 -0.01212078538158514 0.0045398514530351165 0.0041986451723807494 0.0009476772200175753 -0.0036113827415236916 0.036770613349394257 -0.022553432800805722 -0.0019277265069444945 -0.0014568005376871405
leaf_weight=5933 3467 2274 906 518 1692 5207 423 161 1520 6596 5077 2944 11388 639 11373 12065 6947 976 481 11548 4651 35 343 43 5986 1080 224 460 7972 3804 140 372 198 827 335 520 986 412 650 3105 474 438 269 450 280 1594 1114 238 44 680 260 364 285 1039 3639 84 495 217 139 6008 207 151 1152 450 56 770 94 274 88 1038 1719 128 223 1533 1138 8502 84 533 240 143 210 1006 245 398 245 586 1612 37 158 88 235 296 154 4986 3645 837 210 969 317 148 787 49 793 522 2504 174 468 595 388 19141 255 605 126 292 67 202 520 643 232 92 674 88 36 280 5306 1796
leaf_count=5933 3467 2274 906 518 1692 5207 423 161 1520 6596 5077 2944 11388 639 11373 12065 6947 976 481 11548 4651 35 343 43 5986 1080 224 460 7972 3804 140 372 198 827 335 520 986 412 650 3105 474 438 269 450 280 1594 1114 238 44 680 260 364 285 1039 3639 84 495 217 139 6008 207 151 1152 450 56 770 94 274 88 1038 1719 128 223 1533 1138 8502 84 533 240 143 210 1006 245 398 245 586 1612 37 158 88 235 296 154 4986 3645 837 210 969 317 148 787 49 793 522 2504 174 468 595 388 19141 255 605 126 292 67 202 520 643 232 92 674 88 36 280 5306 1796
internal_value=-0.00071612 -0.00379202 -0.005191 0.00367751 0.00649126 -0.00866006 -0.00306432 -0.0010195 0.00691819 0.0120154 0.000769307 -0.0111311 0.00235483 8.84121e-06 -0.00483909 -0.00976439 -0.000361635 0.00502803 0.0194049 0.00567063 0.00637938 0.00824479 -0.00172178 -0.00347408 -0.00610655 0.0102708 -3.61168e-06 0.00428687 -0.00739741 0.00783824 0.000113686 -0.00135076 0.0096087 0.00129161 0.0143855 -0.00180583 -0.00302595 -0.00260185 -0.00677755 -7.78065e-05 0.00314204 0.0116227 -0.000109944 0.00173774 -0.00138374 -0.00249771 -0.00527296 -0.00252068 -0.00380165 0.00184792 -0.00880006 -0.00194773 0.000341457 0.00039291 -0.00139469 0.00230824 -0.00773591 0.000882435 -0.00612663 0.0036314 -9.57071e-05 0.00110531 -0.00157051 0.000236114 0.00749206 -0.00393034 -0.00567011 -0.00156146 -0.00125708 -0.00368932 0.00247931 0.00690419 0.0126954 0.00111888 0.000304762 0.00278629 -0.0104764 -0.00244606 -0.00118441 0.00473652 -0.00566421 -0.013436 0.00187178 0.00652542 0.00463027 -0.00769797 -0.00979746 -0.00449634 -0.0133281 -0.0108972 0.00207852 0.00274394 -0.00483061 0.00393254 0.00171368 -0.0134661 -0.00423077 -0.00700791 -0.00114351 -0.00326849 0.0062853 0.0214631 0.00676555 -0.0120395 -0.0154098 0.00224956 0.00628068 0.00824348 0.00443573 -0.00558465 -0.00595262 -0.0082659 0.00688889 -0.0113261 -0.00613516 -0.0094489 0.0204688 -0.0092035 -0.00546039 -0.00869932 0.00578081 0.0127506 -0.0122245 -0.00330218 -0.000828192 0.000943233
internal_weight=213929 125835 102506 88094 44771 38952 63554 29534 2397 9368 43323 19787 23329 35626 34020 15009 34097 35403 642 30403 25782 1529 27137 13133 19165 7676 32523 7697 13179 16145 32299 14398 570 17901 890 13828 12710 12145 2400 14004 3480 961 2519 2176 13220 9832 5014 3742 3504 3388 1693 1937 1657 4818 3779 1755 1574 1811 22114 17396 857 1671 9745 5522 939 4223 3237 1500 4583 2776 1807 1451 673 5000 2620 10954 1543 11906 643 403 266 1050 771 526 1726 1624 2834 1226 1272 608 2160 1481 423 9637 4621 1131 294 1006 10524 1293 1022 523 12341 565 4778 10127 1625 1451 983 19280 1008 860 220 1079 561 494 555 1737 967 735 1058 384 1928 316 10207 4901
internal_count=213929 125835 102506 88094 44771 38952 63554 29534 2397 9368 43323 19787 23329 35626 34020 15009 34097 35403 642 30403 25782 1529 27137 13133 19165 7676 32523 7697 13179 16145 32299 14398 570 17901 890 13828 12710 12145 2400 14004 3480 961 2519 2176 13220 9832 5014 3742 3504 3388 1693 1937 1657 4818 3779 1755 1574 1811 22114 17396 857 1671 9745 5522 939 4223 3237 1500 4583 2776 1807 1451 673 5000 2620 10954 1543 11906 643 403 266 1050 771 526 1726 1624 2834 1226 1272 608 2160 1481 423 9637 4621 1131 294 1006 10524 1293 1022 523 12341 565 4778 10127 1625 1451 983 19280 1008 860 220 1079 561 494 555 1737 967 735 1058 384 1928 316 10207 4901
is_linear=0
shrinkage=0.05


Tree=30
num_leaves=127
num_cat=0
split_feature=17 26 17 26 17 34 5 33 24 35 17 23 33 16 24 26 35 33 26 21 35 4 16 26 29 30 24 17 34 31 28 17 16 15 8 26 28 2 25 25 8 12 20 17 34 26 24 35 31 24 35 26 26 29 23 25 32 35 24 12 1 10 23 35 17 20 23 16 20 20 26 24 16 20 26 33 31 26 20 32 8 15 17 24 17 35 24 32 2 24 33 17 25 29 29 20 35 23 4 35 31 33 8 24 4 33 26 26 33 34 30 25 2 8 29 20 26 17 20 26 0 17 34 8 26 29
split_gain=304.062 123.195 97.4867 74.0292 54.7413 39.9779 37.4118 37.219 30.5214 29.9373 38.1983 27.1565 26.7835 25.371 23.3899 25.7101 23.1521 32.1497 22.3546 22.3486 21.8748 22.2479 28.9926 25.7997 21.3911 20.1048 20.0808 19.1452 18.539 21.3114 18.4803 17.5923 16.2707 16.0317 18.7073 24.345 15.965 15.9577 15.3672 15.2993 18.8561 19.685 17.0703 16.9723 15.2834 15.1802 15.1641 15.1237 19.1719 14.9971 14.8306 14.8159 14.5168 14.411 27.2852 13.9297 14.4328 15.5635 13.8909 13.8313 21.0715 20.1023 27.1924 20.7806 19.7036 17.5623 17.1456 20.2172 14.3846 27.9996 14.8903 13.7599 13.7388 18.7306 17.0397 15.5078 13.4687 13.4535 13.2305 13.0609 14.8746 25.3955 27.8394 20.3854 24.3641 20.5481 21.4751 26.2887 16.9798 16.1626 13.9465 14.9555 13.7891 13.7735 23.3877 13.77 13.2023 18.23 20.7988 18.0036 17.2933 17.0552 15.0668 14.7513 14.298 13.1808 12.8813 12.6783 25.6998 12.6782 12.6647 12.5227 12.4908 12.3714 20.5136 15.2336 19.6667 20.5236 12.7856 12.3358 17.2576 17.127 16.0527 15.9985 13.3965 33.8904
threshold=9.5000000000000018 200.50000000000003 32.500000000000007 17.500000000000004 29.500000000000004 0.00016805694491459379 -0.56174490092936669 0.027207136329413076 313.50000000000006 0.12932883897634506 49.500000000000007 1.3790319903886179 -0.16006091799829295 3.5000000000000004 310.50000000000006 407.50000000000006 0.027404991258866064 -0.047103707118971778 402.50000000000006 0.65504807692307698 0.0012041814365694205 1.0000000180025095e-35 5.5000000000000009 312.50000000000006 0.00020584110436850785 8.5963911863377236e-05 1000.5000000000001 3.5000000000000004 0.13120235053079318 0.0028734452647657164 0.00076784185457121534 6.5000000000000009 14.500000000000002 1.0000000180025095e-35 3.5000000000000004 222.50000000000003 0.34784503273328221 -0.60355339059327362 104.50000000000001 102.50000000000001 11.500000000000002 34.500000000000007 0.80140845070422551 73.500000000000014 0.0014597491184836738 305.50000000000006 204.50000000000003 -0.020423935861343785 -0.0015795832355365318 103.50000000000001 0.0059722922652515721 211.50000000000003 302.50000000000006 0.00059296643382299858 0.99117016018682558 12.500000000000002 0.00070076632176186186 -0.00073304154854976109 201.50000000000003 22.500000000000004 3.5000000000000004 3.5000000000000004 1.2142832674095703 -0.00077240823403582418 41.500000000000007 0.96039215686274526 0.52341138898762118 1.5000000000000002 0.73942823108993461 0.77694859038142627 222.50000000000003 317.50000000000006 1.0000000180025095e-35 0.76975051975051989 313.50000000000006 -0.004902025717383335 -0.00097205991155187473 403.50000000000006 0.93700396825396837 -0.040429138808248874 10.500000000000002 1.0000000180025095e-35 24.500000000000004 222.50000000000003 24.500000000000004 0.013069356630858094 314.50000000000006 -0.010192811491428149 -0.78656609248549303 304.50000000000006 -1.412745681414316e-07 23.500000000000004 30.500000000000004 -8.7011036560904128e-10 -1.0000000180025095e-35 0.95199692780337952 -0.0017765073157650325 1.2955998223881673 0.87837969732492682 -0.030349885060181294 -0.00017822479391758312 -0.00038527309145400729 11.500000000000002 1015.5000000000001 0.6078576107927941 -1.7864099315605752e-06 413.50000000000006 402.50000000000006 -0.0022537487160385751 -0.052543456489032948 0.0046008390112736858 15.500000000000002 0.25881904510252091 9.5000000000000018 0.00069933791182273143 0.93700396825396837 418.50000000000006 19.500000000000004 0.78619047619047622 412.50000000000006 19.500000000000004 6.5000000000000009 3.5599466427095693e-05 9.5000000000000018 317.50000000000006 1.0000000180025095e-35
decision_type=2 2 2 2 2 2 2 2 2 2 2 2 2 2 2 2 2 2 2 2 2 2 2 2 2 2 2 2 2 2 2 2 2 2 2 2 2 2 2 2 2 2 2 2 2 2 2 2 2 2 2 2 2 2 2 2 2 2 2 2 2 2 2 2 2 2 2 2 2 2 2 2 2 2 2 2 2 2 2 2 2 2 2 2 2 2 2 2 2 2 2 2 2 2 2 2 2 2 2 2 2 2 2 2 2 2 2 2 2 2 2 2 2 2 2 2 2 2 2 2 2 2 2 2 2 2
left_child=3 4 6 27 25 13 12 9 -7 20 -11 30 -3 16 15 53 17 45 24 33 21 59 46 32 -15 -2 113 -1 31 -30 -9 106 -24 34 35 -19 -27 -13 -20 40 50 -42 44 -44 -41 -5 58 48 -33 111 -22 -51 -18 54 -14 -36 57 -57 -23 60 -4 -61 63 65 -64 110 67 -65 -62 70 -70 -58 -28 74 -74 -75 -52 -47 -77 -53 81 83 92 90 85 -85 87 -87 -86 105 91 -81 -83 -82 -95 -89 99 101 103 -96 -101 -98 -103 104 -99 -90 -10 -49 -109 -88 -63 -8 -104 118 115 116 117 -115 -16 121 122 123 -121 -59 -123 -126
right_child=1 2 7 5 -6 8 49 11 28 10 -12 37 14 18 26 -17 52 19 38 -21 39 22 23 -25 -26 36 72 -29 29 -31 -32 47 -34 -35 55 -37 -38 -39 -40 42 41 -43 43 -45 -46 77 -48 107 -50 51 76 79 -54 -55 -56 56 71 119 -60 61 68 62 64 66 -66 -67 -68 -69 69 -71 -72 -73 73 75 -76 78 -78 -79 -80 80 93 82 -84 84 88 86 109 95 89 -91 -92 -93 -94 94 96 -97 97 98 -100 100 -102 102 112 -105 -106 -107 -108 108 -110 -111 -112 -113 -114 114 -116 -117 -118 -119 -120 120 -122 124 -124 -125 125 -127
leaf_value=-0.021795879615575608 0.0011838322364473564 0.026892297318254727 0.014294899856190655 -0.0012286808847265136 0.025985771817370815 0.00032901357080523865 -0.00058078814410533134 0.010477626039242989 -0.0048101633789866486 0.00014711863033252653 0.030372375300101964 -0.0020560103824874354 0.0022992095060086711 -0.0071729701119305619 0.0015732982955493622 0.010043972116931718 -0.0047201002601771026 -0.0051312145861460365 -4.6377628557117e-05 -0.0052112831909786007 -0.0032799486204778227 0.0044346476614801969 0.0026772058693574946 -0.010561036590252813 0.0084779250356603556 0.011541466188037877 -0.00141164168210773 0.0070649035237121934 -0.0068723969171804221 0.00013582178576144744 0.0020403195595269474 0.028313466187075254 -0.045715055427001376 -0.011051540784772877 -0.009350351132760993 0.0096841059232603555 -0.02170407006247016 0.010357631022167415 0.021428416894169224 -0.039256897944734415 -0.0077610838229194559 0.0098056302289196134 -0.0062813127645301135 0.044991474024827519 0.010906486825010359 0.0059967609830943753 0.0044010426850033309 -0.0042632020595459036 0.00098591611734369627 -2.6046916365410102e-05 -0.00087021510698757811 -0.0067795019567509739 -0.0066692786236681682 -0.0017422951729471111 0.03099679839318813 -0.00089936822258254452 -0.00024548753998100139 -0.0086202255667637891 -0.0078325211497052051 0.0030489818956729708 0.026235095897474886 0.042241769611654406 0.0021024413361789818 0.030468518942128445 -0.0094619439870042513 -0.059341855271622446 0.020582978558830019 -0.00083696430106875049 0.040700622498634681 0.00090983600563998384 -0.025633003210415117 -0.011610872969826354 0.0012338435443172058 -0.00029424738531737136 -0.0078737404687510924 0.0056861025486425881 0.0063728118889900421 0.00043110039404165251 -0.0020415266342294989 -0.0029408520188783961 0.0032870218169125647 0.02383765565737285 0.010637438560017688 -0.00263690916210421 -0.036622884055502396 -0.0097452199470488068 0.0049752163824170696 0.007437823149725107 0.0054301155844534562 -0.0037038036080073236 0.0012924862854810106 0.0024073786247885481 -0.00014845011543142034 -0.014577469743315398 -0.0027547493669944165 0.001611099346733115 -0.0065223151612983574 0.0022518877548422986 0.0064306083555367615 0.036868442601619596 0.0019339925648190343 0.002201919883410629 0.0010973301956483247 -0.0085019323299339172 -0.016218015813685618 -0.015884173812462515 -0.018411135776375671 0.0099384726795281961 -0.00057794417272232553 -0.0041324226180284723 0.0015367923523131573 -0.025956821639980632 -0.0032641233456928683 -0.008646518494629293 -0.0030072978682584256 -0.001413910494023857 0.066388064219908241 0.015675658384460618 -0.0037189148506064948 0.00236236927311116 -0.01861494796492669 -0.0039943200757985914 -0.022202252661293997 -0.0048309264957873124 0.0045987876455457176 -0.0059562935078764151
leaf_weight=2745 10917 213 765 239 7803 7243 227 564 9188 432 459 359 1743 830 456 961 443 727 83 649 1030 174 1136 1057 453 18731 1930 10040 2086 673 257 130 112 2337 361 426 242 183 131 47 475 118 1944 43 268 176 3346 5198 986 9836 940 184 946 2417 298 2625 379 7643 336 3138 130 204 484 104 304 156 733 146 46 5160 283 1639 812 1643 611 3021 2025 205 372 2327 287 114 151 15317 324 112 386 306 88 4597 2929 803 971 138 708 288 2030 1415 246 224 1377 1732 978 152 227 557 383 157 614 1348 292 268 2919 186 1332 289 134 287 2280 1245 331 6588 137 7354 543 502
leaf_count=2745 10917 213 765 239 7803 7243 227 564 9188 432 459 359 1743 830 456 961 443 727 83 649 1030 174 1136 1057 453 18731 1930 10040 2086 673 257 130 112 2337 361 426 242 183 131 47 475 118 1944 43 268 176 3346 5198 986 9836 940 184 946 2417 298 2625 379 7643 336 3138 130 204 484 104 304 156 733 146 46 5160 283 1639 812 1643 611 3021 2025 205 372 2327 287 114 151 15317 324 112 386 306 88 4597 2929 803 971 138 708 288 2030 1415 246 224 1377 1732 978 152 227 557 383 157 614 1348 292 268 2919 186 1332 289 134 287 2280 1245 331 6588 137 7354 543 502
internal_value=-0.000706304 0.000699169 -0.000220652 -0.0032344 0.00313432 -0.00393174 -0.00117837 0.00232893 -0.0024549 0.00190377 0.0108845 0.0103673 0.000728674 -0.00499554 0.000526176 0.00329508 -0.00526444 -0.00500528 0.0013765 -0.00521439 0.00158154 0.00249379 5.31144e-05 -0.00437771 -0.00113936 0.00216006 -0.00059833 0.000237491 -0.00348803 -0.00728202 0.0160745 -0.00285757 0.000494813 -0.00503113 -0.00472382 0.0015177 0.00314351 0.00165448 0.0161416 -0.000815808 0.000853473 -0.00742893 -0.00413741 -0.00585216 0.00660156 0.00624 0.00270396 -0.000967912 0.00436218 -0.00185427 0.00209063 -0.00177288 -0.0115872 0.00169057 0.00477884 -0.00496925 -0.00484581 -0.00453898 -0.00529126 0.00375209 0.00216153 0.00557447 0.00899197 0.0126601 0.00134931 0.00567732 0.0172394 0.00578431 0.00109753 0.00070031 -0.0133308 -0.00892486 0.000893198 0.00199915 -0.00305847 0.00342988 0.00388468 0.0123769 0.0053583 -0.00217131 -0.00211347 -0.00270565 0.00430298 -0.00300116 -0.0036723 -0.00276616 0.00149284 0.00881153 -0.00655807 -0.00585954 -0.000416803 -0.00273525 0.00145642 -0.000654646 -0.00091227 0.0129967 -0.000672604 -0.0014816 0.00271394 0.00272148 0.00565224 -0.00260014 -0.00118078 0.000825459 0.00221919 -0.01325 -0.00425517 -0.00196727 0.00399807 -0.00150374 0.0102595 -0.010475 -0.00290428 -0.00311733 -0.000349305 0.0054828 0.00995507 0.00503661 -0.00536665 -0.00493336 -0.000839639 -0.00524299 0.00162581 -0.00622467 -0.0033114 0.00194048
internal_weight=213929 137494 99801 76435 37693 63650 72551 27250 26658 25887 891 1363 18985 36992 18772 5419 35495 34106 1497 33486 24996 18106 6161 2305 1283 29890 13353 12785 19415 2759 821 16656 1248 32837 30500 1153 18973 542 214 6890 4588 593 2302 1987 315 620 3856 7085 1116 53566 3995 53071 1389 4458 2041 29347 28986 26968 510 11945 6384 5561 2423 1635 788 652 983 250 5619 5489 329 2018 8389 6459 1423 5036 2965 381 3393 43235 43051 30618 1236 29382 23323 17757 2440 706 5566 5242 6059 3130 1085 12433 12146 594 12008 9699 2040 2309 1601 7659 5629 1794 1642 645 9571 5969 771 1734 496 495 3897 4964 2228 896 607 473 2736 24343 1713 22630 1382 14997 7633 1045
internal_count=213929 137494 99801 76435 37693 63650 72551 27250 26658 25887 891 1363 18985 36992 18772 5419 35495 34106 1497 33486 24996 18106 6161 2305 1283 29890 13353 12785 19415 2759 821 16656 1248 32837 30500 1153 18973 542 214 6890 4588 593 2302 1987 315 620 3856 7085 1116 53566 3995 53071 1389 4458 2041 29347 28986 26968 510 11945 6384 5561 2423 1635 788 652 983 250 5619 5489 329 2018 8389 6459 1423 5036 2965 381 3393 43235 43051 30618 1236 29382 23323 17757 2440 706 5566 5242 6059 3130 1085 12433 12146 594 12008 9699 2040 2309 1601 7659 5629 1794 1642 645 9571 5969 771 1734 496 495 3897 4964 2228 896 607 473 2736 24343 1713 22630 1382 14997 7633 1045
is_linear=0
shrinkage=0.05


Tree=31
num_leaves=127
num_cat=0
split_feature=9 10 10 26 9 9 17 9 10 9 9 10 10 10 9 33 17 17 9 31 17 9 9 10 9 10 17 34 31 35 20 34 10 34 8 15 5 20 34 2 31 9 26 33 34 8 8 29 30 32 19 25 29 9 8 25 25 19 35 34 33 33 32 28 5 7 9 9 29 20 16 26 20 7 25 33 30 5 9 10 17 26 9 28 3 33 16 20 33 31 25 9 33 9 17 30 30 6 17 3 19 20 29 3 9 17 26 9 14 5 26 34 17 31 9 35 17 9 17 5 30 20 17 5 9 34
split_gain=1012.22 362.437 268.509 244.414 116.454 115.027 79.9983 57.6804 50.1013 51.4277 49.7396 45.4311 45.06 42.2533 49.264 44.7659 41.9423 38.6092 33.8913 32.5843 25.9904 25.9404 25.6919 25.318 29.3565 27.0677 24.4709 27.8638 24.4534 22.4976 21.7244 20.961 20.9411 18.9248 18.1714 32.4733 35.1801 21.1545 29.3305 19.2762 20.5488 18.1363 23.7944 22.2507 17.8534 17.7288 17.4654 17.0952 26.263 19.1285 17.0754 17.7791 17.0346 16.8379 18.184 19.1393 17.5048 17.4444 22.8023 16.8155 24.4749 16.5484 16.5139 21.0487 16.0824 16.0706 30.4785 28.3106 18.6599 17.6119 38.7266 17.2123 15.7533 15.5055 15.1788 14.7336 14.6776 14.6334 17.1903 14.604 14.5187 14.4953 17.5492 14.3874 15.3645 14.2492 14.6901 15.7378 20.543 17.3308 30.5971 13.7403 16.2049 13.5101 17.2049 13.3908 16.7135 15.5411 15.0401 15.2397 13.7521 24.7401 23.3043 19.4515 15.0575 26.841 13.8263 13.3185 13.2643 21.6889 16.0241 13.2569 13.2392 13.2367 13.2252 13.2124 12.9953 24.0637 22.6694 12.923 12.9073 24.6909 17.6362 23.919 16.2928 12.902
threshold=6.4960462968475161 1.0000000180025095e-35 2.5000000000000004 303.50000000000006 6.2919674446116867 7.4884717321742622 43.500000000000007 3.9225284647455312 1.5000000000000002 4.7800036004768485 5.7694620865801278 1.5000000000000002 3.5000000000000004 3.5000000000000004 7.955128338506154 0.027207136329413076 53.500000000000007 10.500000000000002 5.5606859857709807 0.014665138462222225 63.500000000000007 9.412308328724011 1.8246898925473982 1.0000000180025095e-35 6.7262945464562831 1.5000000000000002 51.500000000000007 -0.094297974749038269 -0.0030717798738463782 0.17795832896190511 0.83654916512059374 0.00085199434451323859 2.5000000000000004 0.00025184962755347588 9.5000000000000018 1.0000000180025095e-35 1.0000000180025095e-35 0.97530487804878063 -2.8247260304034715e-05 0.98296291314453421 -2.6714747817948874e-05 5.8593768666142356 302.50000000000006 -0.031772392942251614 0.055705194755335079 8.5000000000000018 10.500000000000002 0.00030793515476145806 0.00068619224966688837 -0.016951733111216599 0.081356867071152791 104.50000000000001 2.8682416360007436e-05 6.0170260807908234 7.5000000000000009 74.500000000000014 21.500000000000004 0.095564253098499682 2.2815655357516357e-05 0.36879226450807762 -0.04799456329259847 -0.0081589192142482274 0.0019181025040299819 5.7439376428266687e-05 1.0000000180025095e-35 1.0000000180025095e-35 11.30885442583117 8.1791321490895879 4.8112163938513861e-06 0.82998795664391822 2.5000000000000004 402.50000000000006 0.79205974842767313 1.0000000180025095e-35 33.500000000000007 0.0012757447366400524 0.00039333952034334381 0.81174490092936691 3.3981895808892282 1.5000000000000002 31.500000000000004 407.50000000000006 5.3843046937633359 0.0010179357132464881 0.25881904510252057 -0.068996186016468078 13.500000000000002 0.81145747880776609 -0.0097487218276346849 5.5631042845517971e-06 51.500000000000007 11.30885442583117 -0.027056679852883028 6.4128760218017353 18.500000000000004 0.0059152124333640308 0.0042102547326728105 1.0000000180025095e-35 12.500000000000002 -0.98296291314453399 0.099295774647887344 0.89927536231884064 0.0095736440197980114 0.91597561503675351 5.5188231444133669 24.500000000000004 404.50000000000006 6.8930861258593401 1.0000000180025095e-35 1.0000000180025095e-35 415.50000000000006 -1.0000000180025095e-35 15.500000000000002 -0.00097205991155187473 5.2493401976304712 -0.0003495199353193941 33.500000000000007 6.1500186640795729 23.500000000000004 -0.56174490092936669 -1.0000000180025095e-35 0.85610766045548659 15.500000000000002 -0.22252093395631442 7.2400154552834515 0.0013376102107253418
decision_type=2 2 2 2 2 2 2 2 2 2 2 2 2 2 2 2 2 2 2 2 2 2 2 2 2 2 2 2 2 2 2 2 2 2 2 2 2 2 2 2 2 2 2 2 2 2 2 2 2 2 2 2 2 2 2 2 2 2 2 2 2 2 2 2 2 2 2 2 2 2 2 2 2 2 2 2 2 2 2 2 2 2 2 2 2 2 2 2 2 2 2 2 2 2 2 2 2 2 2 2 2 2 2 2 2 2 2 2 2 2 2 2 2 2 2 2 2 2 2 2 2 2 2 2 2 2
left_child=1 17 5 4 8 23 12 16 10 32 -3 -7 18 14 85 26 -8 52 30 83 64 -13 119 112 79 -26 27 -15 -24 -28 72 46 -10 -22 35 37 -37 53 45 40 114 42 -11 -44 -33 -39 77 48 116 -49 113 111 -1 54 56 -56 -30 58 -58 60 -29 -59 95 81 -9 66 67 71 -69 108 107 76 -5 -66 -70 -45 -62 -32 -79 -25 -57 -64 -83 84 -17 -4 87 88 -87 90 -90 -16 -93 -6 -95 96 100 -98 99 -97 102 -102 103 104 106 115 -36 -71 109 -67 -111 -52 -2 -48 -40 -106 117 118 -20 -14 121 -89 124 -124 -123 -60
right_child=2 3 13 6 93 11 7 20 9 41 -12 21 22 15 91 19 -18 -19 47 -21 33 -23 28 24 25 -27 29 59 34 -31 31 44 -34 -35 62 36 -38 38 39 -41 -42 -43 43 75 -46 -47 50 49 -50 -51 51 -53 -54 -55 55 80 57 61 125 -61 65 -63 63 -65 73 69 -68 68 74 70 -72 -73 -74 -75 -76 -77 -78 78 -80 -81 -82 82 -84 -85 -86 86 -88 120 89 -91 -92 92 -94 94 -96 98 97 -99 -100 -101 101 -103 -104 -105 105 -107 -108 -109 -110 110 -112 -113 -114 -115 -116 -117 -118 -119 -120 -121 -122 122 123 -125 -126 -127
leaf_value=-0.014926602656439598 -0.0014664474937812356 -0.048861836483507531 0.011705022810730242 -0.0059370405028764169 -0.0039659686126386371 0.056737751938482045 0.020453123323905226 -0.0014315356272645704 -0.028850865016810379 -0.0096407470225358047 -0.020066267767429861 0.018901556766492671 0.0074750054686853239 -0.003976767584531307 0.0062634343703182396 0.011690692946695837 -0.0044456227867449112 0.027680321619151071 -0.0029571379912367627 -0.00028185980062844649 0.00012966607721651702 0.050474087726648124 -0.0036969023904779158 0.013288855955135393 0.029656937197891465 0.0057199938853384185 0.00076949992563772162 -0.009890114706243909 -0.0072262258902153972 0.012664996692596658 -0.00729551892270587 0.0020124769866796915 -0.0097943723574767452 0.014413458106477177 0.0010593382973142476 -0.027547505782013239 0.013078786391939956 -0.00040542712386657247 0.0038930429608692377 0.0020536285589017001 -0.0092243977251061041 -0.0031770813625644542 0.0064744473684378639 -0.0040024735430990634 -0.0078434724409446911 0.021499465150815869 0.0067430390746595799 0.0023812638331189612 0.011184416063341746 -0.0027430985955313228 -0.0014225104152512564 -0.01251808133473808 0.0087700974872974759 -0.0062715846055227276 -0.0072273210184331752 -0.0018913411885214113 0.016223218179598386 0.0069976824011652511 -0.026564902526471063 0.0038972930690718724 0.0047040685944009031 -0.00035833723482078881 0.031793855694389257 0.00028278889607936605 0.012655461238945656 0.0063591214862416465 0.014735207473181123 0.00068588411782464847 0.00020031887522055814 0.0091570664510621045 -0.010495252366095194 0.00035188396682240761 -0.011246521873363583 -0.005957429223931705 -0.012058024470029313 0.010424719521601513 -0.0010921781605671965 0.017578836461769633 -0.0028622029837728881 0.00038744796902717417 0.017251501385545296 -0.0005963367977800092 0.058950377807745008 0.0013675339827682932 -0.00034342953523798237 -0.0026420734672564766 -0.046603776583112655 -0.010818737135924669 -0.0034212322620147833 0.0067635158449757 0.0042035064660520286 -0.016568187764144114 0.028199031665474668 0.0013896820825389233 -0.0047188062518584324 0.0033857889766167287 0.0026064541847960841 -0.0095141318971501704 0.0080349027761651304 -0.0013749194179721559 0.00021816311271173882 0.030466442278314267 -0.015718433528221522 0.007681228831404258 0.01211279754066775 0.029833295480142921 -0.0034476950837833645 -0.0017634293029138706 -0.0032278836217978606 0.00081266676078793881 -0.0061167511586219586 0.0074106030739344454 0.033946526106686033 -0.0058022610633993903 -0.0019351654716214689 -0.0033185205397351872 -0.0041404991903347659 0.0048475659798824329 0.0071166900844915172 -0.0077705230035376889 -0.0010284729786162318 -0.0026500740800141634 0.010242945639777724 4.1152888275058057e-05 0.0030476856500948504 0.0011378210485606423
leaf_weight=3627 3156 2863 264 4561 6059 1692 550 1945 3615 12064 9922 6940 43 412 8612 420 116 10125 1664 541 230 736 548 8066 9582 7282 2560 1088 365 187 5215 1960 2273 346 651 67 190 1121 241 397 2493 7023 94 864 660 159 89 484 209 5278 250 220 9577 1232 784 1213 653 137 114 476 317 2086 176 1282 466 467 167 902 477 190 1225 3901 1932 191 1371 121 146 99 328 2779 138 186 114 152 52 529 88 281 663 1061 643 63 491 3120 1213 151 171 340 748 928 4532 110 326 216 61 267 2944 2388 306 741 217 464 1465 1800 690 641 321 806 122 522 8274 710 604 432 433 477
leaf_count=3627 3156 2863 264 4561 6059 1692 550 1945 3615 12064 9922 6940 43 412 8612 420 116 10125 1664 541 230 736 548 8066 9582 7282 2560 1088 365 187 5215 1960 2273 346 651 67 190 1121 241 397 2493 7023 94 864 660 159 89 484 209 5278 250 220 9577 1232 784 1213 653 137 114 476 317 2086 176 1282 466 467 167 902 477 190 1225 3901 1932 191 1371 121 146 99 328 2779 138 186 114 152 52 529 88 281 663 1061 643 63 491 3120 1213 151 171 340 748 928 4532 110 326 216 61 267 2944 2388 306 741 217 464 1465 1800 690 641 321 806 122 522 8274 710 604 432 433 477
internal_value=-0.00067592 -0.00342907 0.00362038 -0.00465969 -0.00724871 0.00645985 -0.00245482 0.00451026 -0.00850653 -0.00724567 -0.0110721 0.0113379 -0.00295122 0.000790867 0.00221872 -0.000976453 0.0178316 0.00221769 -0.00442419 0.00849359 0.00169494 0.00969145 -0.00153403 0.00504484 0.00561621 0.00692157 -0.00160776 -0.00241264 -0.00131159 0.00272257 -0.00569613 -0.00434738 -0.0113575 0.0112565 -0.00109341 -0.00247035 0.0149523 -0.00284031 -0.00530209 -0.00749412 -0.00870224 -0.00604259 -0.0071393 -2.53684e-05 -0.000438095 0.00124514 -0.00555637 -0.00190573 0.00107291 -0.00351916 -0.00233999 0.00317891 0.000436067 -0.00109349 7.11714e-06 -0.00368575 0.00206672 0.00316604 0.00789432 -0.00204237 -0.00235961 0.000508304 0.000155969 0.00467669 -0.000439202 -0.00174629 -0.000202099 -0.000704452 -0.00467332 -0.00377595 -0.00567686 0.00179904 -0.00799361 0.00629532 -0.00754452 -0.00228535 0.01086 -0.00716221 0.00171875 0.0035841 -7.19021e-05 0.0135967 0.00672131 0.0162321 0.0205031 0.000350683 0.000127159 0.000262193 0.00352982 0.0055196 0.00165141 0.00506651 0.0126744 -0.00254593 -0.000413208 -0.000503266 -0.00120591 -0.00997577 0.00343477 -0.000348247 -0.00074131 0.00122767 -0.00253082 -0.00164054 -0.00233968 0.00318019 -0.00382986 -0.00218931 0.000404666 0.00243881 -0.00187435 0.00700278 0.00161641 -0.00506996 -0.00234776 -0.00197313 -0.000168779 0.00101271 -0.00222501 -0.0120395 -0.000620634 0.00255578 0.00436012 0.0090682 7.18647e-05 0.000759229
internal_weight=213929 130380 83549 107051 49231 41698 57820 3844 38839 26054 12785 9368 53976 41851 23148 18703 666 23329 26462 1165 3178 7676 27514 32330 27709 16864 17538 14791 26949 2747 17578 11085 5888 576 26401 12557 257 12300 5101 3821 3424 20166 13143 1079 2620 1280 8465 8884 3122 5762 2823 934 13204 7199 5967 2135 3832 3467 1244 14379 13903 2223 13844 1758 2602 12815 7281 7114 2750 5534 3803 4364 6493 657 1848 985 463 5642 427 10845 1351 476 300 624 472 13982 13718 13630 2896 2367 1306 9166 554 10392 4333 12086 10259 511 1827 1079 9748 4642 5106 4780 4564 969 3595 2578 1731 1425 958 714 4621 1889 931 702 2913 2592 1786 565 10734 2460 2179 1036 1143 591
internal_count=213929 130380 83549 107051 49231 41698 57820 3844 38839 26054 12785 9368 53976 41851 23148 18703 666 23329 26462 1165 3178 7676 27514 32330 27709 16864 17538 14791 26949 2747 17578 11085 5888 576 26401 12557 257 12300 5101 3821 3424 20166 13143 1079 2620 1280 8465 8884 3122 5762 2823 934 13204 7199 5967 2135 3832 3467 1244 14379 13903 2223 13844 1758 2602 12815 7281 7114 2750 5534 3803 4364 6493 657 1848 985 463 5642 427 10845 1351 476 300 624 472 13982 13718 13630 2896 2367 1306 9166 554 10392 4333 12086 10259 511 1827 1079 9748 4642 5106 4780 4564 969 3595 2578 1731 1425 958 714 4621 1889 931 702 2913 2592 1786 565 10734 2460 2179 1036 1143 591
is_linear=0
shrinkage=0.05


Tree=32
num_leaves=127
num_cat=0
split_feature=9 10 10 10 9 9 10 10 9 10 9 33 10 9 9 9 34 8 16 20 10 9 10 9 9 7 24 15 4 9 20 20 16 34 8 32 35 35 24 3 33 24 28 34 20 32 32 16 3 9 9 20 2 30 28 33 16 3 24 5 9 32 20 24 0 25 30 28 2 35 9 16 28 8 31 24 10 32 28 33 33 0 4 30 1 23 30 23 9 3 9 8 5 9 9 28 10 24 5 33 9 9 33 9 8 24 9 0 5 2 33 9 8 16 20 8 24 30 0 21 3 32 33 32 3 32
split_gain=925.501 327.869 239.464 217.973 136.5 106.792 71.5222 42.3748 39.4264 36.7434 55.1503 36.1076 41.4369 34.9935 33.5951 29.0401 26.7305 26.3696 30.0478 54.2539 25.9839 31.4937 31.0462 25.9668 24.3524 24.2411 23.7105 22.6456 42.4378 21.9962 24.8835 34.5335 42.3059 28.3269 25.8886 21.6737 24.7059 23.3054 22.9391 20.9901 30.8327 29.5793 25.1304 24.3478 22.7084 20.8815 23.216 20.7939 19.4137 19.3399 19.3223 19.1661 19.2036 19.0317 18.4627 18.345 17.8032 17.2949 23.7973 17.0804 16.907 22.4651 16.7011 16.4987 16.4032 15.9346 15.8294 15.7986 15.7667 15.5534 15.4879 15.1695 15.0827 14.5366 14.3836 14.5591 14.2333 14.1258 13.6436 13.5385 18.1135 15.2357 13.1507 13.1257 14.9547 13.5574 13.2411 13.747 13.8732 12.9661 13.8596 12.9358 12.923 12.8922 20.1638 15.0666 12.8882 12.8157 17.6008 16.1177 12.877 12.7731 12.6828 12.5626 12.5225 16.4112 12.3126 12.2976 15.1669 14.6691 12.2111 16.4717 27.1315 13.2647 12.148 12.1413 11.9365 16.6649 13.4356 11.8971 11.7189 14.2882 11.6714 11.6276 11.5948 12.1127
threshold=6.4960462968475161 1.0000000180025095e-35 2.5000000000000004 2.5000000000000004 6.1999103545603491 7.7225551465088893 3.5000000000000004 1.5000000000000002 9.8505263167475814 1.5000000000000002 5.1815417697773567 0.022803750657097634 3.5000000000000004 5.7511212155106497 5.7864827768569862 1.8246898925473982 -0.05649062445144086 9.5000000000000018 2.5000000000000004 0.92805383022774335 1.0000000180025095e-35 6.7262945464562831 1.5000000000000002 6.4128760218017353 6.8130858395866065 1.0000000180025095e-35 200.50000000000003 1.0000000180025095e-35 0.87837969732492682 6.0170260807908234 0.91913687881429829 0.91341829085457282 1.5000000000000002 -0.004703357094662435 3.5000000000000004 0.0019181025040299819 1.2077124536020805e-05 -0.00013000928743749174 1005.5000000000001 0.37940952255126048 -0.050354802615318599 400.50000000000006 1.7912433869756961e-06 0.0049690235450590226 0.89927536231884064 -0.012700643960577735 -0.0051435939555197242 2.5000000000000004 -0.98296291314453399 3.1975886473094337 9.412308328724011 0.86863675582398636 -0.91597561503675329 0.0014401658109225643 0.0010651049769208505 0.0096676621084526935 2.5000000000000004 -0.12940952255126037 203.50000000000003 -0.56174490092936669 5.5399478813362029 0.0026805443743723278 0.94073748902546106 1003.5000000000001 6.5000000000000009 105.50000000000001 0.00046752199888939084 7.7665153325433134e-07 0.98296291314453421 -0.00069495814203972348 4.338619706235276 1.5000000000000002 0.34784503273328221 7.5000000000000009 -0.00029665392168458723 205.50000000000003 3.5000000000000004 9.5748685868896889e-07 0.0036898294613914129 -0.078524239674980983 -0.034044417965685185 15.500000000000002 1.0000000180025095e-35 0.0033830640889109483 3.5000000000000004 1.7566051543729515 0.26211823048499139 1.4502382000414757 5.227516809472216 -0.37940952255126015 5.7511212155106497 11.500000000000002 -0.56174490092936669 3.6497551770592547 4.6762700054057946 1.7290734931081643e-07 1.5000000000000002 309.50000000000006 -0.56174490092936669 -0.0014036008406638496 5.0400232965669671 8.3040123642267609 -0.00076559650435234982 5.7333885664100412 8.5000000000000018 212.50000000000003 7.1244851089222339 11.500000000000002 -0.56174490092936669 -0.91597561503675329 -1.0000000180025095e-35 3.7422261563057631 10.500000000000002 11.500000000000002 0.89927536231884064 11.500000000000002 1007.5000000000001 0.0040239938660434809 9.5000000000000018 0.75735294117647067 0.78656609248549303 -0.020409956598634618 1.4847773940380255e-05 5.6121094949272505e-05 -0.60355339059327384 -0.013091180643458126
decision_type=2 2 2 2 2 2 2 2 2 2 2 2 2 2 2 2 2 2 2 2 2 2 2 2 2 2 2 2 2 2 2 2 2 2 2 2 2 2 2 2 2 2 2 2 2 2 2 2 2 2 2 2 2 2 2 2 2 2 2 2 2 2 2 2 2 2 2 2 2 2 2 2 2 2 2 2 2 2 2 2 2 2 2 2 2 2 2 2 2 2 2 2 2 2 2 2 2 2 2 2 2 2 2 2 2 2 2 2 2 2 2 2 2 2 2 2 2 2 2 2 2 2 2 2 2 2
left_child=1 25 5 4 9 20 14 -7 11 13 70 12 24 -3 49 92 -13 27 35 110 -2 96 106 -6 -4 66 -14 29 -29 30 31 -17 -33 104 47 36 38 -37 51 43 59 42 -42 55 -44 -38 -47 -35 -48 73 -9 52 -19 89 68 69 -18 97 -59 -41 61 -39 -21 77 -31 116 -1 71 -36 91 -11 -10 -68 102 -71 -76 -69 -43 83 -26 81 -81 -65 85 86 -51 87 -85 -89 93 -91 -28 -8 -40 -95 -96 -22 98 -53 -99 -101 -46 -5 115 105 -32 -23 -16 122 -110 -20 112 -112 -113 -111 -60 -45 118 -118 -82 121 -58 -109 -116 125 -66
right_child=2 3 8 6 23 7 15 50 67 10 -12 16 26 -15 107 17 56 18 19 62 21 22 -24 -25 79 -27 39 28 -30 64 33 32 -34 34 54 37 45 60 53 40 41 63 44 65 101 46 48 -49 -50 78 -52 57 -54 -55 -56 -57 120 58 103 -61 -62 -63 -64 82 124 -67 72 76 -70 74 -72 -73 -74 -75 75 -77 -78 -79 -80 80 119 -83 -84 84 -86 -87 -88 88 -90 90 -92 -93 -94 94 95 -97 -98 99 -100 100 -102 -103 -104 -105 -106 -107 -108 108 109 114 111 113 -114 -115 123 -117 117 -119 -120 -121 -122 -123 -124 -125 -126 -127
leaf_value=0.0081098707977314641 0.0081452982519098164 -0.047313722816021531 -0.0010480198967588183 0.0071421415566502652 -0.0052920200500073539 0.070535098188194131 0.0071012551952510583 0.02145761997953876 0.0058387314946142799 -0.033971628205546028 -0.0062552241165287834 -4.0924268626801551e-05 0.0058070696268743456 -0.021239392408216654 -0.0014892290218356098 -0.00035178491684789118 -0.0015888605687939866 0.047360742230042344 0.0028605463074227837 0.016744006880391914 0.012624413157378623 0.02687233947409692 0.0059180692486280571 0.00015187965142111638 0.017177734995184317 0.00053564530784363325 0.0013380946302259979 0.012299199015244578 -0.047033235591820759 -0.0070836038820480552 -0.0022266066474160781 -0.0043847496576217924 0.048228993867310159 0.017871029188846681 -0.0046897575901376984 -0.00060492422194476927 0.007318857929145401 0.0088174156537405898 0.0044447497525298783 0.014525448431764449 -0.015402323187115827 0.0038333113740171699 0.0062259187651791757 0.0031555084113630578 -0.0089194385338345322 -0.0088633045067295756 0.0029127196513324895 -0.00069137861848944486 -0.0034972693122547766 -0.0052662356573558175 0.047950383340315719 0.032601839226702484 -0.0064505726193961575 0.0047401334245453439 0.00059117373431650556 -0.023934905777621213 0.0016618002029332559 -0.0023595987402023604 0.0096582530021668122 -0.0051234359238720474 0.046414207436139075 0.00014228935205998737 0.0048345397275773184 -0.0020664193667058982 -4.7018795017118106e-05 0.0095348524403551967 0.030592770712086992 0.012072925619775327 0.0019513757683741536 -0.0076053611955841805 -0.017084749954548322 0.018441781593151792 -0.043912869806242372 -0.017957927198514953 0.012723147881466092 -0.0010523163102951784 0.00010209945466397091 -0.0015508014147928757 -0.00096182607910535057 -0.003916063388049471 0.0025213891576841285 0.01512907992844814 0.0042619950335873553 -0.0024509862110602579 -0.0058237692176757909 0.0029078302755772708 0.040014204387855065 0.013238060805902375 -0.0071725345381287182 -0.013712158858370399 0.0043814205846721332 0.023969301500661625 -0.0073819968533608039 -0.011535042305175949 0.0039985362106318969 -0.0062074680586795775 0.00036807557057581532 0.012504107678068734 0.00018762830008726221 0.00088597254227555937 -0.0035386342664207788 -0.00026387954985966899 -0.017675695115538577 0.028407651191921009 0.013056319558064826 0.0046976089337106702 0.032353567337331482 -0.0038263142607562091 -0.0054829477247283443 0.00021580230021725759 -0.0030952789606753226 -0.0016162714796079021 0.020058887541038434 0.015921342450422721 0.007061797940164709 -0.0011556665125942781 -0.019032259558799825 -0.0043660443191725516 0.0044075220287019112 -0.04451206647182953 -0.00039463546246369945 0.010881474965596202 0.0023401758205301225 0.0010676005996381856 0.00033920734147723164 -0.0057053686464199902
leaf_weight=5734 4621 2722 3900 230 9702 904 43 5236 379 1785 11820 640 126 7198 6769 5061 149 55 2372 288 8066 7069 8986 4101 207 9135 926 198 82 1022 455 199 332 162 3486 753 200 148 210 49 726 823 182 986 493 359 186 132 2251 14742 736 177 804 333 572 124 174 142 484 659 200 517 325 680 254 214 8326 1840 328 754 4697 467 134 1928 92 6799 1470 382 2350 1028 15089 84 96 2331 2600 364 105 177 70 333 42 138 522 397 475 321 2779 52 318 696 316 524 676 234 230 540 3301 786 263 527 202 1718 142 66 583 211 43 527 361 123 55 542 190 294 765 331
leaf_count=5734 4621 2722 3900 230 9702 904 43 5236 379 1785 11820 640 126 7198 6769 5061 149 55 2372 288 8066 7069 8986 4101 207 9135 926 198 82 1022 455 199 332 162 3486 753 200 148 210 49 726 823 182 986 493 359 186 132 2251 14742 736 177 804 333 572 124 174 142 484 659 200 517 325 680 254 214 8326 1840 328 754 4697 467 134 1928 92 6799 1470 382 2350 1028 15089 84 96 2331 2600 364 105 177 70 333 42 138 522 397 475 321 2779 52 318 696 316 524 676 234 230 540 3301 786 263 527 202 1718 142 66 583 211 43 527 361 123 55 542 190 294 765 331
internal_value=-0.000661897 -0.00329447 0.00344624 -0.00446493 -0.00727129 0.00612774 -0.00265081 0.011821 0.000774143 -0.009264 -0.00793112 0.000264258 -5.77609e-05 -0.0117179 -0.00418727 -0.000861096 0.00769968 -0.000644821 0.000791972 0.00391901 0.00500201 0.00553624 0.006745 -0.00319507 0.00142653 0.00207626 -0.00198867 -0.00220097 0.0117544 -0.00248685 -0.00158081 0.000809363 0.0128778 -0.00384306 -0.00561366 -0.000774537 -0.00177421 0.00452557 0.000187333 -0.00216614 -0.0049935 -0.00324342 -0.00764896 -0.000974564 -0.00317899 -0.00543485 -0.0065548 0.00864549 -0.00478399 -0.00512716 0.0102777 0.0026753 -0.0037934 -0.00392131 -0.00657823 -0.00213199 0.0131351 0.00479127 0.00966775 -0.0145582 0.0101006 0.00617537 0.0178115 0.00104607 -0.0068658 0.00381671 0.0033689 0.00539293 -0.0078332 -0.00185363 -0.0116379 0.0114747 0.00474306 -0.00902254 -0.00264216 -0.00192104 0.00382353 0.00470041 -0.00463979 0.00226491 0.00210117 -0.00404655 -0.00462228 -0.00505553 -0.00290611 -0.00580603 -0.000285528 -0.00100852 0.0100893 -0.00597588 -0.0141776 0.00379794 -0.0120395 -0.00374112 -0.00575334 -0.00113608 0.00337673 0.00142104 0.008025 -0.00167446 -0.00311701 -0.00609834 -0.00377058 0.0125776 0.00291667 0.000462501 0.00860964 -0.00163215 0.0012585 0.00415221 0.00200888 -0.00074074 0.00919771 -0.00267747 0.00618169 0.00908929 0.00235042 -0.00170673 0.00589242 0.00255175 0.0161759 0.0178779 -0.00367992 0.00977041 -0.00322878 -0.00849576
internal_weight=213929 130380 83549 107051 42025 41698 65026 6876 41851 28222 18302 37695 36135 9920 34985 30041 1560 29476 15327 5113 34822 30201 19356 13803 20431 23329 15704 14149 280 13869 11497 5592 531 5905 4680 10214 8596 1618 5600 15578 4614 3906 1925 10964 1199 2996 2796 294 2437 25573 5972 3489 859 2111 4386 8833 920 2630 1071 708 865 665 613 1981 2372 2131 14194 4156 3814 8709 6482 846 8460 2834 7645 6891 3310 1205 22739 16531 16324 1112 776 20389 5283 15106 2683 2578 247 1778 375 1064 565 1403 1193 796 10845 1559 495 1064 1012 1017 906 929 1225 995 10370 9412 2643 1667 4500 2128 344 1784 1404 695 1917 931 404 15212 771 716 976 877 1350 585
internal_count=213929 130380 83549 107051 42025 41698 65026 6876 41851 28222 18302 37695 36135 9920 34985 30041 1560 29476 15327 5113 34822 30201 19356 13803 20431 23329 15704 14149 280 13869 11497 5592 531 5905 4680 10214 8596 1618 5600 15578 4614 3906 1925 10964 1199 2996 2796 294 2437 25573 5972 3489 859 2111 4386 8833 920 2630 1071 708 865 665 613 1981 2372 2131 14194 4156 3814 8709 6482 846 8460 2834 7645 6891 3310 1205 22739 16531 16324 1112 776 20389 5283 15106 2683 2578 247 1778 375 1064 565 1403 1193 796 10845 1559 495 1064 1012 1017 906 929 1225 995 10370 9412 2643 1667 4500 2128 344 1784 1404 695 1917 931 404 15212 771 716 976 877 1350 585
is_linear=0
shrinkage=0.05


Tree=33
num_leaves=127
num_cat=0
split_feature=17 26 17 26 17 33 5 15 23 33 35 17 24 8 14 32 16 26 32 33 32 24 21 28 35 25 24 32 23 1 17 28 26 32 24 2 1 18 31 21 28 17 28 17 31 24 24 26 35 12 20 23 0 35 26 17 24 33 24 26 20 32 26 35 26 20 17 26 23 24 25 33 35 25 20 17 8 11 20 24 31 35 31 23 18 20 25 24 35 17 0 31 20 26 35 26 31 2 20 20 8 24 2 26 31 29 26 33 28 25 26 31 20 28 35 20 17 29 16 31 20 35 24 33 25 20
split_gain=234.159 94.7946 73.0279 54.7695 41.1851 31.1553 30.9747 25.7283 22.3743 20.9207 19.9473 26.2053 19.6204 22.1354 31.8819 29.6673 19.0921 20.7292 18.6328 26.5874 18.7627 37.4096 20.8723 20.5096 17.6495 18.0637 23.4494 20.9861 20.2754 27.2486 17.5728 23.1469 24.2194 21.93 17.5131 17.4639 17.4172 17.326 17.0196 16.5892 16.5755 16.3838 16.3263 16.3215 15.9438 15.6518 15.6363 17.8618 15.2305 14.8643 18.8365 15.8138 15.3089 14.6275 14.3888 14.3501 14.2388 14.2101 14.7471 14.0535 14.0464 13.8421 13.9714 13.7805 16.0053 16.9857 16.1451 13.7185 13.6749 13.6159 13.3519 13.3329 13.148 12.9974 16.7468 16.6611 16.0874 16.9063 14.9088 14.073 12.9953 12.926 18.0871 12.7816 12.639 26.0418 30.0007 17.1973 17.5729 17.8004 24.4023 33.302 16.8146 19.3755 16.3991 17.7871 15.0819 14.9016 16.8249 17.3131 22.7386 15.352 14.7781 14.6339 18.1996 13.8763 13.8494 12.6635 14.4522 12.3818 12.2454 12.2132 17.4257 12.1851 12.0966 12.0066 11.8312 11.7384 11.6197 11.4715 11.2873 11.2168 11.2034 11.1427 14.1342 11.132
threshold=9.5000000000000018 200.50000000000003 32.500000000000007 17.500000000000004 29.500000000000004 0.027207136329413076 -0.56174490092936669 1.0000000180025095e-35 1.6668390580335963 -0.16006091799829295 0.12932883897634506 49.500000000000007 310.50000000000006 9.5000000000000018 1.0000000180025095e-35 -0.00025377648248971321 3.5000000000000004 402.50000000000006 -0.013733521467320748 -0.050354802615318599 9.5748685868896889e-07 313.50000000000006 0.65504807692307698 3.6159413546166908e-07 0.0012041814365694205 103.50000000000001 1006.5000000000001 -3.6217746272691733e-06 0.52341138898762118 5.5000000000000009 6.5000000000000009 1.1930063095023286e-06 401.50000000000006 0.0017155868782188647 716.50000000000011 -0.70710678118654735 1.0000000180025095e-35 1.0000000180025095e-35 3.3111309972033984e-05 0.62019230769230782 0.00086596286053688542 3.5000000000000004 0.0019871376696760442 22.500000000000004 -1.0000000180025095e-35 512.50000000000011 107.50000000000001 306.50000000000006 -0.0002175134582641786 22.500000000000004 0.97241248097412492 0.56761861089096211 3.5000000000000004 -0.002972428317077272 314.50000000000006 42.500000000000007 522.50000000000011 0.00096363593647273021 200.50000000000003 301.50000000000006 0.60903532608695665 -0.0029792103749301797 401.50000000000006 -0.0020805977274346403 309.50000000000006 0.85610766045548659 46.500000000000007 305.50000000000006 0.9754096755529108 103.50000000000001 15.500000000000002 0.34386776301103378 0.02283799966492284 102.50000000000001 0.80140845070422551 73.500000000000014 11.500000000000002 7.5000000000000009 0.7416573971078978 105.50000000000001 2.9294391925359447e-07 -0.00073304154854976109 0.0033356376960648336 1.4598162991701784 1.5000000000000002 0.74305019305019315 104.50000000000001 312.50000000000006 1.6933645686538135e-06 17.500000000000004 7.5000000000000009 0.0023811096235971138 0.8790491118077326 405.50000000000006 0.015687083441278431 211.50000000000003 4.7407401459385241e-05 0.98296291314453421 0.79205974842767313 0.94073748902546106 3.5000000000000004 311.50000000000006 -0.60355339059327362 412.50000000000006 0.0002007982557074625 0.004926029281600742 416.50000000000006 -1.412745681414316e-07 1.0335553151519114e-07 11.500000000000002 411.50000000000006 -0.00071642185044846812 0.95199692780337952 0.00045483343288355585 -1.4113285151352917e-05 0.66185031185031196 14.500000000000002 0.0030157935404743325 2.5000000000000004 -0.0030717798738463782 0.73385416666666681 -0.00084400371873395838 308.50000000000006 -0.0056374570521439691 33.500000000000007 0.76975051975051989
decision_type=2 2 2 2 2 2 2 2 2 2 2 2 2 2 2 2 2 2 2 2 2 2 2 2 2 2 2 2 2 2 2 2 2 2 2 2 2 2 2 2 2 2 2 2 2 2 2 2 2 2 2 2 2 2 2 2 2 2 2 2 2 2 2 2 2 2 2 2 2 2 2 2 2 2 2 2 2 2 2 2 2 2 2 2 2 2 2 2 2 2 2 2 2 2 2 2 2 2 2 2 2 2 2 2 2 2 2 2 2 2 2 2 2 2 2 2 2 2 2 2 2 2 2 2 2 2
left_child=3 4 6 41 39 10 9 16 40 -3 24 -12 13 43 -15 -16 18 38 60 61 22 -22 53 67 25 26 36 -28 -27 63 33 -32 113 -25 56 -10 -4 -19 54 42 -7 -1 48 57 -29 -34 -17 -48 -2 52 51 -51 59 -21 -18 -46 -14 58 -11 -38 -5 62 -20 68 121 -66 -67 -23 119 70 -8 84 -62 76 78 -76 79 -78 -75 -26 -69 82 -54 -61 87 86 120 97 89 96 92 102 -91 -94 95 -90 -89 98 -71 107 -101 111 -92 -87 -105 -98 -107 108 -100 -55 -96 112 -102 -33 -52 -31 -99 -47 -118 -30 -86 -65 -9 124 -81 -36
right_child=1 2 5 7 -6 8 69 122 35 12 11 -13 34 14 15 46 17 37 19 20 21 23 -24 30 73 28 27 44 29 115 31 32 45 -35 125 -37 49 -39 -40 -41 -42 -43 -44 -45 55 117 47 -49 -50 50 114 -53 81 109 -56 -57 -58 -59 -60 83 72 -63 -64 64 65 66 -68 80 -70 71 -72 -73 -74 74 75 -77 77 -79 -80 123 -82 -83 -84 -85 85 103 -88 88 94 90 91 -93 93 -95 110 -97 105 116 99 100 101 -103 -104 104 -106 106 -108 -109 -110 -111 -112 -113 -114 -115 -116 -117 118 -119 -120 -121 -122 -123 -124 -125 -126 -127
leaf_value=-0.021260346124989296 0.013497001093560848 0.024164286868245542 0.010683796288191659 -0.010648869177197401 0.0226091365966469 0.0089672088611341804 -0.00031888927443321957 -0.0039368406886384696 -0.0022912007516448546 -0.018232152450170343 8.4812988549786477e-05 0.027743764078449269 -0.001412339532701346 -8.7292251914211256e-05 -0.0023206115046616143 0.00019610235985760102 -0.0020912564988720228 0.00034476956667872237 -0.0054063634481528828 -0.0010822795346865967 0.00066434304801974949 -0.0054379199969188585 -0.0046058550072965139 -0.0059490389090069828 -0.0072361619298757333 -0.00043523610971159076 0.0053900101043576646 -0.02848453700484023 -0.014921329280909496 -0.034092090198818502 -0.014765997839200785 -0.0021466974758170363 -0.0030648450654655458 -0.012254971199515213 -0.0030535760547839652 0.01002753468867178 0.0025067021430574639 0.019552411293071864 0.0070256220808259566 -0.013271348350463756 0.0015642630813027794 0.0061771139355878309 -0.0044414020190268215 0.0047835510465274117 -0.0072374772868369804 0.0078579289116483438 0.0069781801806573082 0.030188129434269934 0.0040838331284529785 0.047778883941236923 -0.017905425519281235 0.0036666714034926623 0.0078877321235442995 -0.0078075483570248742 -0.015695954498810061 0.0033723158958133648 -0.013697379864736193 -0.0091616570560605261 0.0010285987509930923 -0.0026117857910829545 0.0019090112881100657 -0.0029275988324789885 -0.0060862469369756178 0.014314448485287854 0.0014582893260728536 0.035221099054451206 0.0072912775700828165 -0.0084056131055400048 -0.0071017264520259575 0.0049215430705293675 -0.023963272792219416 -0.0065114551004754042 -0.0028956123192906092 -0.027521955330479148 -0.0059506399539540622 0.042095688869354067 -0.0071270842437551885 0.0091391936473219342 0.011044109663665723 0.006370408646929825 0.016644936239604887 0.00015128095585940793 -0.0064570339454310954 -0.022515914767212417 -0.0021811252167491559 -0.0038290695696120282 0.007791155889420906 -0.0031460929059627359 0.00032654085615828836 0.0026611707242704106 -0.00068214743857897503 -0.01592675142199922 -0.0032144917645151902 -0.022726573418855481 -0.001653271643249574 -0.0041964082745629943 0.0058789149548112221 -0.00026677231695695566 -0.010522036238267024 -0.011430333281819298 0.022743817626791209 0.010815388993424793 0.0036661478565003952 -0.019010501912636368 0.030884181740986401 -0.0014347123160695684 0.011326252321531527 -2.6620545375992101e-05 -0.0032001899406351323 -0.0042165584450703933 0.0040210773020601743 0.00049340743219565845 0.00067513302189396111 -0.005994686227147647 0.029437931115504898 0.015891514162677697 0.017502566710226392 0.0010357071259222566 -0.0023222195795145912 0.0064103387852053467 0.0092458434802228564 -0.0023169021456422149 -0.010978293237442831 -0.0015344644510407613 0.00043095295359512676 0.00092910669320660797
leaf_weight=2745 10971 213 1088 216 7803 588 227 513 351 370 432 459 4275 1066 295 153 1238 148 564 3005 7005 131 655 6450 263 975 428 287 65 22 390 3738 339 2439 1503 157 620 139 896 797 267 10040 2085 619 562 290 292 703 16037 366 206 996 1974 363 145 439 280 262 1659 745 1557 974 422 92 599 256 241 39 437 1208 268 351 434 63 1944 43 475 118 252 1354 164 5391 325 309 3301 4419 911 7673 1221 956 788 349 1488 284 2904 5507 951 464 178 291 193 143 2789 410 45 2690 54 3003 3798 27541 421 4874 480 1213 47 736 518 723 166 354 243 546 1919 1199 1179 7295
leaf_count=2745 10971 213 1088 216 7803 588 227 513 351 370 432 459 4275 1066 295 153 1238 148 564 3005 7005 131 655 6450 263 975 428 287 65 22 390 3738 339 2439 1503 157 620 139 896 797 267 10040 2085 619 562 290 292 703 16037 366 206 996 1974 363 145 439 280 262 1659 745 1557 974 422 92 599 256 241 39 437 1208 268 351 434 63 1944 43 475 118 252 1354 164 5391 325 309 3301 4419 911 7673 1221 956 788 349 1488 284 2904 5507 951 464 178 291 193 143 2789 410 45 2690 54 3003 3798 27541 421 4874 480 1213 47 736 518 723 166 354 243 546 1919 1199 1179 7295
internal_value=-0.000643668 0.000589714 -0.000217146 -0.00286221 0.00272581 0.00198954 -0.00104605 -0.00346202 0.00934393 0.000689179 0.00160059 0.00893136 0.000510199 0.00304618 0.0064827 0.0113139 -0.00326111 0.000958772 -0.00344579 -0.00362201 -0.00341553 -0.00232585 -0.00420634 -0.0036656 0.00133755 0.00215698 0.00127158 -0.00418942 0.00497516 0.00682076 -0.00392924 -0.00199201 -0.00125515 -0.00538593 -0.000519725 0.00101365 0.00204958 0.0135017 -0.000646891 0.00188075 0.0142587 0.000124121 0.002076 7.71876e-05 -0.00737046 0.0046647 0.014935 0.0172125 0.00240514 0.00144961 0.00587191 0.00819678 0.000684172 -0.00401768 -0.00411924 -0.00434642 -0.00303454 -0.00187173 -0.000443706 -0.00364205 0.001059 -0.00933842 -0.0135066 0.00436416 0.00692064 0.0105722 0.0173655 0.00851033 -0.000824622 -0.00166107 -0.009875 -0.00158353 0.00238101 -0.000815808 -0.00387733 -0.00557605 0.00072284 -0.00692726 0.00675781 0.00186563 0.0165024 0.00162768 0.00476237 -0.00714353 -0.00151825 -0.00318754 -0.000423206 -0.00115903 -0.00189414 -0.000959394 0.00109401 0.00361613 -0.00253567 -0.00541362 -0.00356855 -0.00498738 -0.00216126 0.000188631 -0.00025612 -0.000782876 0.0011907 0.00189201 0.00505793 -0.00571121 -0.014212 0.000462838 -0.00134231 -0.00247387 -0.00432303 -0.00437457 -0.000694444 0.00146659 0.00775443 -0.0028748 -0.00656008 0.0151311 0.00565481 0.00776768 0.00981132 0.00559552 -0.00250493 0.000614309 -0.00850226 0.00265721 0.00453408 0.000783256
internal_weight=213929 137494 99801 76435 37693 27250 72551 63650 1363 18985 25887 891 18772 5419 2509 1443 61218 2566 58652 56445 54485 22921 31564 15916 24996 18106 13783 1716 4323 3348 15582 6693 6303 8889 13353 508 12067 287 2279 29890 855 12785 29093 2910 1288 1352 1148 995 27008 10979 1615 1362 9364 30909 1383 1001 4555 2291 2029 1674 2207 1960 986 2590 1734 1096 497 334 856 53566 495 53071 1991 6890 2302 1987 4588 593 315 3995 203 7690 2299 1054 52720 9329 4455 43391 28075 18022 6654 3926 2728 1772 10053 6728 11368 15316 14168 12960 5981 5690 3577 4874 455 3695 2744 6979 3976 27904 3325 5547 673 4951 253 758 1148 1013 684 419 3544 638 2432 3732 2533 8798
internal_count=213929 137494 99801 76435 37693 27250 72551 63650 1363 18985 25887 891 18772 5419 2509 1443 61218 2566 58652 56445 54485 22921 31564 15916 24996 18106 13783 1716 4323 3348 15582 6693 6303 8889 13353 508 12067 287 2279 29890 855 12785 29093 2910 1288 1352 1148 995 27008 10979 1615 1362 9364 30909 1383 1001 4555 2291 2029 1674 2207 1960 986 2590 1734 1096 497 334 856 53566 495 53071 1991 6890 2302 1987 4588 593 315 3995 203 7690 2299 1054 52720 9329 4455 43391 28075 18022 6654 3926 2728 1772 10053 6728 11368 15316 14168 12960 5981 5690 3577 4874 455 3695 2744 6979 3976 27904 3325 5547 673 4951 253 758 1148 1013 684 419 3544 638 2432 3732 2533 8798
is_linear=0
shrinkage=0.05


Tree=34
num_leaves=127
num_cat=0
split_feature=17 26 17 26 17 19 34 33 5 24 35 33 28 33 24 21 17 14 23 33 30 33 24 8 14 8 3 0 24 15 8 26 26 17 8 19 19 3 26 8 20 35 0 28 17 24 1 24 24 17 25 33 24 25 26 33 17 25 8 17 24 2 17 34 34 7 20 26 26 26 3 7 19 20 33 26 30 2 34 3 17 26 33 34 3 33 26 1 17 19 23 0 30 26 35 28 28 2 19 5 5 33 26 35 35 8 8 18 2 20 26 21 26 30 30 17 8 2 17 8 26 8 17 23 26 17
split_gain=208.587 85.97 66.2179 49.6869 36.1828 32.6609 28.302 26.3863 26.191 24.1163 23.9023 24.0975 22.0919 28.5097 22.119 21.5148 20.8597 24.2184 26.8035 21.7576 17.4538 17.0275 19.064 19.8625 27.2194 21.3363 18.6127 17.3711 16.9847 16.6362 17.1087 17.7261 16.565 15.4928 15.4862 15.2316 18.9966 16.8836 19.5727 22.1667 17.7868 15.4468 14.9727 14.7993 14.6878 14.6839 14.6334 14.5917 14.574 14.5718 14.5267 14.382 14.4466 14.2152 16.7785 23.8205 21.8989 22.8725 19.0402 16.1413 17.8411 15.6326 19.6828 14.0445 16.3695 13.9727 14.5514 27.8393 13.9615 14.756 13.7649 13.5507 13.3486 16.9019 22.8441 18.8116 12.6436 12.6205 12.4479 12.411 12.2677 16.9647 14.29 12.4562 18.6769 12.1077 11.9428 11.9121 11.8617 11.8139 11.8049 11.7885 11.7218 11.7165 12.3307 11.5811 11.541 11.519 11.4013 13.2562 11.3847 15.6262 11.3225 11.3042 11.0764 11.0693 10.7172 18.5937 19.3928 15.781 10.6842 10.673 11.458 16.7332 29.0345 14.7271 59.468 25.5654 27.7687 14.5204 17.505 15.1466 14.0919 13.6644 13.1671 12.4607
threshold=9.5000000000000018 200.50000000000003 33.500000000000007 17.500000000000004 30.500000000000004 0.26726190476190481 0.0001184881657513886 0.21207393882078701 -0.56174490092936669 313.50000000000006 0.027404991258866064 -0.041235437329903098 0.0018791551174694862 0.0096676621084526935 204.50000000000003 0.56696428571428581 43.500000000000007 1.0000000180025095e-35 2.0476171426832077 0.0057547749629076285 0.0035818251106703634 -0.16006091799829295 310.50000000000006 9.5000000000000018 1.0000000180025095e-35 11.500000000000002 -0.12940952255126037 7.5000000000000009 103.50000000000001 1.0000000180025095e-35 3.5000000000000004 222.50000000000003 303.50000000000006 22.500000000000004 7.5000000000000009 0.1226279985678482 0.059262510974539072 -0.37940952255126015 320.50000000000006 7.5000000000000009 0.84248120300751894 0.12932883897634506 9.5000000000000018 0.00086596286053688542 3.5000000000000004 1018.5000000000001 2.5000000000000004 716.50000000000011 520.50000000000011 46.500000000000007 15.500000000000002 0.00096363593647273021 122.50000000000001 11.500000000000002 401.50000000000006 -1.6560061844522452e-09 7.5000000000000009 103.50000000000001 4.5000000000000009 4.5000000000000009 209.50000000000003 -0.91597561503675329 5.5000000000000009 0.13120235053079318 0.1393270316123543 1.0000000180025095e-35 0.93700396825396837 418.50000000000006 412.50000000000006 306.50000000000006 0.78656609248549303 1.0000000180025095e-35 0.045115332428765274 0.76975051975051989 -0.004902025717383335 313.50000000000006 0.00024987817427318967 0.12940952255126045 0.0022009681923338075 -0.78656609248549325 6.5000000000000009 410.50000000000006 0.043736232471509338 0.00012580346418315132 -0.70710678118654757 0.34386776301103378 21.500000000000004 2.5000000000000004 51.500000000000007 0.18245838668373884 0.95783530382392057 22.500000000000004 0.049773355189842015 401.50000000000006 0.0077260802049438611 4.341290910007776e-05 0.0028010262728312687 -0.60355339059327362 0.38585607940446659 -0.56174490092936669 1.0000000180025095e-35 -0.029728702918514763 407.50000000000006 -0.034638889519482748 0.080407627664955225 5.5000000000000009 8.5000000000000018 1.0000000180025095e-35 -0.60355339059327362 0.98657657657657671 404.50000000000006 0.97500000000000009 315.50000000000006 0.0046008390112736858 0.003272868714699595 22.500000000000004 5.5000000000000009 0.98296291314453421 20.500000000000004 4.5000000000000009 412.50000000000006 8.5000000000000018 28.500000000000004 1.7513576394898525 413.50000000000006 20.500000000000004
decision_type=2 2 2 2 2 2 2 2 2 2 2 2 2 2 2 2 2 2 2 2 2 2 2 2 2 2 2 2 2 2 2 2 2 2 2 2 2 2 2 2 2 2 2 2 2 2 2 2 2 2 2 2 2 2 2 2 2 2 2 2 2 2 2 2 2 2 2 2 2 2 2 2 2 2 2 2 2 2 2 2 2 2 2 2 2 2 2 2 2 2 2 2 2 2 2 2 2 2 2 2 2 2 2 2 2 2 2 2 2 2 2 2 2 2 2 2 2 2 2 2 2 2 2 2 2 2
left_child=3 4 8 44 20 7 10 12 21 -8 11 -5 14 42 49 29 19 35 34 79 86 26 23 33 104 32 -3 -27 50 30 31 -13 -26 51 -19 36 41 105 40 77 -39 46 -14 -9 -1 -41 -18 48 65 -4 -10 52 -23 -32 59 100 61 -58 -59 -55 90 -57 -63 80 -65 66 67 -24 69 -31 89 -34 -49 75 -75 -74 91 -40 -76 -16 81 83 93 84 -11 111 -2 -72 -36 -37 -61 -21 -66 -82 95 -95 -46 -62 103 -100 101 -56 -77 -99 -25 -38 107 108 -48 -110 -80 112 122 114 115 117 -117 125 -119 -115 121 -121 -30 -124 -118 -114
right_child=1 2 5 6 -6 -7 9 43 28 63 -12 15 13 -15 16 -17 17 18 -20 76 -22 22 47 24 25 27 -28 -29 85 68 53 -33 71 -35 88 70 37 38 39 45 -42 -43 -44 -45 96 -47 106 72 -50 -51 -52 -53 -54 54 55 56 57 58 -60 60 97 62 -64 64 92 -67 -68 -69 -70 -71 87 -73 73 74 78 102 -78 -79 110 -81 82 -83 -84 -85 -86 -87 -88 -89 -90 -91 -92 -93 -94 94 -96 -97 -98 98 99 -101 -102 -103 -104 -105 -106 -107 -108 -109 109 -111 -112 -113 113 119 -116 116 124 118 -120 120 -122 -123 123 -125 -126 -127
leaf_value=-0.020197328818739826 0.016613702712727208 -0.0038302980775269503 0.0040240181480706112 0.0013620443398399441 0.022309037413175133 -0.039321462694368925 0.0003793349370343653 0.012217735055040013 -0.00062204540853570006 -0.0018311093240098658 -0.0053758670097066325 -0.0029772002187731465 -0.0023901056834804944 -0.023887848436712458 -0.0032695707039068034 -0.0047061804352566978 0.011209508373375384 0.0091611842709292939 -0.02468408831626397 0.0095641238493612227 0.011084342286635124 -0.020534692583350781 0.00053456712193212044 0.0024998154443505345 0.005100557587832173 -0.0020831234791511208 0.030876421500561593 0.016385237138674746 -0.00091062475627714113 -0.0090522462747630022 -0.0072483795876458193 0.0091865645564061359 0.030818692791348579 0.0047572569229242714 -0.0017082149056076559 -0.0013643766306779346 0.028081989782409902 0.017940034197195052 0.030414551201072001 0.018900935561894164 0.0039747598317123149 0.049762529243834445 0.0028718103362931056 0.0015631145235258535 0.0082799394236995772 0.00033517014332282396 -0.18119220337085359 -0.0013173652089702773 -0.010176066408027809 -0.0035197887934595427 -0.020364017413200052 -0.0087035742032574998 0.00095149673543183015 -0.0079625178873874297 -0.017533453584776135 0.044820189006273881 -0.011239692474329861 -0.023585887207105416 0.0073685733186420717 0.00025558694572380756 -0.00055920394839923272 7.8858392629154649e-05 -0.0067136210925142076 -0.015501154821750063 -0.0041994452589832337 -0.004254926180541567 -0.0018181211294606002 0.052413275564637679 0.0024960190389575867 -0.013162047899610566 -0.035988087614364436 0.0048984348856057104 0.0012231765833622627 -0.00068652679679247046 0.0036810033333058816 -0.011091864412611535 0.0059191924910448595 -0.0009828861486420972 0.013200066821279346 0.00088330486434993821 -0.0030569734866407704 -0.010732826897469291 0.014432763241992037 -0.004212721013650879 0.017005974883917502 -0.0061367726344811243 -0.00015662510157519644 0.013066010890353585 0.001675371492447345 0.014744841747988666 0.032452835491218975 -0.00063075153860739927 0.00021871322599906955 -0.0059975536724226133 0.0069373479654684413 0.0015650510420743974 -0.035525669661917308 0.0022834561945765434 -0.026249341062371808 0.011686664499311042 -0.012030260375634502 0.0014613087427242399 0.0010248941978039563 -0.0052504197649407454 -0.039168216931897752 0.0031753690093402074 -0.00036991581897788894 0.038684923193750047 9.550524929212297e-05 0.041396196272082908 7.8304984313674894e-05 -0.017370654720638989 -0.00097166394614333837 -0.036154404709171153 -0.0067040649901855586 0.0091970434949950781 -0.0053945144460418731 0.00040040240595629278 0.033162159333209686 -0.0031047866360429705 0.0046870360549687105 0.002498355515793534 0.0014631010164124706 0.007057019099804808 -0.0099258558216772791 -0.003695904728997021
leaf_weight=2745 6597 50 700 1002 7362 232 7361 299 230 66 1400 722 2596 181 1550 710 699 532 187 281 11823 337 1499 997 253 370 163 119 29225 1610 335 415 514 648 882 1355 216 265 85 613 788 113 1497 260 9532 75 129 2299 353 1635 297 262 1692 8522 83 119 171 39 456 1335 2179 2513 619 401 1861 1431 1160 170 75 720 78 189 852 1773 2443 471 368 176 757 4992 5723 508 242 9355 106 372 11911 235 1398 132 164 31 497 203 123 900 508 733 61 159 538 257 180 11367 84 989 1433 396 478 123 207 423 9794 114 895 220 3926 658 242 1472 834 1549 2316 316 386 1260
leaf_count=2745 6597 50 700 1002 7362 232 7361 299 230 66 1400 722 2596 181 1550 710 699 532 187 281 11823 337 1499 997 253 370 163 119 29225 1610 335 415 514 648 882 1355 216 265 85 613 788 113 1497 260 9532 75 129 2299 353 1635 297 262 1692 8522 83 119 171 39 456 1335 2179 2513 619 401 1861 1431 1160 170 75 720 78 189 852 1773 2443 471 368 176 757 4992 5723 508 242 9355 106 372 11911 235 1398 132 164 31 497 203 123 900 508 733 61 159 538 257 180 11367 84 989 1433 396 478 123 207 423 9794 114 895 220 3926 658 242 1472 834 1549 2316 316 386 1260
internal_value=-0.000626372 0.000537714 -0.000230672 -0.00272027 0.00257195 0.00193903 -0.00329157 0.00210859 -0.000995095 -0.00207616 -0.00420667 -0.00394855 0.00186888 -0.0014057 0.00253761 -0.00417451 0.00311344 0.00444715 0.000590047 0.00101079 0.00180817 0.000589144 0.000430108 0.00292276 0.0061695 0.0106466 0.0144839 0.00212045 -0.00155504 -0.00398891 -0.0036749 0.00233581 0.014974 0.000126529 0.00182109 0.00582667 0.00694136 0.00969567 0.0125087 0.0177123 0.00775756 0.00431058 -0.000535016 0.0128059 0.000124121 0.0223954 0.00366074 -0.00057261 -0.00285676 -0.00204594 -0.0104464 -0.0018064 -0.00036996 -0.00390575 -0.00378709 -0.00108073 0.000590898 0.0088152 0.014225 -0.004316 -0.0033778 -0.00110488 -0.00179152 -0.00297711 -0.00628708 -0.00203986 -8.8155e-07 0.00298536 -0.00799274 -0.00868308 0.00174515 0.0189018 0.000601425 0.00173183 0.00308583 -0.00292938 0.00948905 0.00517857 0.00547846 0.000122958 -0.0024453 -0.00357445 -0.00086819 -0.00309562 0.0100565 -0.00146731 0.000849134 0.0111871 2.18824e-05 -0.000273123 0.00181017 0.0168139 -0.00467837 -0.00128739 0.00313972 0.00142825 0.00101045 -0.00391461 -0.0045071 0.00666667 -0.00849943 -0.00130435 -0.00929497 -0.00471293 0.000163444 0.00498967 0.00190035 0.00553935 0.000782314 0.00458333 0.0102786 -0.0014044 -0.001341 -0.00223718 -0.00290593 -0.00242769 -0.00485343 -0.0015064 0.00657459 0.000691369 0.00122086 -0.000552709 -0.000740144 0.00276071 -0.00615474 -0.00216701
internal_weight=213929 137494 99801 76435 37693 25999 63650 25767 73802 27346 36304 34904 25208 4274 20934 33902 18599 11377 2999 7222 30331 19273 19060 5465 2526 1445 213 489 54529 33192 30787 1137 956 2939 2812 8378 6578 3207 2002 949 1053 3371 4093 559 12785 688 3258 13595 4613 2335 527 2291 2029 29650 29315 4795 3917 666 495 24520 15998 3251 3132 19985 2759 4260 2829 1669 2405 2330 1800 703 8982 6683 5180 1503 680 261 3407 6542 17226 10035 7191 9527 172 54002 18508 313 2280 1487 1499 312 2358 6949 1226 1103 10040 14499 12320 220 878 340 651 12100 1081 1205 2559 1126 730 601 964 53630 53207 21350 17381 16486 4532 11954 900 3969 3855 3021 31857 2632 4312 11054
internal_count=213929 137494 99801 76435 37693 25999 63650 25767 73802 27346 36304 34904 25208 4274 20934 33902 18599 11377 2999 7222 30331 19273 19060 5465 2526 1445 213 489 54529 33192 30787 1137 956 2939 2812 8378 6578 3207 2002 949 1053 3371 4093 559 12785 688 3258 13595 4613 2335 527 2291 2029 29650 29315 4795 3917 666 495 24520 15998 3251 3132 19985 2759 4260 2829 1669 2405 2330 1800 703 8982 6683 5180 1503 680 261 3407 6542 17226 10035 7191 9527 172 54002 18508 313 2280 1487 1499 312 2358 6949 1226 1103 10040 14499 12320 220 878 340 651 12100 1081 1205 2559 1126 730 601 964 53630 53207 21350 17381 16486 4532 11954 900 3969 3855 3021 31857 2632 4312 11054
is_linear=0
shrinkage=0.05


Tree=35
num_leaves=127
num_cat=0
split_feature=17 26 26 17 19 34 17 24 24 28 32 24 31 26 35 24 7 26 8 26 16 4 34 24 1 17 8 18 20 17 26 23 23 32 21 35 17 26 31 0 12 23 35 7 24 25 35 19 17 34 31 17 24 8 20 1 0 19 17 20 19 28 26 18 20 32 23 26 34 31 26 20 4 17 17 26 26 0 17 17 26 24 34 32 18 20 28 17 35 34 25 26 26 24 15 35 32 15 26 14 34 32 0 0 24 8 28 24 26 0 31 31 26 34 0 32 35 20 26 26 26 31 32 32 19 17
split_gain=187.016 64.5135 57.2211 45.4931 32.3145 27.9828 26.1027 26.0008 30.7929 23.2889 25.4589 23.2873 20.5605 25.3437 20.5465 19.8207 19.5676 18.7012 18.5232 49.2215 19.2541 23.4732 28.5481 22.4794 16.5556 16.364 26.272 23.4163 28.061 24.7909 58.0516 21.3224 28.8332 17.6782 16.1067 16.2459 18.6845 20.6403 17.5691 17.3836 15.8207 15.1419 15.096 14.2221 28.3269 33.719 24.4893 19.7076 19.2491 18.6458 18.0548 27.2789 24.0786 28.5027 17.4641 21.154 20.2576 23.1706 16.696 16.0318 19.5507 16.0249 16.0085 16.8942 15.2901 17.3832 16.8521 15.1622 14.7488 23.2704 17.8751 17.4106 16.8515 14.0238 14.0004 13.9915 13.7639 13.6913 13.647 13.6008 19.7795 16.874 13.6897 13.677 13.598 15.804 13.5947 13.5816 14.1972 13.4689 13.4471 13.0271 12.9947 12.9593 12.7769 12.7207 17.1939 13.3511 17.7596 12.5484 12.4365 12.3075 12.2768 13.233 17.2186 14.8033 24.3725 11.9392 11.9332 22.6127 16.0143 11.877 11.8722 11.769 11.6824 28.9531 11.5718 14.8656 19.7801 11.5322 13.2094 14.5961 11.4826 11.4178 11.2813 11.0785
threshold=12.500000000000002 161.50000000000003 17.500000000000004 33.500000000000007 0.26726190476190481 3.5599466427095693e-05 30.500000000000004 200.50000000000003 219.50000000000003 0.0018791551174694862 -0.011194952358269103 212.50000000000003 1.0000000180025095e-35 309.50000000000006 -0.096157175230373468 204.50000000000003 1.0000000180025095e-35 418.50000000000006 5.5000000000000009 311.50000000000006 3.5000000000000004 -0.8783796973249266 -2.8247260304034715e-05 1005.5000000000001 4.5000000000000009 42.500000000000007 5.5000000000000009 2.5000000000000004 0.98164983164983177 46.500000000000007 314.50000000000006 2.1877131107254466 1.7566051543729515 0.019273973932289305 0.65504807692307698 -0.011445909960191221 9.5000000000000018 412.50000000000006 0.00039413584762083419 7.5000000000000009 10.500000000000002 0.77628909290850145 -0.0094895186741212108 1.0000000180025095e-35 312.50000000000006 33.500000000000007 1.2077124536020805e-05 0.064172958133150312 14.500000000000002 -1.3753449053028305e-05 0.0020943168020900456 30.500000000000004 1007.5000000000001 11.500000000000002 0.90508365508365518 4.5000000000000009 4.5000000000000009 0.15925559947299081 14.500000000000002 0.7416573971078978 0.27346041055718479 0.003842022616241151 415.50000000000006 6.5000000000000009 0.92247596153846168 -1.0000000180025095e-35 0.99117016018682558 213.50000000000003 -0.0094468693389655502 -1.0000000180025095e-35 402.50000000000006 0.90508365508365518 -0.8783796973249266 41.500000000000007 30.500000000000004 411.50000000000006 405.50000000000006 9.5000000000000018 27.500000000000004 6.5000000000000009 413.50000000000006 312.50000000000006 0.13120235053079318 -0.0067557587599703399 5.5000000000000009 0.99333333333333351 0.0028010262728312687 41.500000000000007 -0.0004081642444137904 0.1393270316123543 104.50000000000001 322.50000000000006 100.50000000000001 1021.5000000000001 1.0000000180025095e-35 0.024106454884076315 -0.013733521467320748 1.0000000180025095e-35 305.50000000000006 1.0000000180025095e-35 -0.00014970747497649274 -0.040429138808248874 15.500000000000002 1.5000000000000002 310.50000000000006 10.500000000000002 3.7240807699185802e-06 1003.5000000000001 311.50000000000006 4.5000000000000009 -0.00059679582297702107 6.771232627102346e-08 411.50000000000006 0.010923789419938729 5.5000000000000009 -0.00046857441789674995 0.10591800687982299 0.95620204603580572 412.50000000000006 408.50000000000006 309.50000000000006 0.0013637138357636455 -0.00050511721818225245 0.008827487609653295 0.090230664857530549 73.500000000000014
decision_type=2 2 2 2 2 2 2 2 2 2 2 2 2 2 2 2 2 2 2 2 2 2 2 2 2 2 2 2 2 2 2 2 2 2 2 2 2 2 2 2 2 2 2 2 2 2 2 2 2 2 2 2 2 2 2 2 2 2 2 2 2 2 2 2 2 2 2 2 2 2 2 2 2 2 2 2 2 2 2 2 2 2 2 2 2 2 2 2 2 2 2 2 2 2 2 2 2 2 2 2 2 2 2 2 2 2 2 2 2 2 2 2 2 2 2 2 2 2 2 2 2 2 2 2 2 2
left_child=2 6 16 43 9 7 92 -4 12 10 -5 -7 75 -14 -11 73 86 18 19 -10 34 23 -23 -22 -21 33 40 28 29 30 -28 32 41 87 35 38 37 42 101 90 -27 -29 -37 44 45 49 47 50 112 61 51 52 -46 94 55 58 99 78 -45 60 -50 -3 63 68 76 -66 -67 -61 71 122 -71 -49 114 -12 102 -9 -56 -16 -58 80 81 -13 -83 -81 85 -42 -1 88 -17 -84 -38 -53 -2 -43 -54 96 -44 -98 -99 -57 -39 -20 103 -60 -105 -106 -107 -89 110 -110 -47 -32 -48 -69 -72 -116 117 -51 -119 120 -31 -122 -70 -79 -92 -30
right_child=1 3 5 4 -6 11 -8 8 17 14 15 79 13 -15 77 25 -18 -19 20 24 21 22 -24 -25 -26 26 27 31 125 119 111 -33 -34 -35 -36 36 39 100 -40 -41 84 93 95 54 46 108 48 62 59 116 -52 91 53 -55 64 56 57 -59 74 67 -62 -63 -64 -65 65 66 -68 113 69 70 72 -73 -74 -75 -76 -77 -78 123 -80 83 -82 82 89 -85 -86 -87 -88 107 -90 -91 124 -93 -94 -95 -96 -97 97 98 -100 -101 -102 -103 -104 104 105 106 -108 -109 109 -111 -112 -113 -114 -115 115 -117 -118 118 -120 -121 121 -123 -124 -125 -126 -127
leaf_value=0.015806177731159627 0.019996530150427447 -0.0033732253758416934 -0.010541202310473939 0.0069584639944147084 -0.037355389559650475 0.001946271587217081 0.022796837475365102 0.001299774787857855 -0.0044163622140843432 -0.018051121137426185 0.0055110676547041213 0.00035447461088575054 -0.00026658915087555935 -0.010345254413106545 -0.0022825277851809345 0.0061548392509268102 -0.010077728870716736 -0.016235278359697639 -0.0099037238268865971 0.00041134312193325922 2.9770638677371031e-05 0.005376229756166629 -0.0082723276813111771 0.013346421456285002 0.0046195553526171412 0.038151690991374609 0.0022360166458879082 0.0083692776494221875 -0.0060102715702780151 0.0034190972464121965 0.021760189685118357 0.0080953368264076418 -0.018376972852374 0.0061684776822834827 -0.0042702041901453739 -0.01404164456370597 0.001992108589100663 -0.012968032743058423 0.0060142031408544922 -0.0037278515578166994 0.00483699405531339 -0.00074160328313441866 0.0013012736420888395 -0.016834381872053703 -0.0013946980274294517 0.0053482965724838509 -0.00021776823952423684 -0.0034238055017023479 0.0031902642531688521 0.00065874697269650807 -0.0087774144155536634 -0.00046747456460890835 0.0064529467577613816 -0.011546103447271968 0.0019183665210431408 -0.0046801866154224893 -0.0063490903894274755 0.00099623929010289906 -0.0097893941626795485 0.00060692964729907629 -0.0061151009705159957 0.0095564958677532268 0.0046676459019525732 0.039221955659563851 0.0014081555221672256 -0.0019194940561661222 0.006120765236662877 -0.0046118481737286981 0.00061721596662785291 0.0019144343554814572 -0.0085046609511008515 0.034462846749421398 4.9211579800681797e-05 -0.0030166708247245299 0.016453979063979739 0.0093644991666003135 0.040043486611366842 0.0019356651409530798 0.00051147003766723184 0.0022003854044217257 -0.016801386638240847 -0.0037572834753702186 -0.015018762092284929 -0.0014522277115961851 0.028250233233817142 0.013884370157711448 -0.030346684076609509 0.00025893943356954319 -0.00025659974625403132 -0.0064491024989302972 -0.023290399689754597 -0.035117811378998331 0.0022002181972389568 0.011302381833975448 0.008595411218842863 -0.0048193402220417982 -0.005133986381643663 -0.0082510967318381295 -0.014124045205421163 -0.01273987315440765 0.0032577618704121812 -0.0023195358476048619 -0.006646265459497841 0.0047448135335375376 -0.0025931210360960336 0.0073006406865227498 -0.0014576557808330117 -0.006650362907275463 0.030075275756295428 0.0043975888308497536 0.0013759369821199317 0.0056991761799353247 0.00544299835903182 -0.0011179416100181615 0.0038150801530901857 -0.010823560403562507 -0.0036829388231582739 0.0050445372123573062 0.05120032771738417 -0.00075572905304621674 0.010364595582392604 -0.0011986333850237283 0.010005211443179111 0.0068425436463800011 0.0017449693304408662 0.035183650771656409
leaf_weight=9142 8234 1792 1763 799 232 4597 7171 3898 4705 221 476 2973 777 391 2597 1529 6545 443 108 1041 369 601 894 296 933 219 769 375 773 2041 641 257 453 355 736 244 2224 189 469 3660 1258 2097 359 691 2664 502 919 1145 698 3388 889 135 865 183 680 784 2561 1616 705 1181 287 133 656 97 3365 5353 274 4232 263 5310 252 82 1231 1913 217 191 186 1350 505 966 555 10038 379 18210 211 172 530 325 4161 768 397 247 12726 111 115 1345 17126 1015 625 754 583 1895 775 1010 2375 447 617 337 197 1087 1781 156 405 1294 95 347 254 1067 143 764 1133 251 584 124 228 55
leaf_count=9142 8234 1792 1763 799 232 4597 7171 3898 4705 221 476 2973 777 391 2597 1529 6545 443 108 1041 369 601 894 296 933 219 769 375 773 2041 641 257 453 355 736 244 2224 189 469 3660 1258 2097 359 691 2664 502 919 1145 698 3388 889 135 865 183 680 784 2561 1616 705 1181 287 133 656 97 3365 5353 274 4232 263 5310 252 82 1231 1913 217 191 186 1350 505 966 555 10038 379 18210 211 172 530 325 4161 768 397 247 12726 111 115 1345 17126 1015 625 754 583 1895 775 1010 2375 447 617 337 197 1087 1781 156 405 1294 95 347 254 1067 143 764 1133 251 584 124 228 55
internal_value=-0.000604169 0.000809817 -0.00214973 0.000112747 0.00184107 -0.00266347 0.00288074 -0.00347532 -0.00324491 0.00200874 0.00267621 -0.00166104 0.000354904 -0.00548167 -0.00135443 0.00233863 0.000574375 -0.00371234 -0.00359815 -0.00119352 -0.00407928 0.000484989 -0.00299167 0.00826493 0.00542446 0.00289367 0.00401925 0.00298958 0.00471046 0.00594835 0.0113081 -0.000452546 -0.00163104 0.000922602 -0.00439527 -0.00421723 -0.00456027 -0.00527128 -0.000331045 -0.00221101 0.00946381 0.000418277 -0.00557049 -0.000674399 -3.33086e-05 0.00215576 -0.000970183 0.000257172 -0.00303292 8.3678e-05 -0.00227415 -0.000902349 0.000376436 0.00636344 -0.00163994 -0.00283896 -0.00494779 -0.00330595 -0.000918225 -0.00399116 0.00195707 -0.00407383 0.00154018 0.00101105 -5.12009e-05 -0.000663554 -0.00236284 -0.00486554 0.000788867 0.00156486 0.000643992 -0.00430804 -0.00347798 -0.0019434 -8.69771e-05 0.00202675 0.0062744 -0.000539131 -0.0058564 -0.00211402 -0.00325741 -0.00289169 -0.00378128 -0.00123612 0.00773238 0.00594077 0.00200269 0.000311468 0.00110184 -0.00894748 0.000717415 -0.013553 0.00198903 -0.00116584 0.00974619 -0.00542002 -0.0050869 -0.0052946 -0.00960486 -0.00991899 0.00274131 -0.00237425 -0.000548112 0.000336306 0.00134654 -0.000341898 0.00454631 -0.00643928 0.00608693 0.00993794 0.00390407 0.0207201 0.00252822 -0.00596366 -0.00967811 -0.0046868 0.00173564 0.00231262 0.00705761 0.0039336 0.00517128 0.00893449 0.00938087 0.00330291 -0.00573413 -0.00387755
internal_weight=213929 111721 102208 83590 26155 85991 28131 47505 45742 25923 21631 38486 5257 1168 4292 20832 16217 40485 40042 6679 33363 2160 1495 665 1974 18443 11736 9876 6583 5755 1566 3293 3036 6707 31203 30467 27995 21486 2472 6509 1860 2583 20714 57435 34520 10344 24176 15160 9016 6777 5098 4209 3827 1163 22915 13057 6220 4682 6837 7692 985 1925 10062 9406 9858 8992 5627 6707 9309 8082 7235 1227 1925 2389 6146 4089 866 4071 3066 33889 14713 14158 11185 19176 1641 1430 9672 6352 5690 1147 2849 382 20960 2208 980 20470 19125 18766 1640 1538 772 2003 5929 5154 4449 3439 1064 662 3567 1284 2283 797 1324 5526 694 442 4852 4598 1210 4189 3425 1384 847 1474 625 828
internal_count=213929 111721 102208 83590 26155 85991 28131 47505 45742 25923 21631 38486 5257 1168 4292 20832 16217 40485 40042 6679 33363 2160 1495 665 1974 18443 11736 9876 6583 5755 1566 3293 3036 6707 31203 30467 27995 21486 2472 6509 1860 2583 20714 57435 34520 10344 24176 15160 9016 6777 5098 4209 3827 1163 22915 13057 6220 4682 6837 7692 985 1925 10062 9406 9858 8992 5627 6707 9309 8082 7235 1227 1925 2389 6146 4089 866 4071 3066 33889 14713 14158 11185 19176 1641 1430 9672 6352 5690 1147 2849 382 20960 2208 980 20470 19125 18766 1640 1538 772 2003 5929 5154 4449 3439 1064 662 3567 1284 2283 797 1324 5526 694 442 4852 4598 1210 4189 3425 1384 847 1474 625 828
is_linear=0
shrinkage=0.05


Tree=36
num_leaves=127
num_cat=0
split_feature=9 26 26 26 9 9 26 26 9 9 26 9 9 26 33 26 9 9 26 29 26 8 16 20 14 9 5 20 32 33 9 9 8 29 35 32 0 32 31 28 34 34 2 28 7 9 0 19 0 8 19 25 35 32 32 8 20 31 18 8 23 7 31 2 29 20 1 9 33 32 32 20 20 31 9 7 0 8 9 26 33 23 1 32 20 19 35 19 9 33 33 0 9 34 5 18 0 14 23 31 9 32 19 9 20 35 20 19 16 35 16 9 19 31 35 9 33 9 33 9 29 28 1 0 35 32
split_gain=780.917 265.858 216.669 208.042 98.6549 91.1445 59.2981 43.6136 42.3184 40.9039 40.0416 39.89 38.6734 36.637 29.7477 25.6193 27.0514 25.5945 22.9455 22.0807 20.9556 19.5607 19.6871 44.9647 22.8759 36.8952 40.7075 18.3827 17.6842 26.5503 17.5665 16.6683 16.6512 16.586 18.6559 17.1271 16.5013 16.381 19.6152 16.3487 16.8182 21.2546 15.5717 32.4452 15.0446 14.8809 14.6151 18.4401 15.0483 14.4257 14.4515 16.1082 14.2565 14.1058 20.15 13.7413 13.6623 13.4862 13.4493 34.5944 21.4373 14.2947 20.4991 18.2368 14.7357 30.2475 20.4033 25.1858 13.3614 13.5579 15.403 19.8912 28.9693 26.0941 15.9829 14.4943 17.1749 14.0867 13.2654 19.068 18.4733 15.596 12.9599 12.9302 12.8734 13.1908 12.7325 34.8405 12.412 13.2665 12.8576 15.2883 12.322 12.0727 12.0643 11.7121 11.6515 11.3134 15.8656 11.1535 13.1364 11.1142 11.0828 19.4826 17.3488 14.0971 17.3991 16.8628 15.5556 12.6521 21.8004 12.2331 12.2229 11.0047 11.3867 15.4867 12.6697 10.9878 10.8053 10.6627 10.5816 10.5754 10.4564 10.4449 12.5128 10.3782
threshold=6.4960462968475161 61.500000000000007 303.50000000000006 261.50000000000006 7.7225551465088893 6.2218855183803212 161.50000000000003 361.50000000000006 4.7800036004768485 5.5399478813362029 361.50000000000006 8.4640998867442594 5.6590297065986439 161.50000000000003 0.34386776301103378 61.500000000000007 6.7147399005788948 1.8246898925473982 161.50000000000003 2.8682416360007436e-05 261.50000000000006 9.5000000000000018 2.5000000000000004 0.92805383022774335 1.0000000180025095e-35 5.7694620865801278 -0.56174490092936669 0.83654916512059374 0.016930683335419316 -0.04799456329259847 6.392478639280232 3.5624033520609206 5.5000000000000009 0.00030793515476145806 -0.00010219511537778763 -0.011194952358269103 6.5000000000000009 0.0013169182812636869 0.00024713755598128453 -7.3633822870868642e-10 0.0063651915950917399 0.055705194755335079 0.98296291314453421 3.0894713717822026e-11 1.0000000180025095e-35 9.412308328724011 5.5000000000000009 0.17694497153700192 13.500000000000002 10.500000000000002 0.080322580645161304 104.50000000000001 5.8324174574668102e-05 0.01274194609006399 -0.0059923676551528098 5.5000000000000009 0.79205974842767313 -0.00097205991155187473 4.5000000000000009 5.5000000000000009 2.250814583693912 1.0000000180025095e-35 0.0001419741643042798 -0.91597561503675329 1.1722617760071621e-09 0.82998795664391822 4.5000000000000009 6.8009619035062796 0.0024916541227526369 -0.013733521467320748 -0.0093381305128232613 0.91913687881429829 0.90508365508365518 -2.1515141483376945e-05 4.0137166991158617 1.0000000180025095e-35 15.500000000000002 8.5000000000000018 5.915894405440115 302.50000000000006 -0.031772392942251614 1.3748670439704223 5.5000000000000009 -0.026044165236063632 0.79205974842767313 0.099295774647887344 5.2818732966463723e-05 0.049590163934426237 6.8009619035062796 -0.078524239674980983 -0.034044417965685185 15.500000000000002 7.1960548678353025 -0.04539896646027531 -0.56174490092936669 16.500000000000004 12.500000000000002 1.0000000180025095e-35 1.4912147535457925 0.00029567920561864486 2.9525637600956265 0.00078258015836401207 0.30495169082125612 4.3986785712137566 0.64346246973365628 0.0013276486113926701 0.8239268680445152 0.087337909992372245 11.500000000000002 -1.9227188786388128e-05 3.5000000000000004 6.0287404210997799 0.39791666666666675 0.91043797189931219 0.00084289455023478651 5.6438992411713 -0.02327209733901622 5.6746050845394267 -0.027693325320482957 7.6891396900590916 -1.0000000180025095e-35 0.0021690874893863336 1.0000000180025095e-35 2.5000000000000004 0.02283799966492284 0.00015969820249365886
decision_type=2 2 2 2 2 2 2 2 2 2 2 2 2 2 2 2 2 2 2 2 2 2 2 2 2 2 2 2 2 2 2 2 2 2 2 2 2 2 2 2 2 2 2 2 2 2 2 2 2 2 2 2 2 2 2 2 2 2 2 2 2 2 2 2 2 2 2 2 2 2 2 2 2 2 2 2 2 2 2 2 2 2 2 2 2 2 2 2 2 2 2 2 2 2 2 2 2 2 2 2 2 2 2 2 2 2 2 2 2 2 2 2 2 2 2 2 2 2 2 2 2 2 2 2 2 2
left_child=1 19 5 4 15 6 12 9 20 27 11 88 -3 -6 28 -2 -17 94 121 120 -8 32 24 102 36 -26 -27 56 29 46 -7 -25 86 34 -11 -35 37 101 -39 -29 49 -42 68 -44 -21 -15 -12 48 53 -41 57 52 122 54 55 -48 -4 -51 61 -60 -61 62 123 -64 65 -63 92 -68 69 77 -71 72 -72 -73 -74 -75 -77 96 79 -10 -81 -82 97 -16 -65 -86 87 -19 -5 -90 91 -91 -67 -38 -9 118 -34 -36 -99 100 -88 -23 103 104 -24 106 108 111 -105 110 -106 -108 -104 114 -95 116 -116 -117 -92 -50 -1 -18 -52 124 -31 -125
right_child=3 2 7 10 13 30 8 17 78 33 14 -13 -14 45 83 16 18 21 -20 44 -22 22 23 31 25 26 -28 39 -30 58 -32 -33 42 35 82 -37 93 38 -40 40 41 -43 43 -45 -46 -47 47 -49 119 50 51 -53 -54 -55 -56 -57 -58 -59 59 60 -62 64 63 84 -66 66 67 -69 -70 70 71 73 74 75 -76 76 -78 -79 -80 80 81 -83 -84 -85 85 -87 99 -89 89 90 95 -93 -94 113 -96 -97 -98 98 -100 -101 -102 -103 112 105 109 -107 107 -109 -110 -111 -112 -113 -114 -115 115 117 -118 -119 -120 -121 -122 -123 -124 125 -126 -127
leaf_value=-0.050539905383908602 0.0062393157717579055 -0.050067346003585804 -0.0048775062652955435 -0.00079963767422559632 0.065397490941841066 -0.0048032623308781374 -0.025647234125626497 0.0074110150361295091 -0.0080956160047316646 0.0085356528095969341 -0.0045476418036365183 0.0081023446873980699 -0.020454514796509251 0.020102403986461331 0.00011468190321227701 0.0054178172830028383 0.02827906166247034 0.0098669016509680928 0.0055519599478687717 0.023569717914253226 -0.0084246310021476711 -0.00020341658356230706 0.017771383630924734 0.0142033214782571 0.00023185627305726127 0.033356996203967183 -0.00080493100780875163 0.0034382835547386694 0.0019188229081107727 0.0043208126481024045 -0.00085858087269063781 0.0031368431519129217 -0.0018690174038166402 0.0014461637630429197 0.00045289653746976243 -0.0020368943789747457 0.007914691510856128 0.0089976250588206016 0.001029761488407099 -0.0059048658523995611 0.0035747634834595848 -0.0068681965936608835 0.016421002221338733 -0.0036830199228496357 0.0050133368958579809 0.044363957499089113 -0.0012246956629691664 -0.023535956176811448 -0.040101359127891069 0.0067301465144332358 -0.0078496516427377407 -0.0076674804471012527 -0.010726423212145559 0.027063581474199263 -0.019412355973918553 0.0077224140201683188 -0.0096375772824557008 -0.0057536407732214781 0.015740857802905888 -0.018525640166425394 0.0057128860747335383 0.00027348827929519012 -0.038540272832341647 -0.030768010097785306 0.00015680550392703591 -0.0016841797211123704 0.012472148199502275 -0.012111217534318904 0.0083512988220516785 -0.0036817865655402134 -0.0029348166147981814 0.00017552226898212992 0.054008171859447951 -0.010367607623024999 0.0024198722150036898 -0.0035779125083609865 0.021614526404147429 0.0085504488649502594 -0.0023885878311784188 0.0064314520924881775 -0.0033226203617600491 0.017774540521655773 0.0055901042456921622 0.017566694022538087 -0.0015876840788465571 0.0053314026961034976 0.0012900276028826403 0.00060650200098936145 0.015381194466588361 -0.0043532947181065393 0.0051581551543889376 0.013375058353400783 0.0035362419778680078 -0.0013093671163404428 -0.0052205238076992316 -0.065032007634165764 0.0024484802851524727 -0.0071798837531683261 0.012142783890175557 0.00620471717899794 -0.0025655766331960633 -0.0099698950911626845 -0.0118133543001079 -0.0028719426382165028 -0.0078778511535433429 0.0041070172700074905 0.0064669898313953538 0.003601141679097654 0.015835376888460626 -0.00024439154611113624 0.022425905850860264 -0.010013281171103195 0.0029851577651647484 0.033661337687242589 0.015706045802605637 0.0020578633312136837 -0.02012174049518077 -0.002022853496973617 0.0011321563546409618 -0.00036775939340324 -0.0015716961487674764 0.0037652044908523122 0.0068892141104017132 0.00032266869215354647 -0.0021333906828673588 0.0061453637559010683
leaf_weight=242 4621 2062 4586 3805 904 8231 3615 43 12940 404 783 6489 8511 5236 111 10337 10109 235 9131 10585 2273 1382 164 230 2430 334 211 131 1552 504 5411 383 623 776 1672 5949 137 130 776 6102 1181 658 401 771 6700 736 256 130 130 92 67 277 205 63 89 143 1981 1854 190 734 103 1523 157 145 2760 472 47 1238 172 529 3552 1078 130 1813 256 1204 190 305 5069 95 923 101 617 199 1625 422 181 1174 200 966 447 82 265 3181 522 57 303 602 58 112 1120 121 262 1331 54 887 87 737 59 409 219 167 124 36 29 134 571 742 11102 144 5802 624 567 4145 115 658
leaf_count=242 4621 2062 4586 3805 904 8231 3615 43 12940 404 783 6489 8511 5236 111 10337 10109 235 9131 10585 2273 1382 164 230 2430 334 211 131 1552 504 5411 383 623 776 1672 5949 137 130 776 6102 1181 658 401 771 6700 736 256 130 130 92 67 277 205 63 89 143 1981 1854 190 734 103 1523 157 145 2760 472 47 1238 172 529 3552 1078 130 1813 256 1204 190 305 5069 95 923 101 617 199 1625 422 181 1174 200 966 447 82 265 3181 522 57 303 602 58 112 1120 121 262 1331 54 887 87 737 59 409 219 167 124 36 29 134 571 742 11102 144 5802 624 567 4145 115 658
internal_value=-0.000592484 -0.0030107 -0.00406467 0.00318115 0.00568053 -0.0065023 -0.00783426 -0.00198876 -0.00650494 -0.00341662 0.000690523 0.00208051 -0.0109749 0.0111524 -0.00102991 0.00459859 0.00512903 -0.000668058 0.00620867 0.00182556 -0.0102121 -0.000465045 0.000772405 0.00330354 -0.000495645 0.00319211 0.0148864 -0.00486403 -0.00129049 -0.0017614 -0.00302594 0.0159506 -0.00180532 -0.000873251 0.00199747 -0.00230498 -0.00201235 0.00136599 0.00665752 -0.00362375 -0.00383516 0.000527387 -0.00266127 0.00278675 0.00273496 0.00971725 -0.0076047 -0.00342448 -0.000617469 -0.00471044 -0.00190577 0.00262266 0.00606931 0.00414119 0.00115619 0.00599629 -0.00696249 -0.00450282 -0.00108668 -0.00659641 -0.010965 -0.000682479 0.000752637 -0.00314465 -0.00245047 -0.00458099 -0.00858165 -0.012374 -0.00329109 -0.00353099 -0.00422176 -0.00368467 -0.00111717 -0.00604021 0.0118031 -0.00829935 -0.00444246 0.00137743 -0.00536142 -0.00615241 0.000108986 -0.00188532 0.000608498 0.0142063 -0.00194356 -0.000905214 0.00162894 0.00498409 0.000784476 0.00152695 0.00132198 -0.00396961 -0.00193059 -0.003697 -0.0111623 0.00180131 -0.00170247 -0.0010997 -0.00661654 -0.0017225 -0.00304173 -0.00183521 0.00156493 0.00232702 0.00906581 0.000571342 -0.00143441 0.00361697 -0.00503584 0.00546579 0.013696 -0.00739382 -0.00648338 -0.00412782 -0.0043506 -0.00797434 -0.0141322 -0.00370034 0.00191687 -0.0100896 -0.000775334 0.00777682 0.00975743 0.00244242 0.00852965 0.00164986
internal_weight=213929 130380 107051 83549 41698 49231 35589 57820 25016 27779 41851 23148 10573 6876 18703 34822 30201 30041 19864 23329 5888 29476 15327 5113 10214 2975 545 17701 18393 16841 13642 613 14149 10078 3353 6725 7239 2409 906 11134 11003 1839 11327 1172 17285 5972 1738 955 825 9164 3062 1116 839 551 488 399 6567 1946 15103 1027 837 14076 7771 2349 6305 3545 2022 1285 10155 9983 8752 8223 3938 4285 386 3207 1394 1231 19128 14059 1119 1024 2949 310 2192 2047 2822 1409 16659 12854 12654 1048 737 4830 565 11606 926 2332 660 1413 1301 1503 4500 4114 846 3268 2381 991 1390 682 273 254 386 4693 4657 1476 600 876 11549 274 6044 10733 634 5422 619 4803
internal_count=213929 130380 107051 83549 41698 49231 35589 57820 25016 27779 41851 23148 10573 6876 18703 34822 30201 30041 19864 23329 5888 29476 15327 5113 10214 2975 545 17701 18393 16841 13642 613 14149 10078 3353 6725 7239 2409 906 11134 11003 1839 11327 1172 17285 5972 1738 955 825 9164 3062 1116 839 551 488 399 6567 1946 15103 1027 837 14076 7771 2349 6305 3545 2022 1285 10155 9983 8752 8223 3938 4285 386 3207 1394 1231 19128 14059 1119 1024 2949 310 2192 2047 2822 1409 16659 12854 12654 1048 737 4830 565 11606 926 2332 660 1413 1301 1503 4500 4114 846 3268 2381 991 1390 682 273 254 386 4693 4657 1476 600 876 11549 274 6044 10733 634 5422 619 4803
is_linear=0
shrinkage=0.05


Tree=37
num_leaves=127
num_cat=0
split_feature=9 10 10 10 9 9 10 26 17 17 9 10 9 9 10 17 26 9 33 24 17 10 9 10 35 9 17 17 24 30 3 9 24 23 33 31 8 9 2 18 0 9 30 35 31 15 8 23 20 5 17 0 9 23 9 18 8 23 7 9 9 31 24 30 20 17 9 17 35 25 24 25 35 30 31 9 9 8 18 3 16 24 9 7 9 9 35 30 20 20 25 0 0 2 20 9 9 5 5 15 15 0 17 8 35 32 33 14 8 16 2 20 31 9 32 31 17 31 5 31 24 17 17 17 3 0
split_gain=708.225 243.361 202.577 189.468 111.374 88.8015 51.7278 45.4321 44.9183 50.9004 38.8476 37.5813 36.7038 35.7914 34.1181 30.9513 30.5138 27.859 26.1056 24.0199 23.8871 23.7195 25.0295 22.6377 21.5731 16.677 16.6535 18.5572 23.9421 29.1632 26.5959 28.9677 19.3686 19.1489 16.3651 26.7553 16.2624 15.9445 17.3685 15.8267 20.0939 15.4989 15.6678 15.2515 19.5929 15.0376 14.5782 15.4707 14.3453 16.4753 14.1541 14.3734 14.0626 14.056 16.1358 13.9242 29.2633 20.2566 16.8309 19.0916 20.3397 14.6436 14.1108 14.0563 21.1348 17.2289 19.3346 14.095 13.5702 14.2509 16.7791 13.7906 13.3717 13.361 12.9444 12.9189 12.8792 12.8221 12.716 12.5382 12.2818 12.2508 13.9366 12.2265 12.0354 26.2329 11.8681 18.017 14.4428 22.8094 14.9538 12.5183 12.0875 11.9787 11.7916 23.2388 11.7892 11.7 11.6167 19.8805 17.7967 15.7577 11.5156 11.4641 11.3034 11.1989 11.1074 14.0334 23.672 16.6879 12.0414 11.2925 10.8269 10.683 11.1955 15.6208 14.8404 10.6286 10.5551 12.434 10.5413 10.5018 11.3215 17.3975 18.4061 14.7235
threshold=6.4960462968475161 1.0000000180025095e-35 2.5000000000000004 2.5000000000000004 5.9443018421422096 7.7629309898717898 3.5000000000000004 122.50000000000001 43.500000000000007 46.500000000000007 6.3820270467460389 3.5000000000000004 4.3986785712137566 8.4640998867442594 1.5000000000000002 5.5000000000000009 200.50000000000003 3.8397218567063534 0.34386776301103378 107.50000000000001 11.500000000000002 1.0000000180025095e-35 6.7147399005788948 1.5000000000000002 0.12932883897634506 4.9853606844545268 40.500000000000007 17.500000000000004 206.50000000000003 8.4400312160071916e-06 0.78656609248549303 5.9758915540911977 1007.5000000000001 1.2955998223881673 -0.04799456329259847 0.0029828218291396949 4.5000000000000009 5.7864827768569862 0.60355339059327384 1.0000000180025095e-35 5.5000000000000009 5.9758915540911977 -0.007079839739181258 0.017116209265186009 5.4168528912624439e-05 1.0000000180025095e-35 7.5000000000000009 1.9099901229209595 0.95683229813664605 -0.56174490092936669 4.5000000000000009 5.5000000000000009 5.5399478813362029 0.9887513942845324 4.8655348033274644 4.5000000000000009 5.5000000000000009 2.250814583693912 1.0000000180025095e-35 11.776694405803424 8.1791321490895879 6.771232627102346e-08 310.50000000000006 1.7043161316387627e-06 0.82998795664391822 5.5000000000000009 8.6217987304150636 53.500000000000007 -0.0059050985347872302 45.500000000000007 304.50000000000006 33.500000000000007 -0.00032023958253716292 5.2096495729086894e-05 -0.0030717798738463782 9.7097404293550529 1.8246898925473982 5.5000000000000009 1.0000000180025095e-35 0.1294095225512602 13.500000000000002 208.50000000000003 8.7928899367233093 1.0000000180025095e-35 7.8358423678846352 8.0772341169730471 0.017442729153356384 -0.00079578234655141612 0.81145747880776609 0.64760348583878014 14.500000000000002 2.5000000000000004 2.5000000000000004 -0.5 0.74833333333333341 7.9118370052198808 7.1244851089222339 -0.56174490092936669 1.0000000180025095e-35 1.0000000180025095e-35 1.0000000180025095e-35 10.500000000000002 22.500000000000004 3.5000000000000004 1.0000000180025095e-35 -0.026044165236063632 -2.0548934559379514e-05 1.0000000180025095e-35 6.5000000000000009 1.0000000180025095e-35 0.37940952255126054 0.71132478632478646 0.00016496376428977392 7.955128338506154 1.0000000180025095e-35 0.00096770791078634917 28.500000000000004 0.0010035889055074619 1.0000000180025095e-35 -0.0013955845801828946 1019.5000000000001 16.500000000000004 12.500000000000002 10.500000000000002 -0.98296291314453399 18.500000000000004
decision_type=2 2 2 2 2 2 2 2 2 2 2 2 2 2 2 2 2 2 2 2 2 2 2 2 2 2 2 2 2 2 2 2 2 2 2 2 2 2 2 2 2 2 2 2 2 2 2 2 2 2 2 2 2 2 2 2 2 2 2 2 2 2 2 2 2 2 2 2 2 2 2 2 2 2 2 2 2 2 2 2 2 2 2 2 2 2 2 2 2 2 2 2 2 2 2 2 2 2 2 2 2 2 2 2 2 2 2 2 2 2 2 2 2 2 2 2 2 2 2 2 2 2 2 2 2 2
left_child=1 15 4 5 7 21 17 52 19 25 16 13 -9 80 -7 -1 -6 -4 34 -8 -12 102 -23 96 48 36 27 41 29 33 32 53 68 -29 35 39 -10 38 45 84 -41 74 -43 46 -45 106 47 78 -11 -50 51 -39 -3 -32 -55 58 -57 -58 59 60 94 81 -63 64 -60 -66 67 103 -30 70 71 79 -64 -17 -21 -16 97 -42 -40 -70 86 -62 -83 -71 -13 -86 87 92 89 112 -90 -88 -5 -93 95 -36 -24 -76 100 101 -34 -100 -2 -67 -51 -20 118 108 110 -109 111 -108 -89 -92 116 -116 -115 -48 -19 -120 -110 122 123 125 -125 -78
right_child=3 2 6 11 10 14 8 12 9 24 20 18 -14 -15 75 73 -18 37 105 26 -22 22 23 -25 -26 -27 -28 28 30 -31 31 -33 98 -35 55 -37 -38 50 43 40 77 42 -44 44 -46 -47 117 -49 49 104 -52 -53 -54 54 -56 56 57 -59 63 -61 61 62 72 -65 65 66 -68 -69 69 83 -72 -73 -74 -75 76 -77 121 -79 -80 -81 -82 82 -84 -85 85 -87 91 88 90 -91 113 93 -94 -95 -96 -97 -98 -99 99 -101 -102 -103 -104 -105 -106 -107 107 109 120 -111 -112 -113 -114 114 115 -117 -118 -119 119 -121 -122 -123 -124 124 -126 -127
leaf_value=-0.008220512918914501 -0.0007772517212303316 -0.05655888701178912 -0.0094925225848216509 0.017272480422258683 -0.01253200051058876 0.063923518889755102 -0.0055320073633631228 -0.029578849908963901 -0.029174869496722607 -0.0010824451817769416 0.0025290078648253097 -0.021627031800088473 -0.0094883865962878018 0.0076972274530281663 0.020089176872616105 0.0055080747204161486 -0.0016931974037326459 -0.0067070533369261824 0.00010894780805166261 -0.016466868997081909 -0.0035288151789666274 0.005146926418852696 0.023324870299711628 0.005339221064171085 0.037730437857218281 0.0017330738340362853 -0.033775291174573271 0.046481517778834094 0.0080240649179456735 0.00044673765834505566 0.004777356954267762 0.030135031055423651 0.0010052464785458685 -0.018234065201636538 0.0067756355486839406 0.0027399860313400198 0.017935316743923898 -0.0010280289874157837 -0.003563055096643522 -0.0078394788383945608 -0.0019585581242153463 0.0013479774303172128 -0.0027540191056301829 0.0048178672061477638 -0.0025949888251581544 -0.010158368298474697 -0.00053410564177749237 0.0096766333502927744 -0.0073299670218302665 0.0058821522802545607 -0.00097443111341681706 0.0055570860032821169 -0.02481583130040594 0.013561666048394381 -0.009931220917164689 0.014953814912760592 -0.017599358158104123 0.005427241770996862 0.00028281626771427021 0.013386711148349113 0.0058419943985136462 -0.00089087386995840298 -0.0029166715431117787 0.0006517292060480781 0.015783774852410809 0.017934659254691943 0.00033396877932168517 0.00030422887212090753 -0.0093005718917093822 -0.0075571842263740252 0.00078053868904534042 -0.01263694577314743 -0.029107778653182072 0.022637035231007119 0.0070768852890096268 0.050435564960893013 -3.5407570239277539e-05 0.0071082306367279335 -0.009768318222873296 0.005903418006502955 -0.041190909670651248 -0.0068728404270364521 0.0024541010957722549 0.00077401814490344397 0.0050712155181454957 -0.0034090524387143067 0.0048473376189292795 -0.0057495147265268628 0.011064726696103137 0.0037328004255786614 -0.00077703791691937545 0.0026387918815855044 0.0027586479436830526 -0.0039002917200880965 0.00080076302483472978 -0.00085551809040285978 0.028211249682364339 -0.006170156451113025 -0.0014291871371848815 0.010034318117771637 -0.0075294500870559389 0.014864007194801108 0.041368431204111183 -0.0074789970273104259 -0.00098569628986323052 0.016688359321411182 -0.004951086149128028 -0.011362349940666767 -0.0025377523354647193 -0.0018687305562340173 -0.0058103096975564792 0.01157675666785456 0.0082069522058637774 -0.0024233745399083115 0.013332616883400311 -0.0011264408514659984 0.0088049216039260813 -0.0055760325278277519 0.0095823006665222907 -0.0052505123087057638 -0.00774846291330346 -0.0035808348253157083 0.00091062551327654787 0.0018466021741478011 -0.0039249754422306764 -0.0070471305979404293
leaf_weight=5933 3770 1411 5737 253 11288 804 593 1987 24 1164 2698 349 13131 6489 5216 5831 5337 2971 111 121 2915 10337 7432 9399 85 179 377 268 276 415 756 182 716 31 239 480 456 324 1235 201 278 204 1331 450 379 359 5705 39 115 371 8573 515 3258 189 247 190 734 103 1543 149 146 1430 307 1954 73 28 587 245 394 1553 1792 193 485 11565 40 488 8730 125 946 90 104 353 874 372 141 487 186 391 225 2172 8006 185 1917 1474 4920 85 3401 362 324 157 117 223 851 1887 133 199 137 476 2864 859 141 519 115 772 412 216 231 875 206 1410 265 442 4250 347 1829 593
leaf_count=5933 3770 1411 5737 253 11288 804 593 1987 24 1164 2698 349 13131 6489 5216 5831 5337 2971 111 121 2915 10337 7432 9399 85 179 377 268 276 415 756 182 716 31 239 480 456 324 1235 201 278 204 1331 450 379 359 5705 39 115 371 8573 515 3258 189 247 190 734 103 1543 149 146 1430 307 1954 73 28 587 245 394 1553 1792 193 485 11565 40 488 8730 125 946 90 104 353 874 372 141 487 186 391 225 2172 8006 185 1917 1474 4920 85 3401 362 324 157 117 223 851 1887 133 199 137 476 2864 859 141 519 115 772 412 216 231 875 206 1410 265 442 4250 347 1829 593
internal_value=-0.000569346 -0.00287226 -0.00388066 0.00302436 -0.00658607 0.00540956 -0.00213183 -0.00931475 -0.000609814 0.00576323 -0.00415659 0.000647518 -0.00797824 0.00199413 0.0107738 0.00175484 -0.00537056 -0.00343848 -0.00101922 -0.00119608 -0.000559362 0.00441611 0.00492077 0.00594357 0.0015323 0.0176544 -0.000975729 -0.000826396 0.00113404 0.00985396 0.000306816 0.00658811 -0.00108781 0.0216201 -0.00126332 -0.00545619 0.0224742 -0.0028127 -0.00361675 -0.00858922 -0.00220033 -0.00171757 -0.00651786 -0.00209181 0.0043735 -0.00505361 -0.00270301 -0.00620225 0.000325784 0.00644631 -0.00111713 0.0050622 -0.0136291 0.00370092 -0.00342404 -0.000732692 -0.00635417 -0.0103711 -0.000353527 0.00103636 0.000731853 -0.00216319 -0.00466771 -0.00233035 -0.00390739 -0.00647788 -0.00712482 -0.00930716 -0.00268984 -0.00336781 -0.000849838 -0.00752566 -0.01 0.00281823 -0.0012749 0.00939919 -0.0011533 0.00424632 -0.00678065 -0.00294478 0.000766473 0.00189224 0.000237419 -0.00658679 -0.0125076 -0.00826224 0.000876359 0.00135066 0.000621762 0.00387439 -0.000262997 -0.00289865 0.00555172 -0.00428335 0.00271671 0.0118845 0.00750208 -0.00993857 0.0037727 0.00847673 -0.000229713 0.00388134 0.00107598 -0.0107487 0.010334 0.013254 -0.00468182 -0.0031091 -0.00159883 -0.00752798 0.0060692 0.00891074 -0.00564579 -0.00056342 0.00311889 0.00832544 -0.00016617 -0.0015186 -0.00648029 -0.00321406 -0.00355855 -0.000932174 -0.000717436 -0.00153229 -0.0055525 -0.000591498
internal_weight=213929 130380 107051 83549 42025 41698 65026 19787 30041 2527 22238 41851 15118 23148 6508 23329 16625 34985 18703 27514 5613 35190 30569 20232 1868 659 26921 26544 8295 714 7581 1374 6207 299 18393 2061 480 29248 19836 1581 604 18249 1535 9629 829 10207 8800 2220 1783 619 9412 839 4669 1192 436 16332 1027 837 15305 8988 8839 3595 2222 6317 4363 2820 2747 2160 4670 4394 2469 677 792 17396 16714 5704 16593 403 2181 484 16659 1373 1227 1925 977 628 16555 14710 12540 2678 9862 1845 2170 1659 5244 324 10833 402 1537 704 833 547 4621 1915 504 310 9848 5261 3926 1335 797 656 506 9637 1631 628 1003 6580 4587 1616 3129 16191 15749 11499 2176 9323
internal_count=213929 130380 107051 83549 42025 41698 65026 19787 30041 2527 22238 41851 15118 23148 6508 23329 16625 34985 18703 27514 5613 35190 30569 20232 1868 659 26921 26544 8295 714 7581 1374 6207 299 18393 2061 480 29248 19836 1581 604 18249 1535 9629 829 10207 8800 2220 1783 619 9412 839 4669 1192 436 16332 1027 837 15305 8988 8839 3595 2222 6317 4363 2820 2747 2160 4670 4394 2469 677 792 17396 16714 5704 16593 403 2181 484 16659 1373 1227 1925 977 628 16555 14710 12540 2678 9862 1845 2170 1659 5244 324 10833 402 1537 704 833 547 4621 1915 504 310 9848 5261 3926 1335 797 656 506 9637 1631 628 1003 6580 4587 1616 3129 16191 15749 11499 2176 9323
is_linear=0
shrinkage=0.05


Tree=38
num_leaves=127
num_cat=0
split_feature=9 10 10 10 9 9 10 26 17 9 9 9 9 10 9 10 17 26 9 17 35 24 17 10 9 10 8 32 33 17 17 24 28 3 9 24 9 28 4 16 29 3 17 17 3 9 24 26 3 33 8 23 23 30 9 1 20 3 33 30 24 17 18 32 9 30 24 9 9 31 1 9 33 9 31 29 35 31 17 8 32 32 9 9 16 16 9 24 33 28 5 20 9 35 18 33 26 33 24 14 26 5 15 15 24 10 19 23 16 19 20 35 9 9 24 31 9 17 28 30 35 4 9 9 9 8
split_gain=634.15 219.52 188.159 169.678 104.483 80.5324 46.6883 46.4607 42.1764 43.7008 36.5049 34.812 34.618 34.0154 33.1914 32.001 28.962 27.0474 26.8045 23.6847 22.7689 22.3091 22.1345 21.0671 23.4222 21.7709 20.2906 16.4539 24.1255 14.6006 17.1656 24.2409 36.9363 25.8748 28.5832 18.4087 14.8123 17.6133 13.9461 21.5947 13.6071 13.6156 14.573 13.1885 13.683 15.3039 12.8384 13.7402 12.69 12.6262 15.1936 25.1938 16.0443 19.0955 24.409 19.455 29.022 19.1974 14.8535 14.0645 15.6386 19.79 15.9455 13.8982 14.6446 12.9573 12.9562 12.5827 12.5277 12.3801 12.1556 12.125 12.9176 12.0105 11.9824 12.9414 11.9327 23.2819 16.3141 14.9278 34.9346 19.2435 15.1658 12.4124 11.6927 11.6461 11.5957 11.4294 12.0514 11.2842 11.2476 11.0862 11.0584 11.0379 10.8949 11.0518 13.626 11.0255 11.7138 10.7806 13.7723 10.6949 19.2059 17.7967 14.5716 10.6133 10.5749 10.5741 19.5933 15.129 12.494 12.0017 12.9706 12.0342 10.5515 10.4558 10.3614 10.3068 10.3047 10.2502 10.2331 10.1471 10.1428 19.9181 10.1201 15.242
threshold=6.4960462968475161 1.0000000180025095e-35 2.5000000000000004 2.5000000000000004 5.9290548116647663 7.7629309898717898 3.5000000000000004 117.50000000000001 42.500000000000007 3.5624033520609206 6.3820270467460389 4.3986785712137566 2.4702248768463457 3.5000000000000004 8.4640998867442594 1.5000000000000002 8.5000000000000018 200.50000000000003 4.8655348033274644 60.500000000000007 0.10591800687982299 107.50000000000001 11.500000000000002 1.0000000180025095e-35 6.7035676754613602 1.5000000000000002 11.500000000000002 0.016930683335419316 -0.04799456329259847 40.500000000000007 17.500000000000004 206.50000000000003 1.0335553151519114e-07 0.78656609248549303 5.9758915540911977 1007.5000000000001 5.9758915540911977 0.0031887887393573125 1.0000000180025095e-35 4.5000000000000009 0.00069933791182273143 0.37940952255126048 31.500000000000004 12.500000000000002 0.25881904510252057 7.8358423678846352 1008.5000000000001 406.50000000000006 1.0000000180025095e-35 0.0096676621084526935 7.5000000000000009 1.9600559822354631 0.95783530382392057 -0.00079578234655141612 6.7147399005788948 4.5000000000000009 0.83803656597774256 -0.9159756150367534 -0.017119899227671629 -5.2937002577606966e-07 1007.5000000000001 46.500000000000007 1.5000000000000002 -0.0065125145663289001 7.2203978249125385 0.0035818251106703634 1003.5000000000001 5.5188231444133669 6.8009619035062796 -0.0030717798738463782 5.5000000000000009 6.8130858395866065 -0.078524239674980983 9.1240888491306933 -0.0056696553357091428 0.25001459450970859 0.00050080563278678413 0.0010906162416168652 66.500000000000014 7.5000000000000009 -0.009037254891311226 0.0001499034251495592 5.7333885664100412 6.3150193191043131 8.5000000000000018 2.5000000000000004 1.8246898925473982 1013.5000000000001 -0.00016207556170245473 0.0021690874893863336 -0.56174490092936669 0.93231791113147056 5.4765725476807505 0.012665276170100598 16.500000000000004 -0.034044417965685185 315.50000000000006 -0.027693325320482957 1022.5000000000001 1.0000000180025095e-35 417.50000000000006 1.0000000180025095e-35 1.0000000180025095e-35 1.0000000180025095e-35 1010.5000000000001 1.5000000000000002 0.24037037037037037 2.2411828476500246 6.5000000000000009 0.11189358372456966 0.92907444668008055 -0.084262479033471185 11.30885442583117 10.308179188010698 102.50000000000001 0.0018785262022317426 3.3247595522736924 12.500000000000002 1.8510850974752395e-08 1.7043161316387627e-06 0.012665276170100598 -0.8783796973249266 7.802215811756688 7.5378455683936911 3.1975886473094337 7.5000000000000009
decision_type=2 2 2 2 2 2 2 2 2 2 2 2 2 2 2 2 2 2 2 2 2 2 2 2 2 2 2 2 2 2 2 2 2 2 2 2 2 2 2 2 2 2 2 2 2 2 2 2 2 2 2 2 2 2 2 2 2 2 2 2 2 2 2 2 2 2 2 2 2 2 2 2 2 2 2 2 2 2 2 2 2 2 2 2 2 2 2 2 2 2 2 2 2 2 2 2 2 2 2 2 2 2 2 2 2 2 2 2 2 2 2 2 2 2 2 2 2 2 2 2 2 2 2 2 2 2
left_child=1 16 4 5 7 23 18 67 21 12 17 -9 85 14 71 -7 -1 -6 114 27 46 -8 -12 117 105 89 91 28 43 30 36 32 -32 35 38 40 69 118 92 -40 41 116 -43 -15 -45 -46 47 -11 -29 50 59 52 53 58 70 57 99 -56 63 -30 -61 62 -62 64 66 -58 -52 -3 -28 -23 -55 -5 -73 -17 -20 76 77 106 79 80 83 93 -83 -78 -81 -10 90 119 -89 -26 -71 -21 -35 -82 95 96 -74 121 -99 100 -57 103 104 -37 -103 -25 -76 108 110 -110 111 -16 113 -113 -4 -31 -33 -2 -38 -59 -54 -97 123 -50 125 -116
right_child=3 2 6 13 10 15 8 11 9 20 22 -13 -14 19 107 73 -18 -19 74 26 -22 29 -24 24 25 -27 68 48 49 115 31 33 -34 34 -36 101 37 -39 39 -41 -42 42 -44 44 45 -47 -48 -49 122 -51 51 -53 120 54 55 56 65 87 -60 60 61 -63 -64 -65 -66 -67 -68 -69 -70 86 -72 72 94 -75 75 -77 78 -79 -80 84 81 82 -84 -85 -86 -87 -88 88 -90 -91 -92 -93 -94 -95 -96 97 -98 98 -100 -101 -102 102 -104 -105 -106 -107 -108 -109 109 -111 -112 112 -114 -115 124 -117 -118 -119 -120 -121 -122 -123 -124 -125 -126 -127
leaf_value=-0.0015289470477140028 -0.0050569646348071415 -0.055699359243118376 -0.026924269179189348 -0.00074047902404115096 -0.011947521496202032 0.06072734294526734 -0.0055379459973428531 -0.028099907413515701 0.060908977524630141 -0.0025011370449339728 0.002402557471584044 -0.009264055202608314 0.018242753827535135 -0.0045815081593418346 -0.0063963184560106509 0.0179765474237061 0.020371206341241913 -0.0016692151800291354 -0.0082053830087441913 0.010484357389136716 0.034784200984133866 -0.015643525547227817 -0.0033523744200182962 0.0099215258063463409 0.025578776663235839 0.004979617393576676 0.0037559522913342084 0.0048897895720521074 -0.0085081599342374144 -0.059633496500643757 0.04366507346680807 -0.018590908475738851 0.00032872073227855698 0.0094462878564372538 0.028628279502652471 0.00095498415461857562 -0.062061613729853499 0.0024632854828458743 0.0020305588115191731 -0.026855030855324986 -0.00011287853278817793 -0.011078153731409003 0.020741865920416953 0.00012007254960097541 -0.010122236630789046 0.0098513535228546192 -0.0090002615852185584 0.0020722170508351129 -0.00091590926194796735 -0.012016598406550984 0.0084481635452745146 -0.021355780559701762 0.0007986127097602113 0.00060709178615842019 -0.0061170657522363267 0.0089406860880973261 -0.010905007059839831 0.0012817763851494107 0.024273913653696834 0.0020817368621656425 0.0013706955095020331 0.011006391771006976 -0.011171943867628799 -0.016092851291365097 -0.0003287379683994984 -0.0011228374377098653 -0.00799078163230269 -0.025291321714740342 0.0190708626625225 0.0067230410245591454 0.013363014517510863 0.014474202346074792 -0.0041223257255774614 0.037550483346856713 -0.0002515799469176427 0.0011303913822263716 0.0057024110083518532 -0.0056586518873123605 0.042058833206762312 -0.0041963502980893264 -0.0068131073640326657 -0.003760225282726873 0.0027741552702376599 -0.0021627933018824675 0.024114086655231209 -0.0027383233254127063 -0.00046696797322397677 -0.025262153905711845 0.030186087067342535 0.0017248336031560352 -0.0058616486285573734 -0.0014321929960235652 -0.0057727094102585676 -0.00034100519112419554 -0.059969858389731616 0.0074511985624538856 0.01387359951295712 0.0011805611377313646 -0.0075197969993313551 -0.00097169173421741365 -0.0031351996156017583 -0.0013577277803256379 0.0095326022118830539 -0.0071529775827031423 0.014120806835061051 -8.2880022215714639e-05 -0.0024927679515495773 0.019020288085342861 0.02161458150227983 -0.0089333121830618752 0.0038514471685888278 0.011296968538629104 0.026561140528927288 0.0010852717580404068 -0.0045696144510248039 0.0016394325406068116 -0.00095182615043765649 0.025435901194004004 -0.0018866779830376908 -0.0028689783647939705 -0.0046476828043657678 0.0034997219097920151 -0.0015418898774241776 0.0094048392959599492 -0.0045234134500961951 -0.015228758816381228
leaf_weight=10710 2721 1239 123 3967 11466 804 569 1987 31 638 2698 13308 394 685 223 4624 12619 5525 172 282 97 121 2915 7347 10538 9575 294 662 293 229 273 231 441 646 182 716 169 151 298 162 2604 498 43 686 293 61 177 1164 361 251 141 229 2661 145 324 207 1690 616 161 2953 231 175 511 121 693 452 50 2887 149 40 90 200 951 1080 11448 968 296 1790 67 3033 635 463 420 37 61 130 16191 39 151 651 362 692 86 264 56 106 79 10851 118 315 86 324 157 117 223 2458 1498 137 74 643 2302 2222 320 568 880 68 1294 1900 1215 1077 361 331 401 114 10904 1926
leaf_count=10710 2721 1239 123 3967 11466 804 569 1987 31 638 2698 13308 394 685 223 4624 12619 5525 172 282 97 121 2915 7347 10538 9575 294 662 293 229 273 231 441 646 182 716 169 151 298 162 2604 498 43 686 293 61 177 1164 361 251 141 229 2661 145 324 207 1690 616 161 2953 231 175 511 121 693 452 50 2887 149 40 90 200 951 1080 11448 968 296 1790 67 3033 635 463 420 37 61 130 16191 39 151 651 362 692 86 264 56 106 79 10851 118 315 86 324 157 117 223 2458 1498 137 74 643 2302 2222 320 568 880 68 1294 1900 1215 1077 361 331 401 114 10904 1926
internal_value=-0.000552752 -0.00273191 -0.00368963 0.00284783 -0.00629699 0.00510503 -0.0020042 -0.00898654 -0.000558227 0.00548274 -0.0039847 -0.0077116 0.0178795 0.000598541 0.00187967 0.0102134 0.0016627 -0.0051393 -0.00324557 -0.000987144 0.00213359 -0.00113897 -0.000488162 0.00415897 0.00463458 0.00558573 0.00521625 -0.00149702 -0.0019793 -0.000930212 -0.000805679 0.00107982 0.00985396 0.000247496 0.00644308 -0.00112806 -0.00166279 -0.00635552 0.00357561 -0.00322581 -0.00268984 -0.00571463 -0.0124954 -0.00755058 -0.00397129 -0.0118802 0.000943801 0.00221638 0.00343163 -0.00129152 -0.00108659 -0.00217937 -0.00177411 -0.00319896 -0.00449682 -0.00524637 -0.008049 -0.0017439 0.00257472 0.00143534 0.00223871 -0.00345173 -0.00702142 0.000284654 0.00248594 -0.0107802 0.0145536 -0.0136977 0.0140234 -0.00123004 0.0110938 0.000697462 0.00145152 0.00888247 -0.00212554 -0.00201572 -0.00228905 -0.00155756 -0.00432873 -0.00465142 -0.0014092 -0.00419418 0.00105011 0.0133358 -0.00686189 -0.00164157 -0.00111113 0.000202596 0.0116667 0.00708393 -0.00944717 0.00115935 0.00784261 -0.00932246 0.0012467 0.00134957 -0.00359903 0.00179783 0.0014851 0.00158238 0.00841443 0.00361057 0.00812412 -0.000229713 0.0036096 0.0026185 -0.000817311 0.00491184 0.00460595 -0.00316136 0.00559619 0.00755168 0.00835474 0.00723614 -0.00495682 -0.0118626 -0.00327614 0.00101113 -0.00812815 -0.00111455 0.00122398 0.00954186 -0.000522133 0.00440104 -0.00482136 -0.00750089
internal_weight=213929 130380 107051 83549 42025 41698 65026 19421 30041 2631 22604 15295 555 41851 23148 6508 23329 16991 34985 18703 2076 27410 5613 35190 30569 20764 1417 17286 15748 26841 26544 8295 714 7581 1374 6207 18249 1535 1192 460 4670 2066 541 1725 1040 354 1979 1802 1538 14023 13772 9609 9380 6358 5192 4957 2750 2207 1166 4163 3870 917 742 1005 884 2142 191 4126 443 16714 235 16659 12692 5704 21152 20980 20012 14736 5276 5209 2115 1782 883 333 3094 161 16593 1883 190 11189 402 974 732 899 12492 12436 1030 11406 10969 608 293 1537 704 833 547 9805 12946 6489 6352 717 5635 3333 3110 2790 13833 297 1525 4621 1384 1693 3022 437 876 475 13710 2806
internal_count=213929 130380 107051 83549 42025 41698 65026 19421 30041 2631 22604 15295 555 41851 23148 6508 23329 16991 34985 18703 2076 27410 5613 35190 30569 20764 1417 17286 15748 26841 26544 8295 714 7581 1374 6207 18249 1535 1192 460 4670 2066 541 1725 1040 354 1979 1802 1538 14023 13772 9609 9380 6358 5192 4957 2750 2207 1166 4163 3870 917 742 1005 884 2142 191 4126 443 16714 235 16659 12692 5704 21152 20980 20012 14736 5276 5209 2115 1782 883 333 3094 161 16593 1883 190 11189 402 974 732 899 12492 12436 1030 11406 10969 608 293 1537 704 833 547 9805 12946 6489 6352 717 5635 3333 3110 2790 13833 297 1525 4621 1384 1693 3022 437 876 475 13710 2806
is_linear=0
shrinkage=0.05


Tree=39
num_leaves=127
num_cat=0
split_feature=17 26 17 34 19 17 5 24 28 14 17 23 33 31 17 33 3 30 26 24 20 16 19 20 8 26 32 33 20 24 21 24 17 18 20 34 17 24 20 24 20 17 8 24 8 28 7 23 31 33 3 30 0 30 34 21 30 24 31 29 17 0 32 26 33 24 8 32 14 19 21 33 24 32 24 12 20 2 29 32 34 2 29 18 18 26 17 30 26 18 31 24 24 17 19 31 26 28 30 26 32 2 8 20 24 4 14 8 2 16 7 26 8 15 26 20 20 32 26 20 29 3 34 26 31 8
split_gain=135.898 56.8861 44.1115 31.3711 26.2864 23.5112 23.3251 17.338 23.4339 20.7186 24.0683 23.7183 17.5385 17.2388 17.2261 18.8876 16.0971 24.9845 16.6961 28.0698 20.1959 15.154 25.7257 15.9624 14.8756 26.5729 15.9412 20.6946 15.1791 14.9962 14.5253 14.2605 14.0381 16.5209 17.8497 14.6092 13.81 17.761 18.6543 18.2987 15.562 13.6183 13.5423 13.1766 14.273 13.0937 15.0369 12.9638 12.6517 12.4769 16.1909 12.4657 13.8796 11.981 11.9682 11.5971 13.9109 12.6991 11.5864 11.3938 14.852 11.2948 17.0669 11.2043 11.0648 10.944 28.0928 15.4453 15.6512 15.8222 14.2537 13.7463 12.5619 10.7135 10.5745 10.421 13.8254 11.7267 10.2809 10.2807 21.3066 13.0338 10.1252 10.086 10.0791 13.5473 10.0611 10.0548 17.7581 10.3471 14.8187 13.6544 14.8729 14.8403 19.1205 13.3289 22.6098 16.6282 14.7613 15.3522 14.6924 18.511 17.4648 12.9988 14.631 14.5606 12.1814 17.3353 16.2564 15.6843 14.8602 20.4172 18.9039 13.9047 14.3184 12.5732 10.8672 10.6225 10.3952 10.1079 24.7136 22.9434 19.6175 15.0235 21.4251 14.9049
threshold=9.5000000000000018 200.50000000000003 32.500000000000007 0.0001184881657513886 0.26726190476190481 29.500000000000004 -0.56174490092936669 204.50000000000003 0.0011830984215564968 1.0000000180025095e-35 42.500000000000007 2.1200031521185365 0.0090238725262241932 0.0010035889055074619 41.500000000000007 0.00060115320852753248 -0.70710678118654757 0.0090604934549543461 308.50000000000006 1008.5000000000001 0.84877072612921689 3.5000000000000004 0.29238505747126442 0.60903532608695665 5.5000000000000009 311.50000000000006 -0.013733521467320748 -0.050354802615318599 0.85610766045548659 301.50000000000006 0.62019230769230782 1002.5000000000001 46.500000000000007 4.5000000000000009 0.97849213691026837 0.0063651915950917399 22.500000000000004 119.50000000000001 0.94073748902546106 107.50000000000001 0.92518656716417924 2.5000000000000004 3.5000000000000004 103.50000000000001 9.5000000000000018 0.0019871376696760442 1.0000000180025095e-35 1.7912051628352887 -0.0016746040000829865 -0.16006091799829295 -0.12940952255126037 0.0044905448297778193 22.500000000000004 0.00013034749624506964 0.0065847505584408694 0.65504807692307698 0.0079191290391636675 310.50000000000006 1.4122481961412274e-06 0.017308247120960147 4.5000000000000009 17.500000000000004 7.2477176072134605e-05 402.50000000000006 0.34386776301103378 310.50000000000006 9.5000000000000018 -0.0002087930252148386 1.0000000180025095e-35 0.066120218579234988 0.74166666666666681 0.00096363593647273021 122.50000000000001 -0.0080236881576497918 1003.5000000000001 18.000000000000004 0.7898981324278439 0.78656609248549325 0.42136500485600553 0.016930683335419316 0.20476389589970181 -0.98296291314453399 0.005989003147171666 1.0000000180025095e-35 2.5000000000000004 422.50000000000006 3.5000000000000004 0.0057691023672140785 412.50000000000006 1.5000000000000002 0.0030907952579083309 312.50000000000006 1007.5000000000001 17.500000000000004 0.029631255487269536 -2.1515141483376945e-05 408.50000000000006 0.00016096992141100528 -0.03793291489156661 305.50000000000006 -0.00031746209582831085 0.25881904510252091 10.500000000000002 0.74305019305019315 306.50000000000006 -0.8783796973249266 1.0000000180025095e-35 4.5000000000000009 0.98296291314453421 2.5000000000000004 1.0000000180025095e-35 401.50000000000006 7.5000000000000009 1.0000000180025095e-35 400.50000000000006 0.95620204603580572 0.94893524554541508 0.00070076632176186186 300.50000000000006 0.91202270381836958 0.00020584110436850785 -0.37940952255126015 -0.042997461600068884 401.50000000000006 0.0016276484566206783 6.5000000000000009
decision_type=2 2 2 2 2 2 2 2 2 2 2 2 2 2 2 2 2 2 2 2 2 2 2 2 2 2 2 2 2 2 2 2 2 2 2 2 2 2 2 2 2 2 2 2 2 2 2 2 2 2 2 2 2 2 2 2 2 2 2 2 2 2 2 2 2 2 2 2 2 2 2 2 2 2 2 2 2 2 2 2 2 2 2 2 2 2 2 2 2 2 2 2 2 2 2 2 2 2 2 2 2 2 2 2 2 2 2 2 2 2 2 2 2 2 2 2 2 2 2 2 2 2 2 2 2 2
left_child=3 5 6 21 7 30 36 -4 9 10 14 47 75 41 15 -9 17 -12 20 32 -18 23 63 -1 25 -25 48 29 86 -28 45 -6 33 34 42 61 49 39 40 -38 -39 -5 -20 44 -8 46 73 -11 -26 50 -3 52 53 -15 -55 56 57 -29 -24 60 -30 62 -34 -23 79 66 71 -68 -69 -70 -67 72 -51 -2 -16 76 -10 -78 -43 80 81 -45 -81 -14 -17 -86 -27 89 -89 90 91 95 118 -94 -95 96 98 100 -83 -100 101 102 -97 104 105 -91 108 -108 -102 -110 112 -112 113 114 -109 116 -114 -99 -93 120 121 -120 -121 124 -124 -125
right_child=1 2 4 13 31 -7 43 8 12 11 16 -13 83 51 74 84 18 -19 19 -21 -22 22 58 24 26 28 27 55 59 -31 -32 -33 35 -35 -36 -37 37 38 -40 -41 -42 78 -44 64 -46 -47 -48 -49 -50 65 -52 -53 -54 54 -56 -57 -58 -59 -60 -61 -62 -63 -64 -65 -66 70 67 68 69 -71 -72 -73 -74 -75 -76 -77 77 -79 -80 82 -82 87 -84 -85 85 -87 -88 88 -90 103 -92 92 93 94 -96 97 -98 117 99 -101 106 -103 -104 -105 -106 -107 107 110 109 -111 111 -113 115 -115 -116 -117 -118 -119 119 122 -122 -123 123 125 -126 -127
leaf_value=-0.011569838861456801 0.026559055673596441 -0.0043495953943233747 -0.0015894306099977493 -0.0050852698512767747 0.011601843110666856 0.016500881778360638 -0.018925254239351694 0.00060274862906271344 -0.0067197967502043363 -5.5327734603120691e-05 -0.0012253088942497149 -0.01967878839446437 0.0011158891139268379 -0.0010614751285575594 0.0034760053680381675 0.0042530458339028222 0.011357263638480336 0.017324457389631617 -0.027579209855615839 0.00014571739105271461 0.0013856530137554112 0.0085012780349459777 -0.0045130297174791915 -0.0038002321505907046 -0.0019767835991917229 0.00083170107942940003 0.0010127435278623671 -0.001992615282165427 -0.0030680544760672258 -0.0046790673743427134 -0.013480498247550363 -0.040822935800651348 0.004849776950306005 -0.0030143319651214444 -0.17771878224316176 0.010789451026027531 -0.00058177539820500335 0.0019345676942301437 -0.0019807643753084318 0.029559963553913729 0.021932930037343402 -0.00027042569260282224 0.017106439650464933 -0.0074681398349253515 0.00099296754179668779 -0.0045156863495619745 0.0011013645729344582 0.0080315223461591197 0.0023058253752685806 -0.018493640401656426 0.026958489953667272 -0.0027770643039765897 0.010227998095439297 -0.0072604815758373353 -0.010642106853382689 -0.0028993208492234085 0.00032319402479161284 -0.0053687206774976938 0.0038376859046243489 -0.0007419095621450664 0.0045414053377518778 0.034538775447112209 -0.0063341539986040037 0.016383308071479138 -0.0052505897237638778 -0.00047606273048590394 -0.0020615598917129623 0.0041052818883178157 0.0046998792885143033 0.025949860572310558 -0.017728428524871172 -0.0081452336775978008 0.00094458210858597259 0.007630897471821687 -0.0062495416221778847 -0.0021609981509084371 0.0097533295779374581 -0.0007716389652470707 0.0044627913418755381 0.0067835903980042432 -0.028569289348571794 0.0010318502919181704 0.0010378236142701918 -0.020638443162918588 0.0075782760605050768 -0.00088370859280538787 -0.017091928516875101 -0.00029839334382730754 0.0056584748516652784 -0.0076539142413592186 -0.0046216351072318725 -0.00050771248166235736 -0.0014371589241094825 0.007107215166920507 0.000692550012445327 -0.013804977177863302 -0.0060801763077562567 -0.0086583144061329713 0.0017175678263003657 0.038096038345964242 0.00087650586874968024 0.011091210419691886 0.0099651433797043124 -0.0039308159597771482 0.00080124710504335351 -0.00095197244412943715 -0.0091992292960549702 -0.0087129699732620552 0.030835103025684454 -0.0063543007110562523 -0.0018250386923000005 -0.013260614029036799 0.0010165108847378544 0.051896440579188075 0.0012020444253925712 0.010441647308685411 -0.011250156897374786 0.0018731317742926423 0.0041835919822832022 0.0029374288922448919 -0.0044683264879789948 -0.00042537086364213535 -0.0035762096802910434 -0.0010585712249743561 0.011926200286135284 -0.010725899945810234
leaf_weight=2683 984 50 2965 3132 36 7803 326 4554 204 3969 1615 196 71 638 158 544 828 587 24 791 2169 73 1086 4894 615 575 74 8988 81 390 797 212 852 87 63 852 153 3107 1034 245 241 23852 833 778 169 2085 9789 260 506 337 163 5119 60 543 737 594 2338 17857 435 150 574 137 331 130 351 9831 336 600 376 340 218 262 1692 16235 341 2888 631 393 214 127 265 1088 2139 181 447 31 97 8695 679 393 1025 3379 4425 316 2588 88 173 902 193 328 3315 181 45 3806 2326 735 469 490 245 54 1162 271 1161 35 309 669 84 235 353 481 2529 1870 2489 434 81 1310
leaf_count=2683 984 50 2965 3132 36 7803 326 4554 204 3969 1615 196 71 638 158 544 828 587 24 791 2169 73 1086 4894 615 575 74 8988 81 390 797 212 852 87 63 852 153 3107 1034 245 241 23852 833 778 169 2085 9789 260 506 337 163 5119 60 543 737 594 2338 17857 435 150 574 137 331 130 351 9831 336 600 376 340 218 262 1692 16235 341 2888 631 393 214 127 265 1088 2139 181 447 31 97 8695 679 393 1025 3379 4425 316 2588 88 173 902 193 328 3315 181 45 3806 2326 735 469 490 245 54 1162 271 1161 35 309 669 84 235 353 481 2529 1870 2489 434 81 1310
internal_value=-0.000531717 0.000407894 -0.000217146 -0.00222184 0.00149789 0.00206264 -0.000861369 0.00164791 0.0020929 0.00282848 0.00370254 -0.000183408 -0.00121884 -0.00109876 0.00126028 0.00205877 0.00531911 0.00158813 0.00649634 0.00862264 0.00367005 -0.0031356 0.00145171 -0.00333144 -0.00306568 -0.000862217 -0.00351309 -0.00373016 0.00500506 -0.0141578 0.00142415 -0.0145455 0.0107169 0.0156052 0.0175676 0.00841984 0.000644419 0.00296761 0.00204126 0.0130149 0.00385327 -0.000525861 0.0194519 -0.00139506 -0.009475 0.0016069 0.00190168 0.000613487 0.00233348 -0.000138106 0.0117317 -0.00329238 -0.0066591 -0.0074129 -0.0101946 -0.00356532 -0.00342324 -0.00374534 -0.000801113 0.0096142 0.0124432 0.00509434 0.00347854 0.0179447 -0.00131882 -0.000322926 0.00190793 0.00686783 0.00930356 0.0142718 -0.00119878 -0.00167574 -0.000271632 0.00279102 -0.00759425 -0.00042708 0.00342255 0.00579203 -0.00012193 -0.00125936 -0.00140738 -0.00133188 0.00203215 -0.013891 0.00818403 0.0134472 -0.000546528 -0.00123032 0.00024363 -0.00157541 -0.00119677 -0.00100513 -0.00178615 1.32948e-05 0.0027879 0.000371023 0.00433968 -0.000358796 0.00619424 0.0130751 0.00039555 0.0109248 -0.00320652 -0.00328286 -0.00105955 -0.00571933 -1.08834e-05 -0.00170247 0.00216496 0.0132319 -0.000674271 -0.00479311 0.00147839 -0.00478546 -0.00619092 0.00421313 0.00123 -0.00602671 -0.00280605 -0.00364924 -0.00201177 0.00183236 -0.00526823 -0.00633596 -0.0038932 -0.00991424
internal_weight=213929 137494 99801 76435 27250 37693 72551 27002 24037 19669 15244 4425 4368 34295 6075 5576 9169 2202 6967 3970 2997 42140 1724 40416 37733 6371 31362 30241 1477 464 29890 248 3179 1007 920 2172 18985 4780 4382 398 3348 27198 857 53566 495 29093 27008 4229 1121 14205 213 7097 1978 1918 1280 29777 29183 26845 1521 805 655 1320 1183 203 53071 13992 3943 1652 1316 716 10049 2291 2029 17219 499 4116 1228 1024 24066 52720 50454 50189 2266 252 1022 478 672 49411 9374 40037 32777 31752 20255 7329 2904 11497 1782 9715 1609 521 8578 314 133 7260 3454 1128 8264 4650 3614 299 4181 1433 2748 834 799 1914 1245 1137 12926 9547 4752 2223 4795 4314 2570 1744
internal_count=213929 137494 99801 76435 27250 37693 72551 27002 24037 19669 15244 4425 4368 34295 6075 5576 9169 2202 6967 3970 2997 42140 1724 40416 37733 6371 31362 30241 1477 464 29890 248 3179 1007 920 2172 18985 4780 4382 398 3348 27198 857 53566 495 29093 27008 4229 1121 14205 213 7097 1978 1918 1280 29777 29183 26845 1521 805 655 1320 1183 203 53071 13992 3943 1652 1316 716 10049 2291 2029 17219 499 4116 1228 1024 24066 52720 50454 50189 2266 252 1022 478 672 49411 9374 40037 32777 31752 20255 7329 2904 11497 1782 9715 1609 521 8578 314 133 7260 3454 1128 8264 4650 3614 299 4181 1433 2748 834 799 1914 1245 1137 12926 9547 4752 2223 4795 4314 2570 1744
is_linear=0
shrinkage=0.05


Tree=40
num_leaves=127
num_cat=0
split_feature=9 9 9 28 35 16 9 20 33 32 29 16 19 23 9 19 29 9 2 35 30 33 33 1 23 24 30 9 16 20 7 28 24 24 9 35 0 0 16 18 23 16 30 29 23 35 24 29 19 24 3 5 24 0 12 32 20 20 24 3 30 32 9 34 19 20 31 20 24 24 3 5 19 5 29 9 9 29 9 34 28 32 31 32 19 9 18 24 35 20 0 32 9 29 4 0 32 18 30 35 19 23 7 35 18 31 32 9 29 19 28 28 1 16 24 9 24 18 32 16 28 24 31 4 1 34
split_gain=556.659 119.854 57.3757 56.9437 27.8549 24.2148 40.5221 27.3415 27.245 22.5821 19.7659 19.2298 36.8421 31.6515 29.6749 17.8622 17.2624 17.0784 17.0391 16.6764 19.2477 16.3792 18.2621 16.2954 22.4527 24.8301 16.6814 16.317 16.3149 29.2914 20.1646 20.8978 15.2497 18.9875 15.7135 15.1835 14.9854 14.6955 14.5825 16.4746 17.3666 14.3347 15.1654 14.1764 13.7767 20.3116 16.9755 13.6088 13.0126 21.2875 12.804 21.4592 12.7546 19.3059 19.2335 12.2896 12.0877 17.4248 12.0334 11.973 11.8778 16.6523 19.42 17.1382 14.2733 32.6145 16.0545 17.783 20.172 21.3537 19.4197 21.6721 19.0917 15.894 14.164 13.7973 15.5222 11.8429 11.6255 12.6103 11.4008 12.7446 14.3156 12.9078 11.3671 11.2686 12.3534 11.0756 11.0465 20.6274 12.2434 10.9932 10.8187 15.1028 11.9471 11.7634 10.665 10.645 10.62 10.6049 10.3316 10.3303 10.1101 10.0091 9.83046 11.579 9.75846 14.1432 16.5219 9.61564 9.58638 12.3546 9.52265 9.51051 9.82179 9.44141 9.4286 17.02 12.6556 15.9431 13.414 12.996 10.2189 9.39565 9.32789 25.7875
threshold=6.5165660440068507 6.039966648545203 6.0400115914625889 0.0018791551174694862 -0.00084400371873395838 3.5000000000000004 4.0137166991158617 0.83803656597774256 -0.00038527309145400729 -0.014943637358488903 -7.3129726684474916e-11 2.5000000000000004 0.10923295454545455 0.90439373713699056 4.892565989427343 0.18245838668373884 -8.7011036560904128e-10 7.0599246531084274 -0.91597561503675329 0.027404991258866064 0.16040590372035338 -0.031772392942251614 -0.015475218815904178 4.5000000000000009 0.93110702677899682 1015.5000000000001 1.0000000180025095e-35 7.5942045247465737 1.5000000000000002 0.83803656597774256 1.0000000180025095e-35 1.1930063095023286e-06 307.50000000000006 301.50000000000006 4.5782823427398815 0.010326921648865789 8.5000000000000018 6.5000000000000009 6.5000000000000009 6.5000000000000009 2.1754935635159676 5.5000000000000009 0.00088080478803930363 0.01950871875370801 1.8444051689240621 -0.0037891574970115526 311.50000000000006 2.8682416360007436e-05 0.090230664857530549 1021.5000000000001 -0.70710678118654757 -0.22252093395631442 312.50000000000006 2.5000000000000004 22.500000000000004 0.0024849070907774287 0.64346246973365628 0.62583333333333346 512.50000000000011 1.0000000180025095e-35 0.0054552781201540361 -0.009176366046218817 4.7054490064092036 0.076625708682745139 0.066120218579234988 0.93288288288288301 0.00042958338680185339 0.92247596153846168 219.50000000000003 201.50000000000003 -0.9159756150367534 -0.56174490092936669 0.085960591133004943 -0.56174490092936669 0.0023055180872311267 5.6270131190196739 5.2672410983869105 0.00051983030526521902 8.5510377375042737 0.010923789419938729 3.6159413546166908e-07 0.0015013249030215593 0.00015289774945251097 0.013622630766343945 0.13003220611916266 4.6135882331535703 4.5000000000000009 507.50000000000006 0.0059722922652515721 0.6868872549019609 14.500000000000002 -0.0099394543930358629 5.5399478813362029 0.25001459450970859 0.6078576107927941 8.5000000000000018 0.00064153544137630892 1.5000000000000002 0.0005969145189349145 -0.0003915349673414105 0.05594679186228483 1.6578095806774245 1.0000000180025095e-35 -0.0065989609467952967 1.5000000000000002 0.00016496376428977392 -0.0004129462496110267 5.7172347443834637 0.043340421343556992 0.085960591133004943 0.00078926865721341973 0.0025671662717329353 5.5000000000000009 13.500000000000002 107.50000000000001 3.4882108358713162 414.50000000000006 7.5000000000000009 -3.4358544793521621e-05 1.5000000000000002 0.00076784185457121534 302.50000000000006 0.0017769570928943977 1.0000000180025095e-35 4.5000000000000009 0.27768410197483334
decision_type=2 2 2 2 2 2 2 2 2 2 2 2 2 2 2 2 2 2 2 2 2 2 2 2 2 2 2 2 2 2 2 2 2 2 2 2 2 2 2 2 2 2 2 2 2 2 2 2 2 2 2 2 2 2 2 2 2 2 2 2 2 2 2 2 2 2 2 2 2 2 2 2 2 2 2 2 2 2 2 2 2 2 2 2 2 2 2 2 2 2 2 2 2 2 2 2 2 2 2 2 2 2 2 2 2 2 2 2 2 2 2 2 2 2 2 2 2 2 2 2 2 2 2 2 2 2
left_child=1 5 47 4 37 7 8 92 58 -9 50 16 13 115 59 -10 -11 116 -5 20 52 32 43 26 25 28 27 -19 -25 -30 77 -32 33 -18 -34 -36 78 55 -26 101 -41 80 98 -23 45 84 104 -3 -29 -50 -6 -52 99 54 -54 -2 57 -17 -7 -15 64 -62 63 74 -24 66 67 68 69 -66 109 -72 -71 -67 -63 76 -74 -31 79 -21 -28 -82 -83 -84 -8 86 96 -76 89 -48 -90 -45 -1 94 -94 -95 -47 -27 -43 103 -57 -40 -49 -20 105 -46 107 108 -64 -70 -93 -112 -58 114 -4 -13 117 118 120 -120 -12 -121 -118 -16 -55 -126
right_child=3 2 113 18 10 6 44 9 15 11 17 12 -14 14 123 56 21 23 19 36 -22 22 60 24 38 97 41 48 29 30 31 -33 34 -35 35 -37 -38 -39 39 40 -42 42 -44 91 46 85 88 102 49 -51 51 -53 53 124 -56 100 112 -59 -60 -61 61 62 106 -65 65 73 -68 -69 70 72 71 -73 75 -75 87 -77 -78 -79 -80 -81 81 82 83 -85 -86 -87 -88 -89 90 -91 -92 110 93 95 -96 -97 -98 -99 -100 -101 -102 -103 -104 -105 -106 -107 -108 -109 -110 -111 111 -113 -114 -115 -116 -117 122 -119 119 121 -122 -123 -124 -125 125 -127
leaf_value=-0.0068955383576567086 0.0080166960325219663 -0.0040562208283699457 -0.0053744056214938361 0.004538388083467973 -0.0030570948676652693 0.0046932629332152804 0.013299777530871441 0.00095334746001484209 0.026948663233352911 -0.00011424033537019184 -0.0065117349946649562 -0.020204789160214107 -0.0079257739890267794 0.00071075499078392394 -0.0053239627670198198 0.0034185741345511551 -0.0028541092110049705 0.0041624848361524322 0.00091176080302032738 -0.0047335731688860402 -0.010038930178908613 -0.013868123321048104 -0.004455209754276308 0.0031498005333784385 0.009135990815866149 -0.00149793553926216 -0.0066106234822978409 0.0065593372664279215 0.0050388129003090124 0.013508742719598366 -0.011178959240895917 0.012891694743892238 0.0004539865674821216 0.0029637878502998 0.0015289098828758204 -0.0062215171232890823 0.0021900698231100864 0.010491611844703505 0.00010957824734944246 -0.047957564558965368 0.014831473941386892 4.6539566564708996e-05 0.0014399471793528958 0.011076747802744388 0.0034088543020709991 -0.0093806352767244125 0.0077392639311353404 0.023882375415946691 0.012554640998869097 -0.00079399343980084971 0.0068481386790396953 -0.0082226230695724694 -0.065675871361412022 0.00024268525016384217 0.0051723603853275867 -0.0029052494677737932 -0.0032524081753171267 0.015578577038324888 -0.019328059200108369 0.014192735406857795 -0.021197117432788359 0.0063919447560833124 0.0028502494466094192 -0.017810360262092921 -0.0057250516662814988 0.050698251868661559 -0.01524361484435568 -0.012208515843236021 0.013251729677717487 0.039435807875391894 0.0024504990249751301 -0.0083234848502195258 -0.0031302662839285075 -0.0099124433825824396 0.0055275312328225204 -0.0056578773309199993 0.0042069431071877121 -0.0054559721475339086 0.0008447836900881445 0.0015172173680430513 0.0077571938619672562 -0.0093029989407863931 -0.0011455503954038444 0.027300941788537644 -0.000394327200148071 -0.0032598596814867398 0.028545311731588242 -3.7595770386278589e-05 0.0072208551824256119 -0.0085761598661680486 -0.0076920097799090302 -0.0015712314723778508 -0.0071050627219442584 0.002676439710794465 -8.4904408747608391e-05 -0.0025390732694271405 -0.00074736828667301561 -0.034811419628530467 -0.010953589122030932 0.0017793411773697266 0.0030665813201841956 0.029074683131762508 0.005442021744821968 0.014128670131776187 -0.011796359755988571 0.025363771413213679 -0.0079883817761727174 -0.0022973145373717417 -0.0063453631565384382 -1.9928749894319277e-06 -0.021822313797700565 -0.005555659935439705 0.041243260330345768 -0.0077424318706659266 -0.0015413765559848303 0.00085663878227756896 0.0024378062539796622 -0.016172282982923582 0.0052261754076951116 0.0038874333048372757 0.0076644507739483825 -0.0012213217001634182 -0.0068876311368395865 0.014603908541575998 -0.0018643822606397105 -0.027716288207786922
leaf_weight=11448 5161 3883 573 766 265 215 265 1763 318 2782 1426 231 734 76 203 373 244 3227 202 1458 339 407 21749 5720 2576 206 399 2425 1387 355 1131 200 1074 323 354 812 454 11364 665 213 41 314 1603 129 445 908 194 6883 1841 97 102 65 59 2588 625 1023 400 132 290 342 267 92 906 199 717 155 783 540 213 126 819 2798 164 67 567 145 573 465 221 249 6135 451 457 231 1056 6920 25 1363 183 567 43 379 3239 345 1011 187 283 211 359 2040 1519 310 4310 340 81 129 2726 723 395 381 453 1442 32 414 37966 359 9684 186 3343 1706 237 2594 510 195 2309 187
leaf_count=11448 5161 3883 573 766 265 215 265 1763 318 2782 1426 231 734 76 203 373 244 3227 202 1458 339 407 21749 5720 2576 206 399 2425 1387 355 1131 200 1074 323 354 812 454 11364 665 213 41 314 1603 129 445 908 194 6883 1841 97 102 65 59 2588 625 1023 400 132 290 342 267 92 906 199 717 155 783 540 213 126 819 2798 164 67 567 145 573 465 221 249 6135 451 457 231 1056 6920 25 1363 183 567 43 379 3239 345 1011 187 283 211 359 2040 1519 310 4310 340 81 129 2726 723 395 381 453 1442 32 414 37966 359 9684 186 3343 1706 237 2594 510 195 2309 187
internal_value=-0.000514188 -0.00252576 -0.000716261 0.00271954 0.00326041 -0.0037813 -0.00179785 -0.00417352 0.00524079 -0.00358124 0.00265178 -0.00378962 0.000839161 0.00557406 0.0119245 0.00917659 -0.00401046 0.0027428 -0.000488304 -0.000988398 2.84685e-05 -0.00426259 -0.00452626 0.00347384 0.00216537 0.000884556 0.0044786 0.00624424 0.00142449 -0.0012433 -0.00489216 -0.00868076 -0.000571657 0.00671766 -0.00242762 -0.00643467 -0.00468999 0.0048916 0.00541667 0.000929903 -0.0102896 0.00312914 -0.000355107 -0.0084103 -0.00291584 -0.0036496 0.00130844 0.00190239 0.00823775 0.0112944 -0.0079405 0.00286337 0.000505686 -0.000802009 0.0070537 0.00320219 0.00564491 0.0108578 -0.00453431 0.0211466 -0.00422587 -0.00240991 -0.00193485 0.00192161 -0.00467505 -0.0027882 -0.0033697 -0.00254745 -0.00175223 0.00279624 -0.00361658 -0.00499241 0.00747285 0.0158811 0.00330784 0.00479707 0.00757076 0.00127273 -0.00661148 -0.00800672 0.00416222 0.00461396 -0.000242569 0.00428571 0.00209465 -0.00458297 -0.0090172 0.00236434 -0.00283014 -0.00570822 0.00677489 -0.00692172 -0.00595165 -0.00394715 -0.00494124 0.00396648 -0.00978052 -0.0109775 -0.00662611 0.00342288 0.000355321 0.00389031 0.00278688 0.00960695 0.00751894 0.00981865 -0.00373817 -0.00110399 0.00201187 0.00473289 -0.00772927 -0.00917763 -0.000503432 -0.00172988 -0.00164818 -0.00323529 0.00159032 0.000455934 0.000758781 0.00161905 -0.00318795 -0.000394889 0.00264585 0.00209677 -0.00186481 -0.00404238
internal_weight=213929 131888 54029 82041 70204 77859 12859 65000 1760 48770 51137 47007 2140 1406 816 1255 44867 50705 11837 11071 8689 42085 39278 31019 13480 9675 17539 7590 9258 3538 2151 1331 2807 567 2240 1166 2382 19067 3805 1229 254 9949 2276 2810 11099 9457 1642 15076 4363 1938 432 167 8350 5768 684 7703 937 505 505 418 36468 7238 6971 2221 29230 7481 7259 6476 5936 1725 4211 3617 1008 222 2022 882 737 820 1928 1707 7673 7274 1139 688 1321 8136 1216 1930 987 761 226 2403 16230 4782 4250 532 1191 417 673 2582 2542 975 11193 542 655 574 4750 2024 1301 594 2274 1895 432 38953 38539 590 19686 9492 9306 7643 1663 4300 10194 398 5084 2496
internal_count=213929 131888 54029 82041 70204 77859 12859 65000 1760 48770 51137 47007 2140 1406 816 1255 44867 50705 11837 11071 8689 42085 39278 31019 13480 9675 17539 7590 9258 3538 2151 1331 2807 567 2240 1166 2382 19067 3805 1229 254 9949 2276 2810 11099 9457 1642 15076 4363 1938 432 167 8350 5768 684 7703 937 505 505 418 36468 7238 6971 2221 29230 7481 7259 6476 5936 1725 4211 3617 1008 222 2022 882 737 820 1928 1707 7673 7274 1139 688 1321 8136 1216 1930 987 761 226 2403 16230 4782 4250 532 1191 417 673 2582 2542 975 11193 542 655 574 4750 2024 1301 594 2274 1895 432 38953 38539 590 19686 9492 9306 7643 1663 4300 10194 398 5084 2496
is_linear=0
shrinkage=0.05


Tree=41
num_leaves=127
num_cat=0
split_feature=9 10 10 10 9 9 10 10 17 9 9 26 10 9 9 10 17 35 9 17 17 10 9 10 17 24 17 3 17 10 34 34 8 15 5 9 29 5 11 20 9 5 9 8 17 24 8 28 1 24 35 28 25 34 35 24 17 24 9 0 17 9 23 35 9 31 9 23 25 9 5 9 31 34 0 20 35 9 3 31 5 34 8 25 31 31 35 34 28 9 16 23 29 20 0 1 31 35 9 9 28 17 28 35 17 20 9 9 18 20 24 1 20 0 34 8 20 9 17 9 17 3 3 23 28 9
split_gain=486.74 173.362 183.793 162.714 90.5728 70.2778 46.0721 45.3264 38.5371 56.1366 35.8006 35.2132 31.9092 31.3038 31.0566 30.1932 24.8062 23.3915 22.6762 21.9807 20.1014 18.3583 22.9333 18.8015 18.1297 17.7413 15.5818 33.225 15.2408 15.1257 14.8934 17.1804 14.8261 23.3556 26.0522 20.7623 38.4762 38.6409 15.3232 14.906 23.5702 20.8822 15.3713 16.8 17.4102 16.1972 14.8098 19.5775 18.5297 15.5612 14.6208 13.8753 13.7778 13.7127 13.1433 13.0583 12.8852 12.734 12.5504 16.9983 12.4736 12.2896 17.9978 12.0893 15.9816 12.0519 11.9001 11.8299 11.4652 16.7251 12.7218 11.4428 11.3683 16.7716 13.2078 11.0315 23.2424 11.0003 10.9347 11.898 10.8668 11.4582 15.263 10.5528 10.4991 11.3396 11.0618 13.0746 15.5841 10.3874 14.4274 13.2285 12.1616 11.176 10.797 10.3429 10.2556 10.2486 10.1312 10.57 12.3671 9.98962 9.94478 9.93458 9.82163 9.8212 10.8371 9.75567 10.6925 9.73831 22.8719 18.8681 27.8108 27.7 17.9006 18.2407 17.0179 17.3171 13.6868 13.4842 14.0901 12.6811 19.1025 11.7309 11.6296 12.5714
threshold=6.4960462968475161 1.0000000180025095e-35 2.5000000000000004 2.5000000000000004 5.8209083567374451 7.802215811756688 3.5000000000000004 1.5000000000000002 42.500000000000007 3.5624033520609206 6.3583354666067455 200.50000000000003 3.5000000000000004 4.338619706235276 8.4640998867442594 1.5000000000000002 5.5000000000000009 0.10591800687982299 5.7864827768569862 17.500000000000004 56.500000000000007 1.0000000180025095e-35 7.0164023594358147 1.5000000000000002 51.500000000000007 107.50000000000001 5.5000000000000009 -0.5 40.500000000000007 1.5000000000000002 0.1254453608442328 0.005669542441337834 9.5000000000000018 1.0000000180025095e-35 1.0000000180025095e-35 5.6270131190196739 8.7609080900119998e-05 -0.22252093395631442 3.5000000000000004 0.97530487804878063 5.2081590141108967 -0.22252093395631442 6.0170260807908234 7.5000000000000009 31.500000000000004 1010.5000000000001 8.5000000000000018 8.2247046057911717e-05 3.5000000000000004 212.50000000000003 -0.096157175230373468 0.34784503273328221 21.500000000000004 0.055705194755335079 0.015687083441278431 204.50000000000003 18.500000000000004 1008.5000000000001 4.8655348033274644 12.500000000000002 26.500000000000004 11.776694405803424 0.90439373713699056 0.0011138892887437334 4.7571303064240302 0.0013146568185098059 10.308179188010698 0.56761861089096211 102.50000000000001 5.6590297065986439 1.0000000180025095e-35 5.2493401976304712 0.0027393003937821914 0.11409520252358249 10.500000000000002 0.91607981220657286 3.423315271829438e-05 5.4024126086699473 -0.98296291314453399 0.91043797189931219 -0.56174490092936669 -0.041462050178805186 8.5000000000000018 22.500000000000004 -0.0030717798738463782 -0.0017606639585117966 -0.033269698290256007 0.011810882252180971 2.2609410920424915e-05 11.30885442583117 5.5000000000000009 2.2411828476500246 0.0022390988813260778 0.92907444668008055 1.0000000180025095e-35 5.5000000000000009 0.0018785262022317426 -1.4113285151352917e-05 7.5378455683936911 7.9118370052198808 0.00027527672779727695 3.5000000000000004 0.0019871376696760442 -0.19214785560352984 22.500000000000004 0.8099343185550083 3.8397218567063534 6.8130858395866065 16.500000000000004 0.93582704186684984 512.50000000000011 4.5000000000000009 0.83803656597774256 4.5000000000000009 -0.04539896646027531 8.5000000000000018 0.94482496194824972 8.5510377375042737 32.500000000000007 6.7375367523896292 8.5000000000000018 1.0000000180025095e-35 -0.9159756150367534 2.2335983026183048 3.6159413546166908e-07 7.4292277797806276
decision_type=2 2 2 2 2 2 2 2 2 2 2 2 2 2 2 2 2 2 2 2 2 2 2 2 2 2 2 2 2 2 2 2 2 2 2 2 2 2 2 2 2 2 2 2 2 2 2 2 2 2 2 2 2 2 2 2 2 2 2 2 2 2 2 2 2 2 2 2 2 2 2 2 2 2 2 2 2 2 2 2 2 2 2 2 2 2 2 2 2 2 2 2 2 2 2 2 2 2 2 2 2 2 2 2 2 2 2 2 2 2 2 2 2 2 2 2 2 2 2 2 2 2 2 2 2 2
left_child=1 16 4 5 7 21 18 77 25 20 11 -6 14 -9 107 -7 -1 57 30 -12 -10 104 23 102 61 -8 27 83 32 -24 31 50 33 39 -35 84 37 38 -37 42 41 -41 43 52 -45 -44 47 68 -48 -49 -4 60 -27 -26 63 -33 -13 80 59 -43 97 72 -63 64 -52 -57 -17 78 69 70 -42 -50 73 109 -74 -54 -77 -3 -38 -80 -11 82 -82 -20 -34 -86 -87 -88 -89 90 93 -92 -91 95 -95 -16 -30 -18 -76 100 -100 -85 -23 -28 -2 -67 -107 -5 -109 111 116 114 113 -113 115 -14 -111 121 119 -114 -121 122 -118 -116 125 -112
right_child=3 2 6 12 10 15 8 13 9 17 19 56 24 -15 89 66 51 -19 26 -21 -22 22 29 -25 53 28 103 -29 96 -31 -32 55 35 34 -36 36 67 -39 -40 40 46 58 45 44 -46 -47 48 49 71 -51 54 -53 75 -55 -56 65 -58 -59 -60 -61 -62 62 -64 -65 -66 105 -68 -69 -70 -71 -72 -73 74 -75 98 76 -78 -79 79 -81 81 -83 -84 101 85 86 87 88 -90 92 91 -93 -94 94 -96 -97 -98 -99 99 -101 -102 -103 -104 -105 -106 106 -108 108 -110 110 124 112 118 -115 123 -117 117 -119 -120 120 -122 -123 -124 -125 -126 -127
leaf_value=-0.0082008900059604671 -0.0010161298479129887 -0.058688795580376409 0.0064175105193254763 -0.00072220003478496093 -0.013132490445581955 0.061643901976201225 -0.0045648771010309026 -0.027009289996371103 0.014518053726238867 -0.00092841831500103044 0.0011655629169645795 -0.00074069618460463073 -0.016575133469747261 -0.0088451209995552994 0.012384573441378624 0.018442111670096611 0.020709927161695584 0.03258258721142504 -0.022808151178236546 -0.0045610562123644723 -0.0045970059298263794 0.015014473708205956 0.024208577575049246 0.00063444059244030038 0.00028105487799646577 -0.0059518458579446527 -0.0089372108214879412 -0.00093432049279767765 -0.056176874413026427 0.0072488547312482866 -0.0076087556860732312 -0.017976356141803981 -0.01132884700214541 -0.021713836115020379 0.0095234285789964832 0.030741836953314557 0.0019727551479958388 -0.0070409761847001337 0.0026598051794583721 -0.015246407101573253 -0.012692531792344315 -0.0051771228593950674 -0.002666519128243523 -0.0034204346971913207 0.027236717396853478 0.013988488473904616 0.019284694702940322 -0.0033357889695636738 0.0046954087141623489 0.0010332831704313384 -0.006556088925207872 -0.05451357164055666 0.0010967910458404065 0.0072487177564162647 0.0009779896522119655 0.0012142966856162891 -0.0041638438555888294 -0.0086875895557733882 0.0041926073858880378 0.0058715637536591106 0.037217850783263111 0.012165098842690153 -0.046101599818503203 -0.0065964375406528889 -0.0017537424796962725 -0.012367089014631967 0.060270223989603494 0.0037965015882378767 -0.034985997517753879 -0.0071020197059310317 0.0040454215635064633 -0.0006049919174280498 -0.0013653261138330903 -0.013088749939759598 -0.001909302404450514 0.022565665869267972 -0.010656302938208255 -0.026240736971382031 -0.0014848008253526184 0.032415750477433246 -0.044787160862236455 0.0030519054167400181 0.0059097995299935641 0.0030750450126529171 0.0041367738082342684 -0.0057274147235807475 -0.00037367397578104704 0.0064732149511861183 0.0011644434318734921 0.025961899805822947 -0.0033381614758837943 0.017305219190521994 0.013720727773687547 -0.0039130434109227582 0.0042453359305516256 0.0019444149299418494 0.0016903164661976723 0.005293462966427142 0.0080913079964921985 -0.00065997363811350985 0.0021114470404629076 0.012849169010861999 -0.0014748133835501118 -0.00071454274623479605 0.036779276898683141 0.009056011730135944 -0.0088236999761720988 0.00081880009902914649 -0.0541907915302288 0.034519554215391691 0.0017030172654094425 -0.0087495718774525076 0.016078604688788349 0.00023677659439252897 0.00028255618483824573 0.0047696538062040415 -0.0073356049302710519 0.0001560167626880927 -0.00075421218818702204 0.0046664180368599989 -0.0098561067359623552 -0.0038501805457811554 0.0018189731383730697 -0.025841521258505487 0.00044537448347617436 0.0054695344804142898
leaf_weight=5933 3770 923 104 3967 11994 719 569 1785 527 601 4617 4827 385 11585 1949 5256 6867 97 27 2023 28 12850 4777 5874 2478 314 82 733 229 6415 777 219 145 66 190 408 177 218 208 810 28 735 1521 2054 97 66 211 465 86 1092 8509 133 2901 643 1006 3077 1869 177 82 227 2316 147 42 2708 8349 472 192 706 253 324 94 653 564 394 300 360 160 2402 1203 47 159 858 184 174 268 349 8731 84 1211 213 1114 132 341 132 2086 522 68 8080 154 139 531 311 994 8085 851 130 222 12636 56 81 382 339 46 2030 3629 105 152 1016 518 128 1916 750 359 59 1168 248
leaf_count=5933 3770 923 104 3967 11994 719 569 1785 527 601 4617 4827 385 11585 1949 5256 6867 97 27 2023 28 12850 4777 5874 2478 314 82 733 229 6415 777 219 145 66 190 408 177 218 208 810 28 735 1521 2054 97 66 211 465 86 1092 8509 133 2901 643 1006 3077 1869 177 82 227 2316 147 42 2708 8349 472 192 706 253 324 94 653 564 394 300 360 160 2402 1203 47 159 858 184 174 268 349 8731 84 1211 213 1114 132 341 132 2086 522 68 8080 154 139 531 311 994 8085 851 130 222 12636 56 81 382 339 46 2030 3629 105 152 1016 518 128 1916 750 359 59 1168 248
internal_value=-0.000500633 -0.00240979 -0.00326089 0.00247861 -0.00583779 0.00468899 -0.00159516 -0.00869686 -0.000158839 0.00561552 -0.00395204 -0.00507221 0.000276006 -0.00739252 0.00151687 0.00961479 0.00149557 0.00182124 -0.00282831 -0.000797592 0.0196652 0.0038328 0.0042722 0.00324469 -0.00125975 -0.000714025 -0.000729531 0.00447 -0.000527918 0.0060802 -0.00360046 -0.00338535 -0.000400768 -0.00162596 0.0131801 0.000738554 0.00443893 0.0135101 0.0198712 -0.00193352 -0.00402764 -0.00850726 -0.00051384 0.000664574 -0.00285134 -0.0048728 -0.0014279 -0.00363114 0.00379581 -0.00050096 -0.00397273 0.00244756 0.00269051 0.00221609 -0.00406862 -0.000436363 -0.00216535 0.00061618 -0.00380362 -0.00542399 0.00257311 -0.00195644 0.0105541 -0.00435517 -0.00385489 0.000237456 0.00832936 0.000868803 -0.0105504 -0.00562084 0.00988189 3.02425e-05 -0.00211342 -0.00259026 0.00175428 0.00361281 0.0102857 -0.0139227 -0.00175105 -0.00340637 0.00188434 0.00462479 -0.00306753 0.014178 -0.000280737 -9.55573e-05 -0.000360067 -5.33341e-05 0.004625 0.00444988 0.00383207 -0.000947242 0.010975 0.00510173 0.00251687 0.00741216 -0.011697 0.0020427 0.00488043 0.00773221 0.0102717 0.0158929 0.00425013 -0.00152441 0.00089224 -0.0051146 0.00120448 0.00037341 0.00104985 -0.00228653 -0.000278779 -0.00319732 -0.00527549 -0.00134899 -0.000718383 -0.00964646 -0.0035146 -0.00433063 -0.00883276 -0.0106325 -0.0112445 -0.00823262 -0.00212694 0.000479286 0.00396284 0.00940945
internal_weight=213929 130380 107051 83549 42025 41698 65026 16695 30041 2631 25330 18690 41851 13370 23148 6167 23329 2076 34985 6640 555 35531 30910 19718 18703 27410 9412 1245 26841 11192 25573 24796 26544 12789 256 13755 2967 834 616 12533 5060 1854 7473 5886 2151 1587 3206 2256 950 1557 20676 17396 3735 3121 20572 4120 6696 1979 1044 962 17263 15582 189 19566 16858 3901 5448 2133 699 446 122 739 15393 13705 1688 3421 520 3325 1427 1250 1802 1201 343 512 10788 10643 10375 10026 1295 6489 5935 1246 554 4689 2218 2471 297 14947 1124 824 685 485 13844 8167 4621 824 352 16659 12692 13311 4156 9155 4977 2369 4178 490 2358 2277 2608 2090 2044 1261 511 3688 1798 630
internal_count=213929 130380 107051 83549 42025 41698 65026 16695 30041 2631 25330 18690 41851 13370 23148 6167 23329 2076 34985 6640 555 35531 30910 19718 18703 27410 9412 1245 26841 11192 25573 24796 26544 12789 256 13755 2967 834 616 12533 5060 1854 7473 5886 2151 1587 3206 2256 950 1557 20676 17396 3735 3121 20572 4120 6696 1979 1044 962 17263 15582 189 19566 16858 3901 5448 2133 699 446 122 739 15393 13705 1688 3421 520 3325 1427 1250 1802 1201 343 512 10788 10643 10375 10026 1295 6489 5935 1246 554 4689 2218 2471 297 14947 1124 824 685 485 13844 8167 4621 824 352 16659 12692 13311 4156 9155 4977 2369 4178 490 2358 2277 2608 2090 2044 1261 511 3688 1798 630
is_linear=0
shrinkage=0.05


Tree=42
num_leaves=127
num_cat=0
split_feature=9 26 26 26 9 9 17 9 26 9 9 26 9 26 17 9 18 17 31 26 26 35 26 9 26 17 26 17 32 33 26 9 26 9 17 30 35 9 20 20 20 20 31 21 9 8 9 17 0 32 7 9 9 9 14 3 25 17 1 17 33 12 5 32 3 33 1 17 9 9 17 9 9 31 17 9 33 3 2 29 8 32 20 28 32 20 9 26 33 33 34 2 29 31 32 32 31 34 9 28 7 5 32 12 30 7 17 17 20 25 30 11 0 33 31 3 9 17 1 28 4 18 8 30 20 33
split_gain=438.324 160.235 153.565 163.479 80.487 60.1047 46.5998 46.7329 44.6285 45.1501 37.876 32.418 29.5652 27.4663 27.3946 26.7138 25.4521 22.485 21.1861 20.1521 19.6752 19.5308 17.9121 19.0317 17.5701 17.3224 16.1136 15.809 16.1687 20.3749 14.0078 13.8348 13.4836 13.2775 33.54 13.0468 18.4809 20.6196 14.6416 14.3448 13.9221 25.0855 14.2893 13.0441 12.7441 12.3949 12.2584 12.2157 11.9592 11.6897 11.9494 20.1268 16.1192 31.9404 14.5066 14.136 13.3859 17.4014 13.0083 14.4938 12.8683 12.111 11.5014 14.1023 13.0884 11.4861 12.6516 11.9082 11.4635 21.0861 13.9304 19.3729 11.3772 14.3618 12.5193 10.7493 15.0214 10.747 10.6682 12.0707 14.1185 10.6494 10.7591 10.4187 10.3388 10.9993 10.3257 18.4907 13.6866 11.508 10.1735 10.0959 10.0174 10.0089 9.70976 10.3189 9.66858 13.8205 10.1599 9.52789 9.51726 9.45119 21.6049 10.7357 10.1123 10.4382 10.2537 11.8104 11.9172 11.4052 9.79806 9.32023 10.6991 9.29179 11.1673 9.20456 13.336 10.3459 9.17685 12.5347 9.17589 11.0537 10.2846 9.16443 9.1519 9.98367
threshold=6.526080110683238 261.50000000000006 61.500000000000007 303.50000000000006 6.2919674446116867 7.8688572590266093 43.500000000000007 3.5624033520609206 161.50000000000003 5.6590297065986439 4.7800036004768485 361.50000000000006 3.1975886473094337 161.50000000000003 50.500000000000007 7.955128338506154 1.5000000000000002 8.5000000000000018 -0.0013955845801828946 61.500000000000007 261.50000000000006 0.067865116221365304 161.50000000000003 7.1244851089222339 361.50000000000006 26.500000000000004 308.50000000000006 51.500000000000007 0.016930683335419316 -0.04799456329259847 412.50000000000006 6.9263963066122605 406.50000000000006 5.8767970207890121 5.5000000000000009 -0.00079578234655141612 0.0054299310534872414 7.5942045247465737 0.85610766045548659 0.99333333333333351 0.81145747880776609 0.64760348583878014 6.771232627102346e-08 0.62019230769230782 2.3178755229034191 4.5000000000000009 10.308179188010698 31.500000000000004 17.500000000000004 0.0046516900812138273 1.0000000180025095e-35 11.776694405803424 8.1791321490895879 7.4292277797806276 1.0000000180025095e-35 -0.70710678118654757 54.500000000000007 45.500000000000007 3.5000000000000004 5.5000000000000009 -3.7560421987860568e-05 42.000000000000007 -0.56174490092936669 -0.0082153058988169662 0.1294095225512602 -0.0051200471932041731 4.5000000000000009 45.500000000000007 7.7225551465088893 6.9147844479968708 24.500000000000004 6.8930861258593401 2.6365389826204768 5.2627221049205208e-05 2.5000000000000004 11.30885442583117 -0.027056679852883028 1.0000000180025095e-35 0.78656609248549325 0.0098022904422628513 4.5000000000000009 -0.0094877617394223887 0.9470175438596492 0.0019871376696760442 2.6245774366131276e-05 0.77694859038142627 5.7864827768569862 302.50000000000006 -0.030834825882152264 0.0012757447366400524 0.00089066281573304965 0.37940952255126054 -1.0000000180025095e-35 1.0719413317695258e-06 0.010662915992307053 0.0060124417281896677 0.0016801300881682066 0.093396448662888834 6.7627748885793375 0.0010651049769208505 1.0000000180025095e-35 -0.56174490092936669 -0.0076733225889620759 34.500000000000007 -0.071993716138851707 1.0000000180025095e-35 6.5000000000000009 11.500000000000002 0.79610733182161764 34.500000000000007 0.0017490220578152366 1.5000000000000002 1.5000000000000002 -1.412745681414316e-07 -0.00097205991155187473 -0.9159756150367534 7.6891396900590916 20.500000000000004 1.0000000180025095e-35 0.0090250218153353056 1.0000000180025095e-35 1.5000000000000002 7.5000000000000009 1.814701053825484e-05 0.78297101449275375 -1.6667295580962983e-05
decision_type=2 2 2 2 2 2 2 2 2 2 2 2 2 2 2 2 2 2 2 2 2 2 2 2 2 2 2 2 2 2 2 2 2 2 2 2 2 2 2 2 2 2 2 2 2 2 2 2 2 2 2 2 2 2 2 2 2 2 2 2 2 2 2 2 2 2 2 2 2 2 2 2 2 2 2 2 2 2 2 2 2 2 2 2 2 2 2 2 2 2 2 2 2 2 2 2 2 2 2 2 2 2 2 2 2 2 2 2 2 2 2 2 2 2 2 2 2 2 2 2 2 2 2 2 2 2
left_child=2 5 17 4 8 19 12 14 9 -4 20 15 16 -7 44 35 18 -1 32 100 -10 65 23 83 33 -6 -23 28 29 62 45 -24 -5 -14 90 36 37 -3 -38 81 41 42 -37 -26 -8 -20 -15 72 49 50 51 52 53 -31 55 58 -54 93 -52 -60 -56 -55 115 64 -64 -9 67 -67 69 70 71 -57 73 74 -47 94 -77 -30 79 80 -29 -40 -83 -21 -74 -86 87 -12 -89 -90 -35 -62 -36 -58 95 101 97 -80 99 -99 -2 102 -17 104 -103 106 -106 109 110 -108 -109 -22 113 114 -113 117 -117 -13 -42 -120 121 122 -50 -76 -94 -126
right_child=1 11 3 6 25 13 7 21 10 -11 86 27 24 46 -16 75 -18 -19 30 22 111 26 31 -25 43 -27 -28 78 77 48 -32 -33 -34 34 92 40 38 -39 39 -41 118 -43 -44 -45 -46 47 -48 -49 120 -51 54 -53 56 61 60 68 57 -59 59 -61 91 -63 63 -65 -66 66 -68 -69 -70 -71 -72 -73 84 -75 123 76 -78 -79 96 -81 -82 82 -84 -85 85 -87 -88 88 89 -91 -92 -93 124 -95 -96 -97 -98 98 -100 -101 -102 103 -104 -105 105 -107 107 108 -110 -111 -112 112 -114 -115 -116 116 -118 -119 119 -121 -122 -123 -124 -125 125 -127
leaf_value=-0.0018142025762337523 0.016292659303027274 0.0090364161213770718 -0.040953936686887148 -1.5525128108608013e-05 -0.00076128424583872143 0.065075016075897663 -0.022412585659953407 -0.0035437821523093549 -0.021139856976345295 -0.015761640031346957 -0.0067106507336892988 0.025427572129075867 -0.0023603472829724012 0.018226385627777616 -0.00039779505559573992 -0.0056692535341846817 0.0085264271376182307 0.018079931098736228 0.0085316908589787525 0.016961479335228551 -0.025614197133879881 -0.0036774680097096551 0.00049913045208640073 0.023993486559403292 -5.1468432386972488e-05 -0.006588382141042886 0.034551803796611873 0.026235373125044315 0.003943288319087304 -9.489113193725486e-05 0.0023220527393482235 0.0065176480867014663 0.013311501260584486 0.0071023653145616114 0.010500185361327942 -0.0083570643459078692 -0.0081322735826196129 -0.0016614266288233637 0.0092326065502251059 -0.0029324155865658756 0.0022457805550293005 0.0025929897889351789 0.0080379813467270529 -0.0020932664009454356 0.015952839919514874 0.0050210325772984919 0.057256712790123322 0.017990414683031558 0.0064509896251974536 -0.0049626594858947076 0.0072949619453143771 0.011364596033790642 -0.00023962512839308797 0.0023339211108084792 0.0018970816093807305 0.0090332702546539381 -0.00053475503342013725 0.0047479887260273961 0.017273303413295887 -0.00040737474696769436 -0.0099036553068716192 0.0062870585722351116 0.00089294524001573116 -0.021122488061741752 -0.0029176585332728374 0.023113762425522977 0.0036423419218993038 -0.00034706171718036855 -0.00017808593268639467 -0.005915337042814571 -0.0075755584839895173 -0.0026263333297152436 -0.017381945814712363 -0.010221743408815827 -0.0063747629266537389 -0.018583058217619217 0.021591321397233069 -0.0003379535480850745 0.01261554167740574 0.0020653607381837355 -0.0052642321359691801 -0.000279020341790049 0.010537399696244357 -0.0014304879197247354 -0.028784058508088448 -4.9267900539571937e-05 -0.0020042775304819432 0.0053011676151680665 -0.0022787507111826258 0.010156294567509197 0.0005406380343664438 -0.0035467635403339131 0.0015757851722142885 -0.033733667308734595 0.011027524985327671 -0.0090790672716423281 -0.0013901455813800868 0.0074842136734206526 -0.0026677809167270474 -0.00087896878923826582 -0.010994814009875325 0.0072638129030283939 0.010042871613912898 0.0060184393858996842 0.014557191258120146 0.0043767027957607738 0.00063065239258502633 -0.010094246112146236 0.0013591944569469171 -0.010943562421393584 0.025040575425355267 0.0057402506913540544 -0.0076400775357589991 0.0054803237753935086 -0.01386603860222081 -0.032682672863841571 0.0018947214534785137 -0.011516146246782506 -0.0013180726779840612 0.021109494957159802 0.0009586131734358954 -0.0084106794617645666 -0.0026918293618731631 0.0032579875058402841 -0.0032591188561671286 1.7888175461837699e-05
leaf_weight=10710 2776 673 2062 197 10237 614 30 1010 3615 10723 10947 62 18682 4880 112 312 477 12619 87 13066 131 40 4758 3591 23873 1667 148 56 657 2701 466 7590 70 510 39 327 399 143 204 433 887 2156 139 1062 424 88 192 53 40 541 238 128 1458 348 152 138 200 165 51 674 406 338 228 311 735 142 860 1464 1529 598 67 274 1099 582 1120 63 491 873 527 967 807 379 100 972 106 275 8195 89 814 121 288 783 999 504 420 270 217 83 112 106 1845 136 1722 1804 131 1546 136 374 1474 215 72 47 1426 387 282 87 94 24 7729 77 218 459 244 202 2421 1635
leaf_count=10710 2776 673 2062 197 10237 614 30 1010 3615 10723 10947 62 18682 4880 112 312 477 12619 87 13066 131 40 4758 3591 23873 1667 148 56 657 2701 466 7590 70 510 39 327 399 143 204 433 887 2156 139 1062 424 88 192 53 40 541 238 128 1458 348 152 138 200 165 51 674 406 338 228 311 735 142 860 1464 1529 598 67 274 1099 582 1120 63 491 873 527 967 807 379 100 972 106 275 8195 89 814 121 288 783 999 504 420 270 217 83 112 106 1845 136 1722 1804 131 1546 136 374 1474 215 72 47 1426 387 282 87 94 24 7729 77 218 459 244 202 2421 1635
internal_value=-0.000498529 0.00239222 -0.00227041 -0.00305638 -0.00513355 0.00463179 -0.00125623 0.00379575 -0.0062359 -0.00865618 -0.00504682 0.000192116 -0.00164987 0.00939466 0.0171016 0.00144761 -0.00538533 0.001412 -0.00658908 0.00384779 -0.00857458 0.00171982 0.00432151 0.00534465 -0.00128554 -0.00153581 0.0172021 -0.00138149 -0.00201973 -0.00256069 -0.00748347 0.00285923 0.00695772 -0.00223422 -0.00016449 4.50522e-05 0.00344713 0.00948843 0.000172698 0.00311329 -0.000657022 0.00253331 -0.00792994 -0.00035034 0.0225163 -0.0085347 0.00817018 -0.00899787 -0.0018774 -0.00141994 -0.00105699 0.000471182 2.36061e-05 0.00222361 -0.00287385 -0.00120383 -0.00317646 -0.00806922 0.00395919 0.000599316 -0.00729755 0.0118162 -0.00797057 -0.00994136 -0.00688791 0.000858949 0.00269729 7.13848e-05 -0.00311566 -0.00705407 0.000769629 0.00426859 -0.00936727 -0.0068703 -0.00411661 0.00353451 0.0102594 0.00285016 0.00201823 -0.000286103 -0.00457085 0.00760538 0.00345558 0.00451079 -0.0126936 -0.0054987 -0.00401492 -0.00495136 0.00146744 -0.000359042 0.00933375 -0.00904732 -0.00166013 -0.011481 0.00309621 0.00271197 0.00603571 0.0084874 -7.35288e-05 0.00694588 0.000773347 0.00304087 0.00597597 0.00202274 0.000601615 0.000131546 -0.00192979 -0.00272298 -0.00116883 -0.0110885 -0.0082816 -0.0049133 -0.00409641 0.000887657 -0.00524701 0.00144302 -0.00495968 0.0144506 -0.0016202 -0.0021681 -0.00721791 -0.0098496 -0.00204152 -0.00534665 -0.00186512 -0.00292046
internal_weight=213929 81296 132633 109304 50743 40284 58561 4230 38839 12785 26054 41012 54331 5686 566 22812 4822 23329 4345 34598 5888 3664 29977 17629 49509 11904 188 18200 15325 13795 4078 12348 267 24574 5892 13646 2331 816 1515 1116 11315 2622 466 24935 454 3612 5072 3525 12254 11293 10752 5842 5714 3387 4910 3569 2327 869 963 725 1341 686 1541 1274 963 3476 2466 1606 2606 1077 479 412 3472 1992 1410 9166 554 1530 2875 1830 863 683 479 14038 1480 381 20166 11971 1024 935 798 1189 5094 704 8612 8192 1045 828 301 189 4621 7922 2034 5888 4084 3948 2402 2271 1920 351 446 2273 2142 716 329 267 181 86 8693 7806 961 743 284 1322 5055 4056
internal_count=213929 81296 132633 109304 50743 40284 58561 4230 38839 12785 26054 41012 54331 5686 566 22812 4822 23329 4345 34598 5888 3664 29977 17629 49509 11904 188 18200 15325 13795 4078 12348 267 24574 5892 13646 2331 816 1515 1116 11315 2622 466 24935 454 3612 5072 3525 12254 11293 10752 5842 5714 3387 4910 3569 2327 869 963 725 1341 686 1541 1274 963 3476 2466 1606 2606 1077 479 412 3472 1992 1410 9166 554 1530 2875 1830 863 683 479 14038 1480 381 20166 11971 1024 935 798 1189 5094 704 8612 8192 1045 828 301 189 4621 7922 2034 5888 4084 3948 2402 2271 1920 351 446 2273 2142 716 329 267 181 86 8693 7806 961 743 284 1322 5055 4056
is_linear=0
shrinkage=0.05


Tree=43
num_leaves=127
num_cat=0
split_feature=9 10 10 26 9 9 10 9 9 10 10 10 9 9 8 10 10 10 7 9 19 1 20 16 33 20 0 8 2 31 33 20 19 19 19 19 0 7 24 31 16 9 19 24 9 19 9 0 35 0 0 1 23 0 30 35 0 9 9 32 16 9 9 8 34 9 28 4 9 19 9 23 28 9 35 19 2 32 9 19 9 12 9 7 35 1 5 24 9 9 32 24 20 9 35 19 24 0 24 20 19 31 9 33 16 32 30 20 5 2 2 34 9 35 9 8 16 9 26 33 23 1 28 35 35 11
split_gain=396.044 143.176 139.674 148.984 79.0121 54.8621 40.2016 44.4592 35.8943 31.7027 29.4407 26.689 26.3259 23.7561 21.211 17.7086 17.5036 16.6426 16.1367 15.8075 15.4937 15.9163 18.8324 30.0338 28.4377 23.2706 20.2684 15.0128 14.2537 26.7524 13.0508 12.8569 38.4987 42.904 40.1445 21.798 28.8676 18.4482 18.4433 24.3323 17.7292 17.3218 17.2016 14.4027 13.4156 13.1341 22.7535 15.3852 14.9455 12.8375 14.8827 13.9445 12.5786 12.5346 12.4814 16.4176 14.2523 14.0583 13.692 12.3589 14.0142 13.1907 12.3325 18.8346 12.31 14.6711 12.3008 12.2655 12.0028 11.9078 19.7995 11.6597 11.4345 11.0772 11.0385 25.0532 10.8846 12.6651 12.5046 12.581 11.6621 10.5962 10.5877 10.4258 10.4832 10.313 10.0433 23.6809 26.3849 13.0633 16.335 10.0249 10.02 9.98107 9.85054 9.82967 9.78075 10.2664 9.74724 9.71341 21.3257 11.155 9.71116 13.4644 11.3324 10.4208 12.4849 13.7651 9.85336 9.68945 12.0201 9.67998 19.1534 16.691 9.67016 9.5644 9.53321 10.4285 14.0905 13.8698 11.4791 9.53102 9.51713 9.46291 13.0823 9.37427
threshold=6.5374542106201234 2.5000000000000004 1.0000000180025095e-35 303.50000000000006 6.2919674446116867 7.8688572590266093 1.5000000000000002 5.5606859857709807 4.7800036004768485 3.5000000000000004 3.5000000000000004 1.5000000000000002 5.6746050845394267 7.955128338506154 9.5000000000000018 2.5000000000000004 1.0000000180025095e-35 1.5000000000000002 1.0000000180025095e-35 7.1031340757304973 0.19859154929577469 4.5000000000000009 0.93700396825396837 4.5000000000000009 -0.054636219268914668 0.83803656597774256 4.5000000000000009 5.5000000000000009 0.98296291314453421 4.3473386942372148e-06 0.0024916541227526369 0.86552812858783013 0.060915275200989494 0.07634032634032635 0.087337909992372245 0.059262510974539072 8.5000000000000018 1.0000000180025095e-35 315.50000000000006 -0.0017052925638774469 2.5000000000000004 4.7054490064092036 0.10923295454545455 1006.5000000000001 4.4779329514174799 0.30495169082125612 4.338619706235276 12.500000000000002 0.0012041814365694205 17.500000000000004 16.500000000000004 4.5000000000000009 2.1754935635159676 4.5000000000000009 -0.00079578234655141612 0.006864363130695026 14.500000000000002 7.5651409024090057 6.7147399005788948 1.4956821655209055e-06 11.500000000000002 5.4024126086699473 3.1975886473094337 4.5000000000000009 -5.2106898906712206e-06 5.7172347443834637 0.0048831831776734403 0.6078576107927941 3.3247595522736924 0.19378911892152145 7.9118370052198808 2.126949931292653 0.0028010262728312687 6.9045826620563453 5.2818732966463723e-05 0.049590163934426237 0.91597561503675362 0.0182037300295298 7.6267837384003876 0.11305538648813147 7.8358423678846352 42.000000000000007 10.308179188010698 1.0000000180025095e-35 -0.00042845496427473741 3.5000000000000004 -0.56174490092936669 209.50000000000003 5.4370335271158199 5.0118909161106506 -0.0074668524464334357 216.50000000000003 0.8175416133162613 5.3263453541093524 -0.020423935861343785 0.073801742919389998 200.50000000000003 1.5000000000000002 302.50000000000006 0.64760348583878014 0.18544973544973548 6.771232627102346e-08 11.30885442583117 -0.027056679852883028 5.5000000000000009 9.5748685868896889e-07 0.026402513967503077 0.84561213434452875 -0.22252093395631442 0.98296291314453421 0.37940952255126054 0.020711122707794662 4.4779329514174799 1.0000000180025095e-35 6.053034392251635 10.500000000000002 9.5000000000000018 5.8593768666142356 302.50000000000006 -0.031772392942251614 1.3748670439704223 1.0000000180025095e-35 2.2292516411080397e-06 0.0003978863551077168 0.00011633135910993829 3.5000000000000004
decision_type=2 2 2 2 2 2 2 2 2 2 2 2 2 2 2 2 2 2 2 2 2 2 2 2 2 2 2 2 2 2 2 2 2 2 2 2 2 2 2 2 2 2 2 2 2 2 2 2 2 2 2 2 2 2 2 2 2 2 2 2 2 2 2 2 2 2 2 2 2 2 2 2 2 2 2 2 2 2 2 2 2 2 2 2 2 2 2 2 2 2 2 2 2 2 2 2 2 2 2 2 2 2 2 2 2 2 2 2 2 2 2 2 2 2 2 2 2 2 2 2 2 2 2 2 2 2
left_child=2 5 18 4 6 16 7 -4 15 13 12 -7 62 52 27 125 -2 19 72 -18 21 69 23 25 98 53 71 74 30 -30 66 40 35 37 109 36 111 43 86 -40 49 44 91 -34 -41 46 47 68 59 50 51 93 54 -23 55 57 -57 58 -3 60 61 -48 63 -5 -43 94 -29 -22 -42 -11 -71 -25 122 -19 75 -12 77 -27 79 95 -79 -28 -13 123 -85 -63 87 -38 -89 -88 -91 -36 -70 -16 -66 -78 -17 -98 -24 101 -101 -56 104 -104 105 121 108 -108 -107 110 -35 113 -113 -33 -9 -47 117 118 -10 -120 -121 -15 -1 124 -14 -8
right_child=1 9 3 10 -6 11 8 114 116 20 14 82 83 102 31 96 17 73 -20 -21 67 22 24 26 -26 76 81 28 29 -31 -32 32 33 34 42 -37 38 -39 39 41 45 64 -44 -45 -46 115 48 -49 -50 -51 -52 -53 -54 -55 99 56 -58 -59 -60 -61 -62 85 -64 -65 65 -67 -68 -69 92 70 -72 -73 -74 -75 -76 -77 78 80 -80 -81 -82 -83 -84 84 -86 -87 89 88 -90 90 -92 -93 -94 -95 -96 -97 97 -99 -100 100 -102 -103 103 -105 -106 106 107 -109 -110 -111 -112 112 -114 -115 -116 -117 -118 -119 119 120 -122 -123 -124 -125 -126 -127
leaf_value=0.0042669464056631244 0.0042820722597311442 -0.00067590810051003771 -0.045059087854094099 0.0095325910028682577 -0.0014079580854368466 0.061821265272102778 -0.011818606676763009 -0.018662014955387562 -0.0063034354334565203 9.496583073691735e-05 0.0074476434674290663 0.017315066346388738 -0.00024298419660125894 0.010453810781896821 0.0012836788660868636 -0.024895637541031392 0.015480324575346184 0.00045249425873156602 -0.0020698345544441369 0.022287295534998346 -0.0017501822887774823 -0.0057384388782191296 -0.00038073533100596861 -0.0012377266614528055 0.001099293979419798 -0.0092072948637073448 0.0051522935751447986 -0.0020930728274450739 0.0089546111034779635 -0.0046576699863197573 0.0078314424091368729 0.0043407391116539054 0.021465284675578084 0.0014903649787486469 0.0032032665778739936 -0.027610069264147597 0.040175165919660229 -0.0007375257931610716 0.020510783259738388 -0.0055034350491938982 0.0040267261448087279 -0.0045124210274447496 0.00078206718899808216 -0.00079052362708136319 -0.021064370142915626 -0.010271701781247585 -0.0076699104225515739 -0.0013040318215216794 0.0038148340037022044 -0.014126194679429979 0.041603628756086711 -0.0064739512708851463 0.0099319500576229326 0.000175829664524265 -0.007975690108795017 -0.0011568672175268414 0.0075410112413951628 -0.00084074480383417537 0.010590077436938137 0.0017765807318624385 0.013948794153073455 -0.010020779956380741 -0.0025045949297142619 -0.013871799344164085 -0.031560780784242716 -0.0011940269367268982 0.0015259050432845202 -0.018974291749782893 0.018622074675760398 0.0073799452202965915 -0.00092989666424856407 -0.01789149348625213 -0.018353477395211381 0.0061287416337040988 -0.00061059644302272412 0.0006276323447241335 -0.0013568562218030553 0.0097891984317712757 -0.0091199741201453393 -0.031586445978145278 -0.0009968367394667763 -0.00031758535314639169 0.054393877150617165 -0.0043368414677046807 0.002096821825563683 0.00010562777873706557 0.0029245957640201426 0.018311322978445833 -0.0019812521657568628 0.022201923541937799 -0.003580918473656906 0.024056683679564785 0.0011189469199674993 -0.017544241425237205 0.0024810489763483741 0.011677348762534345 0.0011631695649557368 -0.0072580736589710482 -0.0076844646368109289 -0.00059499628860452535 0.0041455711568751377 0.0048905270277313628 -0.017653905306738254 0.020511755327371414 -0.00074874145539010023 0.013972037901953539 0.016121183807876714 -0.0041030418029945146 0.0067246331449217246 0.013041078614750914 -0.010298444565647272 0.0002701908985468905 0.0088342606513947316 -0.00092377625642202561 -0.012550777103912404 0.0011085316760034811 0.006987666675154003 -0.0017940447763211663 0.0060056128545823402 -0.0023794219529833164 0.025584452225454503 0.0021364253697134998 0.022215937072922715 -0.0021655917023734729 0.0074351668490650266 -0.02351628667133273
leaf_weight=4066 4621 179 1524 137 12452 614 990 4984 11847 8152 235 4880 4052 267 994 146 13399 4474 9135 3824 560 136 242 413 2663 1836 716 9605 525 667 172 1180 526 107 208 126 127 114 65 637 216 464 698 52 243 240 596 163 870 312 76 724 68 1106 321 1244 122 190 582 731 59 202 17287 1980 38 550 802 209 245 151 70 134 769 7767 1459 1174 118 55 225 49 69 880 192 505 2095 831 551 102 303 41 557 325 51 139 610 133 701 1426 171 9581 1094 134 63 491 1744 969 147 541 1092 22 340 345 274 791 6277 172 350 6916 94 884 75 3852 9359 1816 241 2625
leaf_count=4066 4621 179 1524 137 12452 614 990 4984 11847 8152 235 4880 4052 267 994 146 13399 4474 9135 3824 560 136 242 413 2663 1836 716 9605 525 667 172 1180 526 107 208 126 127 114 65 637 216 464 698 52 243 240 596 163 870 312 76 724 68 1106 321 1244 122 190 582 731 59 202 17287 1980 38 550 802 209 245 151 70 134 769 7767 1459 1174 118 55 225 49 69 880 192 505 2095 831 551 102 303 41 557 325 51 139 610 133 701 1426 171 9581 1094 134 63 491 1744 969 147 541 1092 22 340 345 274 791 6277 172 350 6916 94 884 75 3852 9359 1816 241 2625
internal_value=-0.000475391 0.00229313 -0.00214704 -0.00289193 -0.00486095 0.00442736 -0.00597203 -0.00826915 -0.00484343 0.000210858 -0.00117318 0.00897294 -0.00234165 0.00145585 -0.000101431 -0.00827762 0.00366787 0.00411653 0.001367 0.00511856 -0.00135025 -0.00104061 -0.00250642 -0.00416596 0.000662123 -0.006875 0.000550513 -0.00147688 -0.00226711 0.00290727 -0.00285124 0.00115576 0.00234443 0.00781393 0.00351906 0.000472251 0.000856459 0.018264 -0.00166084 -0.00429077 -0.000531617 -0.00508245 0.00825445 0.0218611 -0.0107345 0.00132162 0.00220711 0.0105331 0.000484973 -0.00413889 -0.00260191 -0.00350832 0.000122967 -0.00127907 1.05938e-05 0.00334518 -0.000171407 0.00837082 0.0113936 -0.00153775 -0.00388659 -0.00477509 -0.00336648 -0.0069663 -0.00206659 0.000619286 -0.0030789 -0.00827196 0.0147582 0.000526081 0.0118473 -0.00771286 0.00242165 0.00270517 0.00176471 0.00491337 -0.00966365 -0.011374 -0.00323113 0.00344262 0.00395349 0.00339788 0.0077664 -5.76652e-05 0.00259117 -0.00134152 0.00241845 0.00806332 0.00204268 -0.000218804 -0.00531509 0.0149768 0.0212292 -3.73456e-05 0.00569678 0.00801758 -0.00480356 -0.00392003 -0.0114653 -0.000684777 -0.000378042 -0.00779891 0.00342002 0.00981217 0.00300337 0.00391678 0.00629902 0.000461761 0.00824177 -0.00886603 -0.0105254 0.00501927 0.0104527 0.00329074 -0.00717846 -0.0071223 -0.00383893 -0.00398365 -0.00482371 0.000715974 -0.00111774 0.00232117 0.00276154 -0.00118621 9.48121e-05 -0.0104523
internal_weight=213929 80540 133389 110060 51291 39771 38839 12785 26054 40769 58769 5686 28113 22681 30656 5888 34085 29464 23329 17223 18088 17319 8946 5870 3076 3727 2143 14639 11771 1192 10579 16017 9396 2392 1700 7004 6878 692 4288 2607 6621 2542 1231 578 880 4376 3964 675 3289 2245 1933 1857 13515 1242 13447 2317 1366 951 761 2419 1688 1629 19404 2117 1662 1198 10407 769 512 8373 221 547 14194 12241 2868 1409 2485 1960 525 300 124 1596 5072 8709 2600 1033 1681 532 405 1149 598 533 296 1133 648 251 2273 2127 413 11130 10675 455 9166 554 8612 6868 2749 688 2061 469 447 2590 619 1971 11261 412 20166 19816 12900 1053 959 4119 13425 6109 4293 3615
internal_count=213929 80540 133389 110060 51291 39771 38839 12785 26054 40769 58769 5686 28113 22681 30656 5888 34085 29464 23329 17223 18088 17319 8946 5870 3076 3727 2143 14639 11771 1192 10579 16017 9396 2392 1700 7004 6878 692 4288 2607 6621 2542 1231 578 880 4376 3964 675 3289 2245 1933 1857 13515 1242 13447 2317 1366 951 761 2419 1688 1629 19404 2117 1662 1198 10407 769 512 8373 221 547 14194 12241 2868 1409 2485 1960 525 300 124 1596 5072 8709 2600 1033 1681 532 405 1149 598 533 296 1133 648 251 2273 2127 413 11130 10675 455 9166 554 8612 6868 2749 688 2061 469 447 2590 619 1971 11261 412 20166 19816 12900 1053 959 4119 13425 6109 4293 3615
is_linear=0
shrinkage=0.05


Tree=44
num_leaves=127
num_cat=0
split_feature=9 10 10 10 9 9 10 10 26 17 9 10 9 10 9 9 17 9 35 9 9 10 19 17 10 3 9 25 33 5 30 19 8 15 4 14 9 5 9 30 25 17 2 17 17 9 24 2 9 30 35 23 24 2 9 5 0 30 3 35 3 19 33 30 35 9 35 0 30 8 9 16 30 17 17 0 0 1 29 35 25 29 4 17 24 29 33 17 9 2 15 25 29 9 8 2 31 29 33 25 3 23 16 30 4 16 8 3 9 17 0 0 31 9 2 23 16 0 30 7 9 3 30 9 16 30
split_gain=354.736 137.916 173.862 118.75 59.0338 57.1839 37.6377 32.9867 30.6734 28.4487 35.5573 24.6103 25.2984 24.103 24.0818 22.9149 21.1516 20.1246 20.0909 19.7156 18.7578 18.3518 17.2209 17.1612 16.0655 13.5094 28.3502 18.2053 15.501 31.0289 15.0279 13.3797 13.2289 22.0898 22.8285 19.6895 43.8679 33.583 15.5278 15.0445 14.2614 17.2317 15.7877 14.2124 24.5981 20.4736 14.2582 19.9501 18.3994 15.1887 18.9245 13.0616 16.3974 15.7864 27.8174 23.6868 21.8412 17.5347 13.926 12.7988 14.6698 12.4806 12.3785 12.255 17.8361 16.1297 12.148 11.6011 12.4143 11.5825 17.6534 11.6224 11.7626 11.5008 15.2983 25.0533 15.5662 13.8648 17.5717 21.1231 12.7368 11.3037 11.1887 11.128 11.042 10.9822 10.8931 10.8639 10.748 12.9606 16.3614 13.2846 14.5202 12.9425 11.5527 12.2884 12.4764 11.3278 11.3102 10.7286 10.6127 12.2862 12.3686 10.3843 10.3767 10.3424 10.3349 13.2028 10.9288 11.5549 12.0948 10.3284 12.3704 10.0412 9.93273 13.5874 9.91858 9.89999 9.995 9.82251 11.5815 9.76579 9.73647 9.63949 9.61233 9.59099
threshold=6.4325338084325496 1.0000000180025095e-35 2.5000000000000004 2.5000000000000004 7.9118370052198808 5.5188231444133669 1.5000000000000002 3.5000000000000004 200.50000000000003 43.500000000000007 3.5624033520609206 3.5000000000000004 7.7225551465088893 1.5000000000000002 2.4702248768463457 6.1747446868912181 5.5000000000000009 6.5936803181797652 0.10591800687982299 4.2315501622290013 4.2705867593757683 1.0000000180025095e-35 0.19859154929577469 25.500000000000004 1.5000000000000002 0.1294095225512602 8.6217987304150636 100.50000000000001 -0.04799456329259847 -0.56174490092936669 0.0011148576204420668 0.19378911892152145 9.5000000000000018 1.0000000180025095e-35 0.87837969732492682 1.0000000180025095e-35 5.7694620865801278 -0.22252093395631442 3.5624033520609206 0.0053037397807570883 105.50000000000001 28.500000000000004 1.0000000180025095e-35 10.500000000000002 8.5000000000000018 3.9225284647455312 219.50000000000003 0.37940952255126054 3.3981895808892282 3.7084793015594678e-05 0.0073002872455131384 1.2413082819413674 306.50000000000006 0.78656609248549325 5.7511212155106497 -0.22252093395631442 5.5000000000000009 1.7043161316387627e-06 -0.9159756150367534 0.12932883897634506 -0.98296291314453399 0.27346041055718479 0.0036572403914685268 -0.00061898790513238982 0.0051601752790205084 7.5942045247465737 -0.16244361480700262 6.5000000000000009 3.8178854300945189e-06 8.5000000000000018 5.0400232965669671 1.0000000180025095e-35 0.00011047268234650624 38.500000000000007 23.500000000000004 15.500000000000002 16.500000000000004 3.5000000000000004 0.090806801094556966 -0.010607334865028139 105.50000000000001 -1.0000000180025095e-35 0.6078576107927941 26.500000000000004 206.50000000000003 -1.0000000180025095e-35 0.0075259885583722928 19.500000000000004 5.915894405440115 0.60355339059327384 1.0000000180025095e-35 102.50000000000001 -8.7011036560904128e-10 4.926760243611823 6.5000000000000009 1.0000000180025095e-35 -0.0012426478525615478 0.25001459450970859 -1.0000000180025095e-35 32.500000000000007 0.78656609248549303 0.90439373713699056 10.500000000000002 5.2096495729086894e-05 1.0000000180025095e-35 2.5000000000000004 10.500000000000002 -0.98296291314453399 4.7571303064240302 6.5000000000000009 15.500000000000002 3.5000000000000004 0.0020943168020900456 7.1031340757304973 0.37940952255126054 0.60552748663054567 9.5000000000000018 22.500000000000004 -1.0000000180025095e-35 1.0000000180025095e-35 4.7800036004768485 -0.98296291314453399 -0.048431609108410649 10.308179188010698 9.5000000000000018 -4.7544248191713938e-06
decision_type=2 2 2 2 2 2 2 2 2 2 2 2 2 2 2 2 2 2 2 2 2 2 2 2 2 2 2 2 2 2 2 2 2 2 2 2 2 2 2 2 2 2 2 2 2 2 2 2 2 2 2 2 2 2 2 2 2 2 2 2 2 2 2 2 2 2 2 2 2 2 2 2 2 2 2 2 2 2 2 2 2 2 2 2 2 2 2 2 2 2 2 2 2 2 2 2 2 2 2 2 2 2 2 2 2 2 2 2 2 2 2 2 2 2 2 2 2 2 2 2 2 2 2 2 2 2
left_child=1 16 5 4 17 6 -3 20 15 32 14 12 63 -6 105 -7 -1 23 86 -8 -4 -19 25 -2 113 31 27 30 29 -29 -27 73 33 38 -35 39 106 -38 40 43 41 42 -9 44 46 -46 -34 -48 -49 -50 -51 53 -53 54 55 69 125 84 -57 -41 -61 -54 -60 64 65 104 -22 -59 -69 71 -71 87 83 74 76 80 -13 78 79 -75 81 -76 -24 -73 -58 -18 -12 -40 89 90 91 92 93 -68 98 -96 -97 -91 -93 122 -45 -102 -103 -87 -5 -11 121 -108 109 110 -109 112 -30 -23 115 -100 -94 -113 -119 -63 -121 -37 -66 -15 -56 -55
right_child=3 2 7 11 13 8 19 9 -10 10 18 22 -14 123 -16 -17 85 21 -20 -21 66 24 82 -25 -26 26 -28 28 111 -31 -32 -33 35 34 -36 36 37 -39 51 59 -42 -43 -44 100 45 -47 47 48 49 50 -52 52 61 56 124 58 57 67 62 60 -62 119 -64 -65 99 -67 88 68 -70 70 -72 72 -74 77 75 -77 -78 -79 -80 -81 -82 -83 -84 -85 -86 103 -88 -89 -90 97 -92 94 116 -95 95 96 -98 -99 114 -101 101 102 -104 -105 -106 -107 107 108 -110 -111 -112 117 -114 -115 -116 -117 -118 118 -120 120 -122 -123 -124 -125 -126 -127
leaf_value=-0.0079319733625521742 0.0027574524662421934 -0.044656039815066967 -0.0059632305206963575 0.010700688131378347 0.061421923712094442 -0.016450011510272321 -0.025411296943605867 -0.00036054475262976599 -0.0019174567461220735 0.056037687185064758 -0.00039746686562984468 -0.00033035504427414908 0.0038476768277872575 0.017000281531422915 0.013405548869104151 -0.0055831664155983922 -0.04579923700983931 0.0040679686467445866 0.029854929114703145 -0.010043653040392503 -0.0056379921819384032 0.017490183769920703 -0.0020967973771941445 -0.0050202757975297101 0.0033601536772448239 -0.0043540036366556565 0.0022405724136559274 0.009171488237427439 0.0024556619369882336 -0.0066780334937280306 -0.00029284037663563159 0.0041326152141674425 0.0027923327301561346 0.0090895014686738652 -0.024074234115097171 -0.0022870773229081666 0.023611851234563039 0.0011085666170173529 -0.0052062426100219607 0.0023635685934432511 0.00062416919738588665 0.021941668458945289 -0.0096097131404343349 -0.0033396940259009518 0.013360356005671382 0.0016935416379306131 -0.0087176106452637025 0.0084685459973339438 0.00099541784492190345 -0.0099595560792900811 0.0010171746621324557 -0.0092501322575513599 0.0001155626508707857 0.028114594412394462 -0.0038142922375300039 0.0063108410046612169 0.035642638193789246 -0.002655005326243028 0.00023799085315329626 0.0023149931973249689 -0.0019919150827702888 -0.03484996500282838 0.03313926281627988 -0.00050077166885966872 0.0085898333670962872 -0.0017286491460799733 -0.0091153591182598671 -0.0039843016800628845 0.0060843827457313059 -0.030634757977408701 -0.00073278582163725304 -0.0023185551868334176 0.0054392855472094404 0.016393488558613015 -0.0067383715524004465 -0.028396890776140018 0.0039464589802545181 0.0022094472950679425 -0.0049568989661315961 -0.00060906720752742908 -0.0081070095626071363 -0.00015234762179701272 -0.018025577162293745 0.027149929333520603 0.0018592596309619626 0.0037161824615283934 0.0046521613076141999 0.00036839129162349898 4.0161378018970595e-05 -0.001040773607859905 -0.0076953303167551909 -0.0041433039017232925 -0.0041159990992815391 0.0097270342899983594 -0.0058448550640995247 0.011289758995685729 -0.00056672930401797776 0.0018197145991217852 0.020852196548658407 -0.0011214367130019107 0.002706298806355431 -0.010528748620604374 0.012522513937415328 0.01886288938790015 3.9713770829971675e-05 -0.0015422429512382152 0.011121017451854696 -0.00012965614899077525 -0.0044857665802500507 0.024085173486637863 -0.034897013498611365 -0.0013388577804581221 -0.0015407501169662997 0.021353587232090836 -0.0026208882459700408 -0.0037385380825703282 0.008846374225000701 -0.00073378530282751657 0.0051088794193419572 0.011727469768504513 -0.0062421915344495439 0.0022424743898624938 -0.0054271290507555093 0.051674183293086311 0.013600528103505264 -0.0020285735408507584
leaf_weight=5933 6286 1348 8148 546 556 8127 1459 342 11213 31 1504 3592 10476 4639 394 8675 155 4621 84 8130 259 11301 577 1413 11881 2185 1360 80 677 401 672 170 290 194 63 265 351 230 477 1785 553 39 993 3652 155 536 1090 338 511 322 152 286 861 42 1088 378 130 659 2197 125 436 134 62 11190 131 110 106 50 551 296 348 460 479 216 81 340 658 2555 517 982 278 2083 209 30 601 5809 150 344 6630 8692 390 193 5829 226 1052 147 1311 539 195 1446 434 216 50 11432 150 130 115 813 408 136 109 1190 196 3882 69 69 165 67 124 48 162 1627 64 192 22 1206
leaf_count=5933 6286 1348 8148 546 556 8127 1459 342 11213 31 1504 3592 10476 4639 394 8675 155 4621 84 8130 259 11301 577 1413 11881 2185 1360 80 677 401 672 170 290 194 63 265 351 230 477 1785 553 39 993 3652 155 536 1090 338 511 322 152 286 861 42 1088 378 130 659 2197 125 436 134 62 11190 131 110 106 50 551 296 348 460 479 216 81 340 658 2555 517 982 278 2083 209 30 601 5809 150 344 6630 8692 390 193 5829 226 1052 147 1311 539 195 1446 434 216 50 11432 150 130 115 813 408 136 109 1190 196 3882 69 69 165 67 124 48 162 1627 64 192 22 1206
internal_value=-0.000459031 -0.00216257 -0.00295222 0.00197431 0.00377998 -0.00558231 -0.00864856 -0.00133994 -0.00438392 -0.000117302 0.0052252 0.000108072 0.00117164 0.00868741 0.016183 -0.00573541 0.001307 0.00310772 0.00168962 -0.00754143 -0.00240118 0.0036648 -0.00122691 0.000814188 0.00416196 -0.00091649 -0.00265488 -0.00422905 -0.00130931 -0.00940844 -0.00701695 0.000137667 -0.000567881 -0.00171279 0.0126622 0.000492192 0.00343311 0.0160879 -0.00200537 -0.000690303 -0.00613742 -0.00885787 -0.00984142 -0.00175268 0.000672257 0.00905532 -0.00148357 -0.0027471 0.0013799 -0.00208333 -0.00848643 -0.00127313 -0.0056133 -0.000583554 -0.00206474 -0.000492021 0.00224183 0.00548723 0.00278861 0.0028137 -0.00375 -0.00302686 0.00129086 -0.000247947 0.00295371 0.00901973 -0.0017417 0.00189723 0.00689356 -0.00404469 -0.00976887 -0.00196379 0.00174281 -7.47319e-05 -0.00131732 -0.00419627 0.000569918 0.00197076 -0.00150436 0.00182461 -0.00240907 -0.00110189 -0.00845133 -0.00368687 0.0116202 0.00218608 0.000443039 -0.00632264 -0.00163137 -0.00223654 -0.00350722 -0.00308477 -0.00438872 0.005727 -0.000365011 -0.00177932 0.00119276 -0.000892973 0.0063371 -4.40456e-05 -0.00364241 0.00198582 -0.00640221 0.00230648 0.011826 -0.000135542 0.001296 -0.00168506 -0.00298096 -0.000286923 -0.00231392 0.000436034 0.00467825 0.00523983 0.0118565 0.0162082 -0.00495332 -0.00225289 0.00817602 -0.0110029 -0.00406977 0.00378492 0.0108125 0.00753774 -0.00921525 -0.00293695
internal_weight=213929 125835 102506 88094 44771 38952 10937 63554 28015 29534 2293 43323 24113 5387 555 16802 23329 39384 1738 9589 34020 31685 19210 7699 27064 18424 6952 5592 2735 481 2857 11472 27241 13095 257 14146 4054 581 12838 10092 1927 1374 1335 7746 3394 691 2703 2413 1323 985 474 10911 1491 9420 6181 5071 3239 1991 2637 2346 561 1205 2259 13637 2447 806 25872 1260 601 2434 644 1790 969 11302 7032 2782 4250 4270 1715 1198 2442 2164 786 490 731 17396 1654 821 25613 18983 9752 9362 6326 332 3036 2510 1458 9231 526 1641 4352 700 266 17241 696 161 3473 1581 1466 1058 922 2254 873 15183 333 264 5994 1381 191 344 210 1892 195 4831 1110 1248
internal_count=213929 125835 102506 88094 44771 38952 10937 63554 28015 29534 2293 43323 24113 5387 555 16802 23329 39384 1738 9589 34020 31685 19210 7699 27064 18424 6952 5592 2735 481 2857 11472 27241 13095 257 14146 4054 581 12838 10092 1927 1374 1335 7746 3394 691 2703 2413 1323 985 474 10911 1491 9420 6181 5071 3239 1991 2637 2346 561 1205 2259 13637 2447 806 25872 1260 601 2434 644 1790 969 11302 7032 2782 4250 4270 1715 1198 2442 2164 786 490 731 17396 1654 821 25613 18983 9752 9362 6326 332 3036 2510 1458 9231 526 1641 4352 700 266 17241 696 161 3473 1581 1466 1058 922 2254 873 15183 333 264 5994 1381 191 344 210 1892 195 4831 1110 1248
is_linear=0
shrinkage=0.05


Tree=45
num_leaves=127
num_cat=0
split_feature=17 26 17 34 35 24 17 23 31 35 14 19 17 20 23 20 33 21 16 26 31 28 28 35 35 25 0 25 17 34 20 17 0 4 26 19 33 24 8 23 0 17 35 17 24 21 17 19 26 33 8 35 20 35 34 2 35 35 34 17 26 8 31 24 35 20 34 33 20 19 31 35 17 26 15 26 26 2 21 23 0 8 33 31 21 26 16 24 33 17 33 15 1 19 0 28 0 28 17 3 24 16 34 17 28 19 24 20 28 4 26 26 26 17 33 20 3 8 8 33 28 24 26 14 17 20
split_gain=80.5153 35.5786 26.7947 20.6826 17.6881 16.6431 16.2318 15.7048 14.8365 14.3608 16.073 13.0455 20.0006 13.1925 17.4569 16.1873 12.8006 14.9196 14.4818 20.7157 13.3641 18.8366 12.761 13.5332 12.3945 12.3759 12.3077 12.0071 11.5973 12.5797 13.4871 10.9756 15.0607 13.1098 22.5285 37.2406 15.8882 14.4323 14.6847 13.1534 16.929 16.0768 11.7797 13.8521 11.6697 11.3759 10.9253 10.7664 10.5428 10.3339 17.7466 15.1527 12.0633 10.2421 10.2166 10.0825 10.2329 10.3009 10.0344 10.4548 10.3441 9.89694 11.6183 17.4036 13.9652 15.8604 12.4881 12.1292 10.8514 14.1131 13.5551 13.9767 10.7226 22.8473 9.83108 10.1206 14.8546 9.78787 9.73682 9.70094 15.9079 9.64203 9.56868 12.7111 9.53305 9.78126 11.504 11.5036 18.5612 11.3992 11.7242 9.95397 12.4469 11.1667 10.64 10.5204 16.022 9.46216 9.41328 9.39746 11.4893 10.8223 9.79134 9.37244 9.32711 9.27394 10.3052 9.27291 8.99696 8.9551 8.79582 15.7271 8.67168 14.7296 10.7215 10.7816 12.9069 12.9661 9.9847 19.3799 11.6029 13.2126 11.9359 9.64659 8.68911 8.49586
threshold=9.5000000000000018 200.50000000000003 61.500000000000007 0.00025184962755347588 0.12932883897634506 103.50000000000001 45.500000000000007 2.2411828476500246 0.00087948583562487772 0.027404991258866064 1.0000000180025095e-35 0.24037037037037037 36.500000000000007 0.70087719298245621 2.126949931292653 0.78619047619047622 -0.041235437329903098 0.55277777777777792 3.5000000000000004 402.50000000000006 3.6265206820151899e-05 2.0170139644159501e-06 0.0019871376696760442 -1.4113285151352917e-05 -0.01794579278187106 15.500000000000002 1.0000000180025095e-35 104.50000000000001 2.5000000000000004 0.0002725600467941163 0.99333333333333351 32.500000000000007 15.500000000000002 -0.8783796973249266 408.50000000000006 0.16428133306072382 -0.16006091799829295 221.50000000000003 3.5000000000000004 0.99117016018682558 5.5000000000000009 20.500000000000004 -0.11107532211208086 49.500000000000007 204.50000000000003 0.68990384615384626 45.500000000000007 0.03478523895946764 417.50000000000006 -0.05769698005344432 7.5000000000000009 0.013069356630858094 0.99333333333333351 -0.00010219511537778763 -0.040183523319949059 0.60355339059327384 0.0003978863551077168 0.0062750172267936758 -0.00029109814195926313 30.500000000000004 405.50000000000006 11.500000000000002 7.3792336923877235e-09 1006.5000000000001 0.013069356630858094 0.95040983606557383 0.0070972232713332481 0.0096676621084526935 0.90353598014888348 0.085960591133004943 0.0017769570928943977 4.2148361067717691e-08 46.500000000000007 306.50000000000006 1.0000000180025095e-35 412.50000000000006 306.50000000000006 0.98296291314453421 0.60912698412698429 0.90439373713699056 5.5000000000000009 9.5000000000000018 0.21207393882078701 -0.0012944967323148162 0.80384615384615399 407.50000000000006 7.5000000000000009 208.50000000000003 -1.412745681414316e-07 28.500000000000004 -0.016171523595566496 1.0000000180025095e-35 5.5000000000000009 0.043167701863354044 18.500000000000004 1.0877436248888021e-06 9.5000000000000018 3.6159413546166908e-07 38.500000000000007 -0.78656609248549325 308.50000000000006 3.5000000000000004 -0.0029147630823555359 42.500000000000007 0.0004993627389699982 0.14185110663983905 1015.5000000000001 0.80461293743372231 -1.0000000180025095e-35 -0.8783796973249266 419.50000000000006 416.50000000000006 305.50000000000006 3.5000000000000004 -0.029728702918514763 0.87411971830985924 0.78656609248549303 6.5000000000000009 9.5000000000000018 6.5684107684209887e-06 0.0031887887393573125 1006.5000000000001 412.50000000000006 1.0000000180025095e-35 4.5000000000000009 0.97162977867203237
decision_type=2 2 2 2 2 2 2 2 2 2 2 2 2 2 2 2 2 2 2 2 2 2 2 2 2 2 2 2 2 2 2 2 2 2 2 2 2 2 2 2 2 2 2 2 2 2 2 2 2 2 2 2 2 2 2 2 2 2 2 2 2 2 2 2 2 2 2 2 2 2 2 2 2 2 2 2 2 2 2 2 2 2 2 2 2 2 2 2 2 2 2 2 2 2 2 2 2 2 2 2 2 2 2 2 2 2 2 2 2 2 2 2 2 2 2 2 2 2 2 2 2 2 2 2 2 2
left_child=3 6 5 9 55 25 22 11 28 16 -11 13 -13 -7 31 -16 -1 18 20 97 74 53 23 -2 -23 26 -3 -21 -5 30 -30 33 42 34 37 49 -35 39 -39 40 -15 -42 43 -33 107 61 -27 -43 125 -36 51 52 -51 -22 -52 56 -4 -58 77 -60 -61 62 63 72 65 103 67 -64 70 -70 71 -63 73 104 110 76 -76 -40 -25 -75 -81 -56 -31 -84 85 86 89 88 -87 -38 -91 93 -93 95 99 96 -89 109 -17 101 102 108 -101 -65 -46 106 -83 -44 -95 -20 111 112 113 -18 -114 123 118 -118 120 -120 121 -117 124 -116 -123 -34
right_child=1 2 4 8 -6 7 -8 -9 -10 10 -12 12 -14 14 15 98 17 -19 19 27 21 24 -24 78 -26 46 -28 -29 29 82 -32 32 48 36 35 -37 84 38 58 -41 41 47 44 -45 45 -47 -48 -49 -50 50 54 -53 -54 -55 81 -57 57 -59 59 60 -62 68 66 64 -66 -67 -68 -69 69 -71 -72 -73 -74 79 75 -77 -78 -79 -80 80 -82 105 83 -85 -86 87 -88 91 -90 90 -92 92 -94 94 -96 -97 -98 -99 -100 100 -102 -103 -104 -105 -106 -107 -108 -109 -110 -111 -112 -113 114 -115 115 116 117 -119 119 -121 -122 122 -124 -125 -126 -127
leaf_value=0.0011135971182486789 0.0087756449457129706 0.0076599378726102431 0.0038271893366520373 -0.0042128410373506019 0.038446664202079796 0.0020545980076068174 0.020841180874502964 0.006868576742895191 -0.0031109180440059628 -0.014627435758459201 -0.0010781709733267964 -0.0015447673779657445 -0.037396886568579507 -0.0022191250489211009 -0.016766917814207871 -0.010035996867714819 -0.0097612082526873714 -0.0029662218032935153 0.0035599067241905073 0.0024080407160014155 -0.014845331567373317 0.0053700663400438912 -0.0042677372204637755 0.002278792646288066 -0.0053120244658574076 -0.011870530263926787 -0.0026671492594842216 0.013290364139846845 -0.006353405074377841 -0.00015451047609473577 0.020076885289170086 0.00077535485103132908 0.0047906493662675832 0.0098013958300300751 -0.033333982161577971 0.0017100980360699035 -0.00059448916687101702 -0.0044502837759667841 -0.0035401966703706594 -0.0022025536219369571 0.004129939350787786 0.010579633691077157 0.021626632334215062 -0.015070089471617932 -0.00047247700772137926 -0.012597959561698608 0.0070060485588015614 0.042433422886261146 -0.00016539936584562405 0.0077241135572684409 0.0019195880283793419 -0.015436154464586585 -0.00027384346749118976 0.00088083261091531629 -0.013357957250182829 0.0046942111712332396 -0.012602896261043462 1.952974251732409e-05 2.9434687056080827e-05 0.00016738389480327117 -0.025942092988789897 -0.00074181072177969133 -0.0012935117978276197 -0.0036499364812579761 -0.017314178307619738 0.034850555937431076 0.0040555903481004282 0.0050836907212588409 -0.0014032343219943424 -0.032127576952679607 -0.014274205317406367 0.016609322330075543 0.0011652737945752796 0.0052103808161300122 -0.0062753802384568208 0.0024496327854489604 -0.010154704623145107 0.0089794271164190791 -0.015129241797668148 0.012958181185841806 0.004615509430280944 -0.0026573596424008753 0.024992015720001641 0.0013170375168369752 -0.013754229637816282 0.00019238357908952578 -0.022126849282679596 0.0039488102756561286 0.011435295674073899 -0.0044413528927153487 0.0048801906953024696 0.00041528635857376005 0.0065902446622898127 -0.0047300969694624596 0.0021778176824745511 -0.00019340558375681834 -0.012498869380573836 0.0054733352665784938 0.030586543363897913 0.034257140352716146 -0.0031368150496730233 0.0050440105783276373 0.00067317786461088664 0.0023337521332372521 0.0094234364322654789 -0.017165361353033991 -0.025557013924371048 -0.0024412940718787773 0.00043966279966358367 -0.0081993943679993866 -0.014657147508204718 0.039629782534294451 -0.0048885131847658907 -0.00276053673407433 -0.00083867053980520457 -1.1840964898654033e-06 0.0046385790592872681 -0.0024963579412165733 0.0027805537158657298 -0.016084498738298061 0.0017631756451937449 -0.0091291738508010433 0.018328032139774138 -0.0061083321637410279 -0.00038643116840716708 -0.0015893401772370166
leaf_weight=1074 14863 58 726 3006 154 2700 2621 703 7761 590 903 5143 251 425 458 58 4604 790 262 75 394 503 2473 17262 4774 354 384 131 79 20831 191 226 2259 287 130 737 35711 594 2195 354 529 117 51 237 794 325 45 256 1060 124 118 118 210 98 432 1975 231 486 7995 120 129 419 5170 463 195 98 1988 150 895 161 148 280 2177 405 2024 75 716 100 474 297 348 1212 171 805 520 437 164 100 313 417 1853 331 140 81 904 2384 344 658 99 54 1063 784 335 391 223 209 160 2128 2136 557 284 127 472 15317 2279 2249 189 122 2338 219 271 615 39 493 349 466
leaf_count=1074 14863 58 726 3006 154 2700 2621 703 7761 590 903 5143 251 425 458 58 4604 790 262 75 394 503 2473 17262 4774 354 384 131 79 20831 191 226 2259 287 130 737 35711 594 2195 354 529 117 51 237 794 325 45 256 1060 124 118 118 210 98 432 1975 231 486 7995 120 129 419 5170 463 195 98 1988 150 895 161 148 280 2177 405 2024 75 716 100 474 297 348 1212 171 805 520 437 164 100 313 417 1853 331 140 81 904 2384 344 658 99 54 1063 784 335 391 223 209 160 2128 2136 557 284 127 472 15317 2279 2249 189 122 2338 219 271 615 39 493 349 466
internal_value=-0.000444073 0.000279166 -0.000215142 -0.001745 0.00403411 -0.000373074 0.00158782 -0.000311133 -0.000797284 -0.00245888 -0.00727136 -0.00036659 -0.00275329 -0.000222266 -0.000329662 -0.00868952 -0.00228737 -0.00242853 -0.00229417 0.00224082 -0.00249241 -0.0047112 0.0013037 0.00156645 -0.00383046 -0.0073552 -0.00155481 0.0168957 -0.000205974 0.000190993 0.0108182 -0.000269361 0.000713283 -0.000594101 -0.00182187 -0.00540521 -0.000181026 -0.00085537 -0.00150768 0.00345641 0.00573761 0.00959758 9.65922e-05 -0.0077297 0.000310619 0.000809839 -0.0136819 0.0174802 0.0035719 -0.00810982 -0.00738698 0.00159737 0.0070354 -0.0140241 -0.0092919 0.00327052 9.15061e-05 -0.00413089 -0.00107431 -0.000259425 -0.0102461 0.00101698 0.00152098 0.00328067 -0.00217665 0.000344828 0.000221524 -0.00104225 -0.00234146 -0.00571159 0.00186913 0.00479048 0.00475641 0.00733229 -0.00210129 -0.00492464 -0.00542805 -0.00399456 0.000633561 0.0124882 0.0162885 -0.0101301 5.69647e-05 0.00488277 -0.000251632 -0.000177632 -0.000533748 0.00126607 0.00718543 -0.000475767 0.00295604 0.000749337 0.00777836 0.000340355 0.00168174 -0.00219908 -0.00922049 0.000146762 0.0050463 0.00067463 -0.00262183 0.00227129 0.00468909 -0.00188009 0.00197407 -0.00827396 -0.00673203 -0.00310325 0.000480424 -0.00343143 -0.0018353 -0.00175045 -0.00182707 -0.00242259 -0.000595176 -0.000214605 0.000915026 0.0107674 0.00040263 0.0027781 -0.00132299 -0.00215536 -0.0069122 -0.00281599 -0.00803922 0.0052152
internal_weight=213929 137494 99801 76435 3572 96229 37693 95388 32844 43591 1493 94685 5394 89291 86591 615 42098 41024 40234 1683 38551 5769 35072 32599 5277 841 442 206 25083 22077 270 85976 21354 64622 16264 3450 48358 12814 11133 1681 1327 902 17569 463 17106 14927 399 373 3785 2713 2583 452 334 492 2131 3418 1443 717 10539 8244 249 14602 12699 5391 1147 952 7308 5320 1903 1056 847 699 4244 2067 32782 2815 2740 2295 17736 1050 645 2013 21807 976 48071 47551 38145 9406 750 37981 2270 8656 471 8185 5357 2828 444 1477 157 4453 1452 3001 389 854 1017 1581 1372 2179 2217 819 29967 29683 29556 19921 9635 9163 6391 311 6080 2557 3523 3252 1003 2772 964 2725
internal_count=213929 137494 99801 76435 3572 96229 37693 95388 32844 43591 1493 94685 5394 89291 86591 615 42098 41024 40234 1683 38551 5769 35072 32599 5277 841 442 206 25083 22077 270 85976 21354 64622 16264 3450 48358 12814 11133 1681 1327 902 17569 463 17106 14927 399 373 3785 2713 2583 452 334 492 2131 3418 1443 717 10539 8244 249 14602 12699 5391 1147 952 7308 5320 1903 1056 847 699 4244 2067 32782 2815 2740 2295 17736 1050 645 2013 21807 976 48071 47551 38145 9406 750 37981 2270 8656 471 8185 5357 2828 444 1477 157 4453 1452 3001 389 854 1017 1581 1372 2179 2217 819 29967 29683 29556 19921 9635 9163 6391 311 6080 2557 3523 3252 1003 2772 964 2725
is_linear=0
shrinkage=0.05


Tree=46
num_leaves=127
num_cat=0
split_feature=9 26 26 26 9 9 17 9 26 9 9 26 26 23 35 9 18 9 17 28 17 31 26 17 16 26 35 19 4 17 17 28 0 9 0 19 0 17 19 2 17 26 9 26 26 18 9 4 7 28 31 32 25 9 28 17 26 0 14 29 9 28 25 30 7 9 34 9 29 28 14 30 17 8 11 35 28 26 8 16 9 17 0 30 16 11 9 19 17 11 29 35 0 23 17 4 35 35 11 9 31 31 9 15 35 0 9 32 17 35 0 18 19 17 0 4 8 8 29 8 23 16 19 17 17 17
split_gain=314.05 114.857 113.31 125.622 58.1594 47.4112 30.5837 31.6499 30.4511 44.7397 29.1391 26.6431 21.4161 20.4823 19.5753 19.5056 20.5141 19.078 18.04 17.7112 16.3038 16.2395 15.8174 15.7065 15.6367 14.7898 14.3299 14.314 14.4555 16.7176 20.834 18.2567 17.1247 15.4673 15.3801 17.222 14.3633 15.3277 15.0201 18.7676 15.4754 13.3659 14.0035 13.1238 12.8301 12.3301 11.4998 11.4253 11.2482 11.239 10.6204 14.6428 10.3875 10.3275 15.9041 13.1244 10.047 11.9231 16.5366 26.0005 13.701 11.5887 11.5347 12.29 9.89497 9.58389 9.50104 9.41064 9.35247 9.23999 9.61683 9.22977 11.1568 9.22389 9.21741 10.5506 9.21272 14.7259 13.3113 11.1267 9.14049 9.07651 8.9944 8.92973 8.90225 8.87886 8.75629 8.72928 8.72252 8.65936 9.46141 8.64036 14.562 18.1311 13.8025 12.7252 13.8088 17.2852 14.0145 12.4406 12.8933 11.7326 12.3259 9.78391 9.68136 13.7871 10.3619 8.92581 8.37107 8.26319 8.24622 8.16867 12.4549 16.1036 10.1475 9.27964 8.66604 8.39467 8.10513 8.89866 14.6678 8.06715 12.2814 12.73 11.9664 11.5578
threshold=6.526080110683238 261.50000000000006 22.500000000000004 303.50000000000006 6.2919674446116867 7.8688572590266093 43.500000000000007 3.4882108358713162 161.50000000000003 5.5188231444133669 4.7800036004768485 361.50000000000006 161.50000000000003 0.90439373713699056 0.067865116221365304 3.1975886473094337 1.5000000000000002 8.4640998867442594 5.5000000000000009 0.0019871376696760442 40.500000000000007 -0.0013955845801828946 308.50000000000006 26.500000000000004 2.5000000000000004 261.50000000000006 -0.16244361480700262 0.19859154929577469 -0.60785761079279388 8.5000000000000018 48.500000000000007 5.2099362455226593e-07 4.5000000000000009 7.1709977974850627 17.500000000000004 0.10566188197767147 16.500000000000004 29.500000000000004 0.066120218579234988 0.91597561503675362 27.500000000000004 61.500000000000007 7.0164023594358147 361.50000000000006 161.50000000000003 4.5000000000000009 2.9525637600956265 0.6078576107927941 1.0000000180025095e-35 0.34784503273328221 -0.00026891246646997951 -0.014943637358488903 31.500000000000004 6.104365765581476 3.6159413546166908e-07 28.500000000000004 412.50000000000006 6.5000000000000009 1.0000000180025095e-35 0.0040589368695157406 2.7910059376074821 0.0003961859193309354 100.50000000000001 0.02334374797358724 1.0000000180025095e-35 10.308179188010698 0.00175781415130649 3.8397218567063534 0.010021942588777625 0.00083975996860137275 1.0000000180025095e-35 4.8450728867449475e-09 7.5000000000000009 6.5000000000000009 1.5000000000000002 -0.036968538662521568 0.0025671662717329353 301.50000000000006 7.5000000000000009 9.5000000000000018 5.9290548116647663 5.5000000000000009 1.5000000000000002 -1.0000000180025095e-35 13.500000000000002 9.5000000000000018 5.9758915540911977 0.057417582417582429 37.500000000000007 3.5000000000000004 0.00051983030526521902 -0.0003495199353193941 11.500000000000002 1.9099901229209595 11.500000000000002 -0.60785761079279388 -0.0049146248848443855 -0.0082051163085386288 9.5000000000000018 5.2493401976304712 -0.001091827478137818 1.0000000180025095e-35 5.915894405440115 1.0000000180025095e-35 -0.027875018930076646 6.5000000000000009 4.7054490064092036 0.00013938181633000934 15.500000000000002 4.2148361067717691e-08 1.5000000000000002 1.0000000180025095e-35 0.11189358372456966 40.500000000000007 21.500000000000004 1.0000000180025095e-35 10.500000000000002 4.5000000000000009 -7.3129726684474916e-11 11.500000000000002 0.77628909290850145 5.5000000000000009 0.10840188014101058 36.500000000000007 23.500000000000004 66.500000000000014
decision_type=2 2 2 2 2 2 2 2 2 2 2 2 2 2 2 2 2 2 2 2 2 2 2 2 2 2 2 2 2 2 2 2 2 2 2 2 2 2 2 2 2 2 2 2 2 2 2 2 2 2 2 2 2 2 2 2 2 2 2 2 2 2 2 2 2 2 2 2 2 2 2 2 2 2 2 2 2 2 2 2 2 2 2 2 2 2 2 2 2 2 2 2 2 2 2 2 2 2 2 2 2 2 2 2 2 2 2 2 2 2 2 2 2 2 2 2 2 2 2 2 2 2 2 2 2 2
left_child=2 5 18 4 8 19 15 13 9 -4 25 17 -7 24 -9 16 21 84 -1 41 26 46 -16 -6 -8 67 -17 28 29 31 34 -13 68 -33 36 -36 38 -38 82 40 -40 48 44 53 -43 73 -5 -29 -2 64 69 -52 -22 91 55 81 57 58 59 60 110 -60 108 -64 -20 -14 -49 -10 -32 -30 -71 72 -53 -42 -27 -76 79 -78 -79 86 -11 -55 -31 -83 -3 -58 -12 -84 -45 90 -69 94 93 -93 95 99 97 -97 -98 -28 -101 103 -103 118 -96 -106 -107 -108 -59 -88 -23 117 113 -113 116 -115 -114 -73 -94 -120 -121 122 123 -19 -123 -125
right_child=1 11 3 6 23 12 7 14 10 80 76 27 65 -15 22 20 -18 121 49 -21 52 56 -24 -25 -26 74 43 47 50 30 32 33 -34 -35 35 -37 37 -39 39 -41 45 42 -44 88 -46 -47 -48 66 -50 -51 51 71 -54 54 -56 -57 85 62 61 -61 -62 -63 63 -65 -66 -67 -68 89 -70 70 -72 111 -74 -75 75 -77 77 78 -80 -81 -82 83 87 -85 -86 -87 109 -89 -90 -91 -92 92 101 -95 104 96 98 -99 -100 100 -102 102 -104 -105 105 106 107 -109 -110 -111 -112 112 114 115 -116 -117 -118 -119 119 120 -122 124 -124 125 -126 -127
leaf_value=-0.0068247462941125828 0.0181955054157612 0.00028115485036119795 -0.042487204476247854 0.0019783351632877409 -0.00056969426863785603 0.055291704110588959 0.018865260767116157 0.00024482469705992686 -0.02594750710721444 -0.018718782231705453 -0.0052445562353759627 0.0049280118702239072 0.015672915889779714 0.015230265559333723 -0.0035630559580675371 -0.0015773208025695461 0.0080144296899761405 0.0017086384378363481 0.01921848912917368 -0.00051183074459969127 0.0040602247189344487 -0.0014793198975543822 0.029923065772759955 -0.0061866348124751114 -0.0018747965841738757 -0.022197017360903154 -0.0011145364380277891 -0.0016108179847809712 0.0026834499074835289 0.0032918369534475269 -0.013367550640962293 0.0070830159602985974 0.0063181542873512759 -0.00038912395745525029 -0.022876908887195374 0.0001366680908728933 0.0060429118635976393 -0.031338412582046227 -0.0054778878210695455 -0.0002805700405288728 -0.0091606350407140921 0.013928430253295833 0.011144193531992178 -4.912976752765553e-05 0.00078603980757662351 -0.031424833350665086 -0.0162556520466615 -0.017246211440959502 -0.011011734618239436 -0.049826264142256549 0.015448747700043702 -0.013693282233606505 -0.0068258733583101069 0.010073594874437116 -0.000647815619680043 -0.0061525866524671973 -0.0011203008235471012 -0.0062496059605623849 -0.012224191669501153 -0.013823437510028151 -0.0080605887392320493 -0.00071876367553693832 -0.025459368018104452 0.013765486762842533 0.0037740526393305624 0.048896705901840379 0.014548479167141784 -0.012562872597085401 0.00155691067202696 -0.0041411611815462936 0.0022746780632649007 0.017408595150115544 0.0013297021341346425 0.0009655010051306264 -0.016804029379109277 -0.002897785056518996 -0.0018223803982556686 0.0074808556692108454 0.00013288011912521576 0.0074884064112973915 -0.012219541956103634 0.015384101680185265 -0.0012054526584210341 0.0019730987975850735 -0.036175550589291484 0.017300224874727928 -0.00053149076697671426 0.011650919470417583 0.0095666531955071882 -0.019631047107642113 0.0035080776251141346 -0.0012730652811978899 0.0059835501349351427 0.0090048539988276787 -0.0078788392658010447 -8.2904384257062981e-05 -0.01644571163617925 0.010339519441735815 0.00045547289323226431 -0.0030441741758091708 0.00630916483202825 -0.0077252902907223855 0.0043502337392970405 -0.0073628039524172711 -0.010587711655815178 0.0088638702344316367 0.0016285666390600643 -0.0075995564381719019 0.026765753429968051 -0.0036276940401627393 0.0077430456969472929 -0.0002359382822104534 -0.0044164710458264806 0.035958885487032431 0.0057075771209682373 0.006008231023620466 0.0086945668314468202 -0.0019595477759932942 -0.002816206360975509 0.0038146838143365519 -0.018696380425491509 -0.015513600789597962 0.014189944841580019 0.013186238989543223 0.0025580352553074845 -0.00018175204870689022
leaf_weight=5792 2624 16224 1351 229 10237 614 85 3517 661 3270 12610 211 4880 300 40 599 477 2571 10501 2868 142 43 148 1667 140 131 421 562 336 177 180 74 936 802 328 172 172 81 1731 1362 219 11849 10648 23933 4840 233 38 187 1769 129 122 119 731 98 2527 112 403 1091 336 276 263 228 892 40 6347 192 22 449 115 968 183 52 2739 571 180 1962 2474 139 249 334 8724 59 1497 631 99 63 3153 131 218 2123 382 9362 106 103 740 1165 394 245 414 77 635 1741 129 217 392 272 641 391 28 1207 415 438 669 193 152 216 159 2091 2572 363 79 148 1053 1011 1300 406
leaf_count=5792 2624 16224 1351 229 10237 614 85 3517 661 3270 12610 211 4880 300 40 599 477 2571 10501 2868 142 43 148 1667 140 131 421 562 336 177 180 74 936 802 328 172 172 81 1731 1362 219 11849 10648 23933 4840 233 38 187 1769 129 122 119 731 98 2527 112 403 1091 336 276 263 228 892 40 6347 192 22 449 115 968 183 52 2739 571 180 1962 2474 139 249 334 8724 59 1497 631 99 63 3153 131 218 2123 382 9362 106 103 740 1165 394 245 414 77 635 1741 129 217 392 272 641 391 28 1207 415 438 669 193 152 216 159 2091 2572 363 79 148 1053 1011 1300 406
internal_value=-0.000434725 0.00201215 -0.00193453 -0.00259982 -0.00440609 0.00390826 -0.00101719 0.00307556 -0.00533137 -0.00727434 -0.00433497 0.000149451 0.00813829 0.0145047 0.00143868 -0.00133608 -0.00437021 0.00128764 0.00127547 0.00321201 -0.00104016 -0.00545115 0.016943 -0.00134268 0.00298913 -0.00742915 -0.000918155 -0.00127712 -0.000980985 -0.00237524 -0.00317478 0.0034272 0.00279329 0.000215665 -0.00427684 -0.0126733 -0.00358715 0.00797481 -0.0040875 -0.00575346 -0.00812432 0.00355207 0.00396341 -0.000821832 0.00305784 -0.00322714 0.00640625 -0.00792204 0.000990792 0.00209737 0.000505509 0.00132638 -0.00779328 -0.00165271 0.00088651 0.00657459 -0.00623439 -0.00712469 -0.00381386 6.73659e-05 0.00506543 -0.0106151 -0.00962913 -0.0137353 0.00221148 0.00705732 -0.0177687 -0.00941644 -0.007625 -0.00332272 -0.00544766 0.00101273 0.00317674 -0.000220125 -0.00425483 -0.00344434 -0.00342992 -0.000800488 0.00819338 -0.00386446 -0.00629761 0.00885246 -0.000283149 0.00672662 0.000375582 0.00066879 -0.00404271 -0.00145744 1.0409e-07 -0.00818351 -0.00382476 -0.00207816 -0.00272331 -0.00155359 -0.000441557 0.0016396 -0.000564552 0.0024205 -0.00575646 0.00593805 0.00994421 -0.00484603 -0.00801333 -0.00306179 -0.00330192 -0.00121105 0.00126814 -0.00103182 -0.00616326 -0.00210767 0.0102484 -0.000547169 0.00190639 0.00632923 -0.00192893 0.0133998 -0.00411765 -0.0026385 -0.002336 -0.00282047 0.00370246 0.00357984 0.00452388 0.00324818 0.000289058 0.00704466
internal_weight=213929 81296 132633 109864 51303 40284 58561 4230 39399 13345 26054 41012 5686 525 3705 54331 4822 22812 22769 34598 49509 4345 188 11904 225 5888 48636 18200 17429 8992 7905 1087 1231 876 6674 500 6174 253 5921 4116 2754 31730 27337 48037 16689 1023 267 771 4393 16977 8437 6950 873 23886 3427 900 4078 3612 1561 997 721 564 2051 932 16848 5072 209 3615 295 1487 1151 6828 2858 790 2273 2142 20166 2862 388 17304 11994 788 1805 690 16323 466 16970 1628 24151 2954 831 20459 14672 9465 5787 3351 2218 1410 808 1133 712 5207 1870 3337 2436 1696 1304 1032 1119 4360 458 3970 1827 847 980 409 828 2143 3120 3014 442 6489 5041 3988 1448 1417
internal_count=213929 81296 132633 109864 51303 40284 58561 4230 39399 13345 26054 41012 5686 525 3705 54331 4822 22812 22769 34598 49509 4345 188 11904 225 5888 48636 18200 17429 8992 7905 1087 1231 876 6674 500 6174 253 5921 4116 2754 31730 27337 48037 16689 1023 267 771 4393 16977 8437 6950 873 23886 3427 900 4078 3612 1561 997 721 564 2051 932 16848 5072 209 3615 295 1487 1151 6828 2858 790 2273 2142 20166 2862 388 17304 11994 788 1805 690 16323 466 16970 1628 24151 2954 831 20459 14672 9465 5787 3351 2218 1410 808 1133 712 5207 1870 3337 2436 1696 1304 1032 1119 4360 458 3970 1827 847 980 409 828 2143 3120 3014 442 6489 5041 3988 1448 1417
is_linear=0
shrinkage=0.05


Tree=47
num_leaves=127
num_cat=0
split_feature=9 10 10 10 9 9 9 10 10 10 10 10 17 9 35 17 17 9 35 9 9 9 28 17 9 19 1 20 16 20 33 30 16 9 8 15 4 9 29 8 7 35 33 2 33 35 1 28 20 17 28 19 28 9 7 9 10 9 9 17 4 19 19 9 9 30 31 9 9 28 2 30 33 10 25 19 31 9 2 9 8 35 23 31 9 25 9 4 7 20 9 23 19 30 17 2 16 31 20 29 33 9 30 17 2 28 17 19 34 17 20 9 5 31 20 25 20 1 19 31 9 8 20 31 35 33
split_gain=279.917 104.561 101.869 114.725 73.7768 40.8615 28.8739 36.8062 28.1862 26.1289 25.7456 21.0717 19.8244 30.0105 24.1144 18.5839 17.593 16.7551 18.2601 16.4081 16.2239 16.1535 15.909 15.8461 14.3443 13.8027 13.6126 17.0195 25.6846 20.6726 17.4339 14.6537 18.153 14.0499 13.5374 17.331 17.9869 14.6982 31.4362 40.8621 15.9591 13.1431 12.7079 16.0976 23.5685 14.8379 12.5338 20.1634 20.9611 23.0807 17.2612 15.4905 19.7466 14.0443 12.3935 12.3281 12.2349 12.7318 11.6808 26.3514 11.6786 11.3426 18.1872 13.8034 22.825 12.0795 15.4487 13.5612 13.3936 12.9895 12.2829 14.0207 11.4042 11.2456 11.1661 10.9429 11.0209 10.9079 11.9325 11.6046 10.8805 10.5134 10.4032 10.2552 10.0081 9.99761 9.90374 9.85574 9.73418 9.66996 9.65737 11.1409 9.61113 9.55899 9.24333 9.21805 9.10776 8.98162 11.0556 8.90412 8.85647 13.1181 9.09012 10.7163 9.87347 8.71166 8.69482 8.6306 8.44421 18.846 12.5234 12.4936 12.339 10.7905 12.8429 15.5394 11.0389 13.936 13.2809 15.2973 10.429 13.8699 19.1869 15.2294 14.2515 11.9928
threshold=6.5374542106201234 2.5000000000000004 1.0000000180025095e-35 2.5000000000000004 6.2218855183803212 7.8688572590266093 5.3076979500471628 1.5000000000000002 3.5000000000000004 1.5000000000000002 3.5000000000000004 1.5000000000000002 42.500000000000007 3.4882108358713162 0.10591800687982299 18.500000000000004 14.500000000000002 3.8397218567063534 -0.13654818945144795 2.4702248768463457 6.4128760218017353 8.4640998867442594 0.0019871376696760442 40.500000000000007 4.0137166991158617 0.19859154929577469 4.5000000000000009 0.93700396825396837 4.5000000000000009 0.83803656597774256 -0.054636219268914668 1.0000000180025095e-35 6.5000000000000009 8.3040123642267609 9.5000000000000018 1.0000000180025095e-35 0.87837969732492682 5.6270131190196739 8.7609080900119998e-05 11.500000000000002 1.0000000180025095e-35 -0.0003495199353193941 -0.00018511875086762772 0.60355339059327384 -0.16006091799829295 0.028332945128515769 3.5000000000000004 0.0031887887393573125 0.97530487804878063 8.5000000000000018 7.919688937239171e-05 0.094044811320754734 3.9530674102132758e-08 6.2461605203239436 1.0000000180025095e-35 5.7511212155106497 1.0000000180025095e-35 7.0164023594358147 5.9888286014934353 31.500000000000004 0.6078576107927941 0.29478609625668456 0.2302494802494803 4.338619706235276 3.3247595522736924 0.0053037397807570883 -0.0030717798738463782 5.2874200653328689 4.5070784591530524 0.00092345542291409784 0.91597561503675362 0.0042102547326728105 0.0075259885583722928 1.5000000000000002 104.50000000000001 0.064172958133150312 0.91043797189931219 4.956640216904062 -1.0000000180025095e-35 5.6590297065986439 7.5000000000000009 5.2818732966463723e-05 0.66703042864369799 0.0018785262022317426 10.308179188010698 25.500000000000004 6.8658811164318214 -0.8783796973249266 1.0000000180025095e-35 0.89927536231884064 6.7147399005788948 1.1469726343312499 0.16428133306072382 -0.089270569024465118 21.500000000000004 0.98296291314453421 2.5000000000000004 -0.00026891246646997951 0.8239268680445152 0.0087150326936057416 0.34386776301103378 6.8255492842682601 4.8450728867449475e-09 11.500000000000002 0.25881904510252091 0.0016362443438573508 7.5000000000000009 0.072949002217294903 -5.6954209148808633e-08 66.500000000000014 0.75171232876712335 6.1187624034332968 -0.56174490092936669 -4.7109554541361147e-05 0.50581395348837221 100.50000000000001 0.9213106295149639 4.5000000000000009 0.20864427860696519 -0.00029665392168458723 4.3670047918406736 8.5000000000000018 0.91967741935483882 4.5018390353366941e-05 0.0039830662271718885 -0.031772392942251614
decision_type=2 2 2 2 2 2 2 2 2 2 2 2 2 2 2 2 2 2 2 2 2 2 2 2 2 2 2 2 2 2 2 2 2 2 2 2 2 2 2 2 2 2 2 2 2 2 2 2 2 2 2 2 2 2 2 2 2 2 2 2 2 2 2 2 2 2 2 2 2 2 2 2 2 2 2 2 2 2 2 2 2 2 2 2 2 2 2 2 2 2 2 2 2 2 2 2 2 2 2 2 2 2 2 2 2 2 2 2 2 2 2 2 2 2 2 2 2 2 2 2 2 2 2 2 2 2
left_child=2 5 16 4 6 22 9 55 17 -4 21 -7 23 19 41 20 54 -5 -19 96 -6 -3 56 34 -11 26 97 28 29 86 33 32 82 -29 35 46 -37 61 39 40 89 87 43 44 -31 -45 58 48 51 77 -51 52 94 -49 -1 -8 88 73 59 -10 -27 62 65 64 -64 70 -67 68 69 -68 71 72 -36 -58 -72 76 -40 78 -50 -79 -44 -65 -30 -25 -13 -53 92 -15 -2 -39 -33 -92 -28 -20 -48 -80 -14 98 -12 -60 102 -102 103 104 -99 -77 -63 -88 110 111 112 113 -95 116 115 -115 118 -118 119 -110 -112 122 125 -124 -125 -122
right_child=1 10 3 8 15 11 7 -9 12 24 25 84 13 14 -16 -17 -18 18 93 -21 -22 -23 -24 83 -26 60 27 30 31 42 -32 90 -34 -35 37 36 -38 38 75 -41 -42 -43 80 45 -46 -47 47 53 49 50 -52 85 -54 -55 -56 -57 57 -59 99 -61 -62 106 63 81 -66 66 67 -69 -70 -71 74 -73 -74 -75 -76 105 -78 79 95 -81 -82 -83 -84 -85 -86 -87 107 -89 -90 -91 91 -93 -94 108 -96 -97 -98 100 -100 -101 101 -103 -104 -105 -106 -107 -108 -109 109 -111 120 -113 -114 114 -116 -117 117 -119 -120 -121 121 -123 123 124 -126 -127
leaf_value=0.0087847653559172453 0.01728573014497314 0.00022617423332248581 -0.053421948925557995 -0.0065350935359975819 -0.0024199675467641061 0.052527118905059511 -0.021838451336972212 -0.0027932982353272764 0.00029021009195217661 -0.023884186621376598 -0.010931956429817858 0.014889270095290728 0.052234276097726941 0.0072808144166160195 0.024203229014168728 -0.0044430388173788511 0.020106027612459353 -0.0049850914687291064 0.0014963880036823417 0.012665152108106393 0.0022027842318375051 0.0048584365131939984 -0.00046223746264496303 -0.05194976100640343 -0.010855220666860343 -0.0014529186965721932 -0.0019384214123683589 -0.006390368170742464 0.012307753499257067 0.0041601271194470378 0.00096032165451736477 0.0091097178866229485 -0.012204281350383948 -0.00010775745528192423 8.7293618162579344e-05 0.0081393887190746982 -0.023292008211769806 -0.0067831599761755991 -0.0010622090669037381 -0.00041329766273018591 0.0013302310602415798 -0.00066312951028825614 0.0043565742011922488 -0.00020111615375598558 -0.010960560880545468 0.01001813168446726 0.00099879526977025433 0.00094466943631942631 0.016483953585640764 -0.020693234789446072 -0.0017885815900320638 -0.013478835124197281 -0.0012214893335349222 -0.0060426731546789339 -0.009429023724591824 -0.013284381267047382 0.01443019578079697 0.010586983855392567 -0.0049417626142751253 0.028490967303464683 -0.015484833492746312 -2.8089637127048214e-05 0.0033195266281276421 -0.0012047801777469815 0.016972838756665484 -0.010785216347516158 0.00033210487536293747 -0.004683236429667996 0.0076425931287593916 0.023933848894262751 -0.00071236390904353699 -0.0064936186380705604 -0.016082675246224473 0.00076183672943564654 -0.0073779923153161273 0.0010010795105330815 0.030211508573576906 0.0011756970147414644 -0.0084635476572259456 -0.0056723149866862548 -0.008275845292526899 0.0062875603349438446 -0.0030102539127932707 0.0019685959132545168 0.046451870606748352 -0.0010335451371223734 0.023702736358378933 0.00046522979884656989 -0.010461147887327464 0.02626897089887259 -0.0010734280998529735 0.0037819762412815983 0.0054017812245703159 -0.0043780866194916409 0.032028207167582499 0.0038654639369098522 -0.0014397671207220159 -0.029743021545735326 -0.00024670561546030599 0.0018035812970641524 -0.00055237893671808631 0.015811386427617147 -0.00034324839581584033 0.0016193734261078863 5.3482797970775754e-05 0.017626273416176712 -0.01032847491897723 -0.0012889348881790384 0.00089280303714841928 0.03558628074457653 0.0020105485162860014 0.00082458880709608074 0.0034177779700463604 0.003557573366607115 -0.0020798237316410634 -0.0098468687452223317 -0.006175013540577228 0.001813112162895711 -0.0019051903687974361 0.015982871570600032 0.0078761871822733542 -0.0037705176127555899 0.0040408146653975957 0.0032060386115286528 -0.0070305092049721659 -0.0061589025416714464
leaf_weight=9950 2624 16192 679 5737 6597 614 2043 11072 4739 969 344 4880 31 255 105 3940 6629 418 822 356 4260 6489 2828 235 6541 560 76 175 67 76 2663 50 250 238 6302 193 63 25 1225 375 93 1785 62 295 453 64 213 913 40 672 449 191 494 101 6750 7851 11465 10648 648 107 209 177 325 261 190 141 1015 182 413 87 509 278 167 4751 446 837 47 701 839 256 1535 239 460 68 192 2052 46 412 1769 433 452 864 127 272 130 99 130 120 1132 256 82 99 3891 2389 316 126 230 993 317 71 553 3766 653 460 15180 65 463 433 221 320 82 3647 566 292 208 906
leaf_count=9950 2624 16192 679 5737 6597 614 2043 11072 4739 969 344 4880 31 255 105 3940 6629 418 822 356 4260 6489 2828 235 6541 560 76 175 67 76 2663 50 250 238 6302 193 63 25 1225 375 93 1785 62 295 453 64 213 913 40 672 449 191 494 101 6750 7851 11465 10648 648 107 209 177 325 261 190 141 1015 182 413 87 509 278 167 4751 446 837 47 701 839 256 1535 239 460 68 192 2052 46 412 1769 433 452 864 127 272 130 99 130 120 1132 256 82 99 3891 2389 316 126 230 993 317 71 553 3766 653 460 15180 65 463 433 221 320 82 3647 566 292 208 906
internal_value=-0.000427947 0.00189956 -0.00183331 -0.00246945 -0.00444912 0.00372341 -0.00590835 -0.00492275 -0.00115303 -0.0084272 0.000120114 0.00764628 -4.27247e-05 0.00376259 0.00152908 -0.00157293 0.00116772 -0.00211298 -0.00163484 0.0146887 -0.000504741 0.00124207 0.00306798 -0.00046743 -0.0075682 -0.00128668 -0.000994429 -0.00235002 -0.00392766 -0.00643288 0.000662123 0.000434125 -0.00502877 -0.00883373 -0.000340034 -0.00149381 0.0112644 0.000734889 0.00373579 0.0114554 0.0200585 0.000500611 -0.00906124 -0.00423292 -0.00974251 0.00390797 -0.00175126 -0.00314815 -0.00422732 -0.00715779 -0.012853 -0.0013128 0.00447447 0.00337095 0.000302305 -0.0071386 0.00339286 0.00379285 -1.30316e-05 0.000961658 -0.00781977 -0.000131758 0.000185843 0.00653186 0.0122356 -0.000492404 0.00314433 0.00447562 0.00602796 0.00312105 -0.00136175 -0.000608338 -0.00013168 0.00290919 -0.00665365 0.000518974 -0.00252153 -0.00383376 -0.00753306 -3.37832e-05 -0.0117244 0.00059406 0.000267858 -0.0117451 0.00657475 -0.00347753 -0.00115878 0.00646205 0.000945317 0.0238553 0.00354851 0.00267979 0.0088101 -0.00148565 0.0135991 -0.00870095 0.00137048 0.000454465 -0.003079 -0.00521452 0.00121233 0.0119758 0.000913555 0.00306979 -0.00410431 0.00452738 -0.00827063 -0.00313937 -0.00163931 -0.00113891 -0.00312187 -0.00122763 0.00229839 -0.00179097 -0.0022064 0.00544811 0.00192439 -0.00195338 0.00596176 0.0096067 -0.00392475 -0.00456055 -0.00127003 0.00337535 -0.0029703 -0.00627392
internal_weight=213929 80540 133389 110060 43952 39771 29155 20966 66108 8189 40769 5686 30656 3074 2557 14797 23329 35452 29715 517 10857 22681 34085 27582 7510 18088 17319 8946 5870 3727 3076 2143 777 413 27279 13156 256 14123 3161 926 551 2452 2485 888 529 359 12900 7150 6136 3056 1121 3080 837 1014 16700 9894 31257 26864 5750 4846 769 10962 10555 1015 515 9540 1838 1697 1515 1102 7702 6747 6469 16216 955 2235 1272 1935 978 957 1597 500 527 303 5072 2243 1242 667 4393 458 1366 1316 203 29297 343 938 161 8373 1476 904 6897 181 6716 2825 436 963 407 1039 28475 21296 7179 21225 925 17459 15705 525 1754 896 858 637 6254 5701 2054 1066 500 988
internal_count=213929 80540 133389 110060 43952 39771 29155 20966 66108 8189 40769 5686 30656 3074 2557 14797 23329 35452 29715 517 10857 22681 34085 27582 7510 18088 17319 8946 5870 3727 3076 2143 777 413 27279 13156 256 14123 3161 926 551 2452 2485 888 529 359 12900 7150 6136 3056 1121 3080 837 1014 16700 9894 31257 26864 5750 4846 769 10962 10555 1015 515 9540 1838 1697 1515 1102 7702 6747 6469 16216 955 2235 1272 1935 978 957 1597 500 527 303 5072 2243 1242 667 4393 458 1366 1316 203 29297 343 938 161 8373 1476 904 6897 181 6716 2825 436 963 407 1039 28475 21296 7179 21225 925 17459 15705 525 1754 896 858 637 6254 5701 2054 1066 500 988
is_linear=0
shrinkage=0.05


Tree=48
num_leaves=127
num_cat=0
split_feature=30 23 18 26 33 20 21 20 24 19 24 25 26 32 24 26 29 32 23 30 1 35 19 20 2 19 24 19 18 20 5 18 7 26 32 35 7 16 16 19 26 0 19 32 30 18 30 10 19 0 11 24 25 26 2 33 5 26 29 2 5 20 0 35 32 26 26 35 32 29 19 19 24 33 18 26 3 29 16 26 26 29 26 19 25 35 18 10 7 30 35 2 26 16 23 26 0 32 32 2 3 2 35 4 29 0 20 5 0 0 25 2 29 20 16 19 4 30 24 29 26 35 33 26 0 35
split_gain=35.579 18.4078 18.7824 16.0468 15.7641 14.8444 15.7292 16.6511 15.0015 23.2141 22.2243 21.2975 20.5249 18.7141 30.1225 28.6327 17.7764 16.1847 15.1879 16.1721 13.4459 13.3048 12.5109 12.5057 12.301 12.1606 12.1527 11.8524 11.8448 14.7135 13.5912 24.3686 18.6352 17.5497 12.2967 11.907 12.4507 23.7488 17.0962 14.9535 14.5295 23.0624 21.2681 12.7876 11.9605 11.7619 11.6488 22.1132 11.4518 11.444 11.3671 11.2008 12.7775 16.6154 13.7665 11.1191 10.8737 10.8444 10.4783 14.4566 10.4183 10.1732 14.6455 10.133 14.0349 10.1609 11.5509 17.735 10.4942 9.98727 9.87979 11.2531 9.56281 16.0224 14.2603 13.1622 14.8978 11.9976 9.50655 10.0935 9.34494 9.27492 9.23669 9.11274 9.28218 13.0642 17.3868 9.16962 9.06824 9.03887 8.96438 10.3165 16.7118 16.9473 15.4436 13.3072 18.0768 9.82147 12.4309 16.1146 9.4077 8.93326 10.6604 10.5365 11.9365 8.92783 8.87775 8.75077 16.2288 10.4294 8.68246 9.99277 8.97387 8.84415 10.767 9.66593 12.8073 12.0844 8.67985 8.90724 8.61626 13.1406 8.59717 8.51341 9.24936 8.58779
threshold=0.0050335286168901117 1.2893730126283935 6.5000000000000009 17.500000000000004 0.0019563472747826747 0.53033088235294124 0.78869047619047628 0.97530487804878063 312.50000000000006 0.062996031746031758 201.50000000000003 35.500000000000007 309.50000000000006 -0.00018877154971434396 302.50000000000006 310.50000000000006 3.724867074403868e-05 -1.0000000180025095e-35 1.7621612383373948 -1.0000000180025095e-35 1.5000000000000002 0.015687083441278431 0.13221420643729193 0.58434959349593507 0.91597561503675362 0.085960591133004943 1003.5000000000001 0.064866760168302964 4.5000000000000009 0.88388945062352564 -0.56174490092936669 1.5000000000000002 1.0000000180025095e-35 417.50000000000006 0.00013938181633000934 0.00084289455023478651 1.0000000180025095e-35 14.500000000000002 3.5000000000000004 0.1283882783882784 404.50000000000006 15.500000000000002 0.19859154929577469 -0.016951733111216599 -0.0013477527033937387 5.5000000000000009 -0.00079578234655141612 2.5000000000000004 0.13221420643729193 4.5000000000000009 5.5000000000000009 102.50000000000001 15.500000000000002 409.50000000000006 -0.78656609248549303 0.001188446663734042 1.0000000180025095e-35 418.50000000000006 0.0066867257971720186 -0.91597561503675329 -0.22252093395631442 0.86132478632478648 17.500000000000004 -0.004508636418922316 0.00070076632176186186 408.50000000000006 320.50000000000006 1.2077124536020805e-05 0.00040180849791493094 0.10037697504106845 0.077524038461538478 0.11922530206112296 303.50000000000006 -1.6560061844522452e-09 2.5000000000000004 213.50000000000003 -0.37940952255126015 2.8682416360007436e-05 1.5000000000000002 408.50000000000006 222.50000000000003 0.0031853285763600646 417.50000000000006 0.13079116179615113 55.500000000000007 0.028332945128515769 1.0000000180025095e-35 2.5000000000000004 1.0000000180025095e-35 0.001056758984504485 1.0000000180025095e-35 0.91597561503675362 405.50000000000006 3.5000000000000004 0.77628909290850145 400.50000000000006 7.5000000000000009 -0.007158092906160666 -0.0029792103749301797 0.98296291314453421 -0.70710678118654757 -0.37940952255126059 0.013069356630858094 0.6078576107927941 0.0061625144733393833 6.5000000000000009 0.86240703177822864 1.0000000180025095e-35 11.500000000000002 15.500000000000002 15.500000000000002 0.12940952255126045 0.18189664463036739 0.78817016317016331 1.5000000000000002 0.082079496968335955 -0.8783796973249266 0.28017914520977083 1006.5000000000001 0.00067723108969148388 407.50000000000006 0.21508431036020317 -0.0019160164740136853 310.50000000000006 11.500000000000002 0.002070293176128773
decision_type=2 2 2 2 2 2 2 2 2 2 2 2 2 2 2 2 2 2 2 2 2 2 2 2 2 2 2 2 2 2 2 2 2 2 2 2 2 2 2 2 2 2 2 2 2 2 2 2 2 2 2 2 2 2 2 2 2 2 2 2 2 2 2 2 2 2 2 2 2 2 2 2 2 2 2 2 2 2 2 2 2 2 2 2 2 2 2 2 2 2 2 2 2 2 2 2 2 2 2 2 2 2 2 2 2 2 2 2 2 2 2 2 2 2 2 2 2 2 2 2 2 2 2 2 2 2
left_child=4 2 3 -2 5 -1 7 8 9 17 -11 13 -13 14 15 -12 24 21 19 23 -16 46 26 -15 -14 -17 50 -21 29 35 31 82 -33 55 -35 36 37 39 44 -10 -40 42 118 -41 -38 56 47 -7 -4 106 70 88 53 -53 -55 90 -6 72 59 -5 61 62 -43 64 -54 66 -65 -68 101 78 -3 -72 73 77 75 -75 -77 -29 79 80 -45 -51 -31 -37 -85 -86 87 -87 -9 -66 91 94 -93 -94 100 -96 -97 -92 99 -99 -32 -69 103 104 -103 -26 -22 109 -109 -67 111 -60 113 -112 -115 116 -116 120 -42 -120 121 -118 -20 -83 -125 -126
right_child=1 22 48 58 45 6 -8 51 28 10 11 12 16 18 20 25 -18 -19 122 27 49 -23 -24 -25 105 -27 -28 57 -30 30 33 32 -34 34 -36 83 38 -39 40 43 41 60 -44 69 -46 -47 -48 -49 -50 81 -52 52 63 54 -56 -57 -58 -59 110 -61 -62 -63 -64 65 89 107 67 68 -70 -71 71 -73 -74 74 -76 76 -78 -79 -80 -81 -82 123 -84 84 85 86 -88 -89 -90 -91 97 92 93 -95 95 96 -98 98 -100 -101 -102 102 -104 -105 -106 -107 -108 108 -110 -111 112 -113 -114 114 115 -117 117 -119 119 -121 -122 -123 -124 124 125 -127
leaf_value=-0.0052586733019198287 0.014435574981240257 0.00066798784734015734 -0.011391227360626872 -0.023894154599168164 0.0013179528611191192 0.0020810134230542054 -0.010069550031159891 -0.016811481535198382 0.0019028742135736077 -0.0036007089369619427 -0.0015650495728160919 -0.00038916645200449685 -0.0097451985848450995 0.014877273191247143 -0.013220422551566302 0.0036255910367220564 0.00043903027858252822 0.0015064551945453402 0.01716295035699468 -0.0037755116275831509 -0.015192540928869068 -0.00066395814299618778 0.0022811900241585161 -0.0032856586965329076 -0.0084470384060363665 -0.010243160396065204 0.0016569692061466118 -0.0093616111255787251 0.0023162079718690456 0.00067788837673863527 0.0020571297013647501 0.038841265193165407 -0.0054348396712011861 0.00088621572130592068 -0.030354249108900905 -0.0065187315625184128 0.00065116429657002296 -0.029755054752962747 -0.0014883975375468571 0.0043072142426490252 0.005798329127152101 0.0065282992617856535 0.0088737679933833698 -0.0041501391413148797 -0.004764260156163682 0.039832310271838242 0.0056908522947584717 0.026931932056704289 0.0051819804413990077 -0.11583377283987079 0.024582817277459545 0.0011000782856760301 0.0045926575915605818 -0.0069391456858918206 0.035103058221678106 -0.050233002148225306 -0.0020865462964726718 -0.0057614625614656918 -0.018196541559504353 0.0023612243136741998 -0.0067423375595696729 -0.0027401057840244769 -0.0051724155194897356 -0.0017166174692348178 -0.0024172607699211005 -0.0023198114284378644 0.0015443022270749903 0.0077737410675861127 0.00070436063725136399 -0.0072296974678695393 0.016508131516683188 -6.1312841342560221e-05 -4.5560396336359054e-05 0.0048176780713043389 -0.0015265788466146638 0.0019722173000773172 0.0078205840292869585 0.0011673214075571304 -0.00016970767343390449 0.0020072751379441841 -0.0056006873437311044 -0.0027153192413841339 0.02437068838792493 -0.0037975078026492638 0.00044885138603265691 -0.016145982430985775 0.014888234823809755 -0.015844984656028457 0.0013017283924054626 -0.008879567477093531 0.00095256535372764944 -0.0003327466453447217 -0.010733106557264428 0.020750909972820475 0.0038100101984000255 0.011524323393742909 0.0015379090996083923 -0.016263305355566086 -0.0027283503758400887 0.0043298672544664898 -0.00089483598622359418 -0.0024269622344037555 -7.0756365377808872e-05 0.00084796572040403038 -0.015723326063882753 0.014998941120915047 0.0088788088786860651 -0.0052066215200084693 0.00092378511945129531 -0.0057435832996297759 -0.001648010060814235 8.7826755715089691e-05 -0.0050136345944915136 -0.00040601026635995926 -0.00045946582587268214 0.00038257792639030631 0.006563821641747525 0.025113864755166571 -0.0031012416442224096 0.0070369658067924003 -0.0015613056643441175 0.019104197593007494 0.0071214494254428912 0.015704177246691837 0.0088663080551205139 -0.00031160219944274706
leaf_weight=3785 7992 497 525 381 5128 213 1407 305 4927 3311 1043 1631 665 81 151 61 316 5163 149 528 23 405 4650 1603 102 850 1067 422 2251 5405 1597 330 89 76 160 2432 640 214 3492 195 164 94 470 1982 7944 80 936 400 87 35 360 1036 357 37 127 145 1734 331 283 8607 188 51 103 30879 706 2102 3212 146 429 311 728 257 4808 2936 714 1414 1881 4099 10335 485 1025 256 213 1394 3138 183 83 206 148 907 1456 1544 361 38 882 212 169 475 3734 98 3464 604 898 182 291 31 116 573 1082 937 5712 267 1174 15249 1027 5978 1682 215 391 85 381 141 1226 174 49 223
leaf_count=3785 7992 497 525 381 5128 213 1407 305 4927 3311 1043 1631 665 81 151 61 316 5163 149 528 23 405 4650 1603 102 850 1067 422 2251 5405 1597 330 89 76 160 2432 640 214 3492 195 164 94 470 1982 7944 80 936 400 87 35 360 1036 357 37 127 145 1734 331 283 8607 188 51 103 30879 706 2102 3212 146 429 311 728 257 4808 2936 714 1414 1881 4099 10335 485 1025 256 213 1394 3138 183 83 206 148 907 1456 1544 361 38 882 212 169 475 3734 98 3464 604 898 182 291 31 116 573 1082 937 5712 267 1174 15249 1027 5978 1682 215 391 85 381 141 1226 174 49 223
internal_value=-0.000426545 0.000640008 0.000290257 0.000399184 -0.00081636 -0.000924368 -0.000844107 -0.000792773 -0.000432131 0.000377294 -0.000246373 0.000246693 -0.00391364 0.00074025 -0.00295462 -0.00659265 -0.00912869 0.00293703 0.00128633 0.000914755 0.0039656 0.00680705 0.00293793 -0.0037537 -0.0130822 -0.0130431 0.00550704 0.00137458 -0.000897392 -0.00102894 6.45388e-05 0.0020552 0.0136144 -0.000769804 -0.0141494 -0.00158053 -0.00117398 -0.000362698 -0.00233323 -0.000176485 -2.08203e-05 0.00400709 0.00782511 -0.000993339 -0.0036896 0.00151216 0.00891088 0.0142516 -0.00837925 0.00634506 0.00796156 -0.00159142 -0.00151118 0.00356847 0.0181065 -0.000542136 0.00128222 0.00160972 4.26366e-07 0.00150895 -0.00569161 0.00106719 0.00627475 -0.00165233 -0.0051519 -0.00148494 -0.00120402 0.000850529 -0.00226027 -0.00117054 0.00598857 0.00887626 0.0017928 0.00257737 0.00408453 0.00485127 0.00701894 0.000260164 -0.00096931 -0.00322276 -0.00430196 0.00379717 0.00118175 -0.00338798 -0.0021641 -0.000822959 -0.00853249 -0.0129505 -0.00937227 -0.00713381 -0.000397221 0.000657943 -0.00252438 -0.011578 0.00163691 0.00657137 0.0143199 -0.00191011 -0.00310935 -0.00993512 0.000400218 -0.00370296 -0.00458965 -0.00793207 -0.0101528 0.000778986 0.0192535 -0.00367419 -0.000745481 -0.00526528 -0.000422012 -0.00662162 -0.000312935 -0.00014684 0.000263697 0.0015919 0.00369893 0.00568173 0.00186047 -0.00158004 0.0045541 0.00598058 0.00634964 0.00509901 0.00923503 0.0033574
internal_weight=213929 57260 49701 49089 156669 149727 145942 144535 99577 36346 29229 25918 2745 23173 2981 1954 1114 7117 20192 18817 1027 1954 7559 1684 798 911 2909 17133 63231 60980 20448 6037 419 14411 236 40532 33096 19474 13622 19260 5038 1546 1110 14333 8584 6942 1549 613 612 876 1842 44958 44505 1200 164 14175 6862 16605 41097 8988 436 248 197 43305 1970 41335 36641 5762 2550 14138 1482 985 16274 11466 6945 6231 3295 4521 13827 3492 3007 737 5618 7436 5004 3610 472 389 453 1613 14030 8267 1943 399 6324 1263 381 5763 4307 573 5061 2121 1975 1077 895 133 139 4694 1655 3039 32109 550 31559 30385 24673 9424 3446 2419 640 476 2204 1823 1375 702 446 272
internal_count=213929 57260 49701 49089 156669 149727 145942 144535 99577 36346 29229 25918 2745 23173 2981 1954 1114 7117 20192 18817 1027 1954 7559 1684 798 911 2909 17133 63231 60980 20448 6037 419 14411 236 40532 33096 19474 13622 19260 5038 1546 1110 14333 8584 6942 1549 613 612 876 1842 44958 44505 1200 164 14175 6862 16605 41097 8988 436 248 197 43305 1970 41335 36641 5762 2550 14138 1482 985 16274 11466 6945 6231 3295 4521 13827 3492 3007 737 5618 7436 5004 3610 472 389 453 1613 14030 8267 1943 399 6324 1263 381 5763 4307 573 5061 2121 1975 1077 895 133 139 4694 1655 3039 32109 550 31559 30385 24673 9424 3446 2419 640 476 2204 1823 1375 702 446 272
is_linear=0
shrinkage=0.05


Tree=49
num_leaves=127
num_cat=0
split_feature=9 10 10 10 9 9 10 10 9 10 10 10 17 17 9 17 30 9 9 19 17 19 9 24 24 9 28 23 9 8 1 17 3 9 17 30 9 28 7 17 24 10 9 29 17 31 32 9 3 19 19 17 2 9 17 24 28 3 9 4 33 24 28 17 9 28 25 30 28 9 8 23 28 28 24 8 2 29 2 1 9 3 32 31 19 8 24 31 8 2 28 28 3 9 10 2 9 8 17 19 34 29 1 29 19 33 9 23 9 17 32 31 5 14 24 23 28 8 32 17 19 24 31 15 2 23
split_gain=248.076 95.7105 88.8324 103.845 67.5251 37.3646 27.1476 26.6444 26.0878 34.0408 26.1432 19.799 18.2273 17.8748 26.5143 15.9541 15.774 15.3542 15.1886 15.1568 14.8409 14.2659 13.655 13.5588 16.6488 13.3604 13.2091 12.4843 12.25 13.4452 12.1033 15.6862 18.2408 29.163 20.7715 20.1317 16.4051 15.4966 11.9008 11.7101 11.5088 11.3275 11.6177 10.9888 13.5147 10.8158 11.5512 10.7208 15.521 16.741 14.9952 10.9561 10.3574 10.3306 10.232 23.9355 28.9845 13.0724 24.3093 15.6364 19.3354 13.6069 13.581 12.1722 11.6122 16.1058 11.1698 11.3696 10.7173 10.3966 10.0877 12.9566 10.0835 10.0251 9.88552 9.49886 10.2232 9.49332 11.1271 9.65787 9.5064 15.7722 11.9886 10.194 10.8995 9.97718 9.34601 11.6547 10.0572 10.1431 14.9972 11.171 9.50129 11.2288 9.33471 9.33202 9.29566 19.7088 9.79035 9.28515 15.6514 13.7107 13.3574 17.5795 12.3103 10.3356 9.27238 9.1699 9.1522 9.04033 9.00368 12.4661 13.3569 17.1528 13.6089 14.7588 12.6708 12.5608 11.1969 10.9699 10.7649 10.6032 8.88167 8.83602 17.555 10.734
threshold=6.5374542106201234 2.5000000000000004 1.0000000180025095e-35 2.5000000000000004 6.1999103545603491 7.8688572590266093 3.5000000000000004 3.5000000000000004 5.3076979500471628 1.5000000000000002 1.5000000000000002 1.5000000000000002 12.500000000000002 43.500000000000007 3.4882108358713162 15.500000000000002 0.00044773979912612942 3.1975886473094337 6.4029888618351398 0.19859154929577469 56.500000000000007 0.075235849056603785 7.955128338506154 309.50000000000006 1010.5000000000001 4.0137166991158617 0.0019871376696760442 2.1754935635159676 1.8246898925473982 7.5000000000000009 4.5000000000000009 8.5000000000000018 0.37940952255126048 8.5510377375042737 48.500000000000007 1.7043161316387627e-06 7.1709977974850627 5.2099362455226593e-07 1.0000000180025095e-35 40.500000000000007 107.50000000000001 1.0000000180025095e-35 7.0164023594358147 0.0066867257971720186 10.500000000000002 -0.0056696553357091428 -0.016951733111216599 7.6267837384003876 -0.37940952255126015 0.066120218579234988 0.073801742919389998 26.500000000000004 -0.70710678118654735 7.5378455683936911 17.500000000000004 206.50000000000003 1.0335553151519114e-07 0.78656609248549303 5.9758915540911977 -0.8783796973249266 0.0075259885583722928 1007.5000000000001 1.3214638807287908e-05 31.500000000000004 5.9758915540911977 1.8510850974752395e-08 104.50000000000001 0.00014076117939065512 0.0031887887393573125 6.3480695531468188 10.500000000000002 1.573909939779113 0.00051453252581698625 1.5395200538623218e-05 1016.5000000000001 7.5000000000000009 -0.37940952255126059 -8.7011036560904128e-10 0.37940952255126054 4.5000000000000009 6.0287404210997799 -0.98296291314453399 -2.7510843820227772e-05 -0.00033649126313875001 0.037386443046820407 9.5000000000000018 414.50000000000006 0.0030907952579083309 6.5000000000000009 0.78656609248549325 0.00054418364818978446 9.2830479436524102e-07 0.98296291314453421 6.4128760218017353 1.5000000000000002 0.91597561503675362 5.8767970207890121 8.5000000000000018 16.500000000000004 0.036038961038961044 -0.051403774832074381 0.24405013068714027 1.5000000000000002 0.14275177511537337 0.11715686274509805 -0.03334562041227123 10.308179188010698 0.99117016018682558 5.7511212155106497 22.500000000000004 -9.9084028350272826e-07 -0.00059679582297702107 -0.56174490092936669 1.0000000180025095e-35 303.50000000000006 0.77628909290850145 0.00053176175180634901 8.5000000000000018 -3.4358544793521621e-05 19.500000000000004 0.17607313195548494 103.50000000000001 -1.0000000180025095e-35 1.0000000180025095e-35 0.60355339059327384 1.2955998223881673
decision_type=2 2 2 2 2 2 2 2 2 2 2 2 2 2 2 2 2 2 2 2 2 2 2 2 2 2 2 2 2 2 2 2 2 2 2 2 2 2 2 2 2 2 2 2 2 2 2 2 2 2 2 2 2 2 2 2 2 2 2 2 2 2 2 2 2 2 2 2 2 2 2 2 2 2 2 2 2 2 2 2 2 2 2 2 2 2 2 2 2 2 2 2 2 2 2 2 2 2 2 2 2 2 2 2 2 2 2 2 2 2 2 2 2 2 2 2 2 2 2 2 2 2 2 2 2 2
left_child=2 5 15 4 8 26 17 22 10 108 -4 -7 18 39 20 38 -16 28 -6 30 -15 107 27 -21 -25 -12 41 72 -5 -30 -9 36 34 35 47 75 -32 -38 -1 40 -8 109 94 44 -31 -19 -47 48 49 122 51 -49 -26 -50 64 56 -56 61 59 -59 63 62 66 73 74 -66 95 -68 -67 -60 71 -41 -3 -61 96 76 -34 78 -48 -80 123 85 83 -83 -85 -82 88 92 -84 90 -90 -91 93 -88 -43 -57 98 -98 -42 -74 -101 102 103 -102 105 -104 -13 -18 -10 -2 118 -112 -113 117 121 116 -116 -114 -24 -117 -119 -115 -33 -79 -125 -126
right_child=1 7 3 6 12 11 13 19 9 -11 25 106 -14 14 16 -17 21 45 -20 23 -22 -23 110 24 52 -27 -28 -29 29 43 31 32 33 -35 -36 -37 37 -39 -40 70 54 42 -44 -45 -46 46 77 50 53 -51 -52 -53 -54 -55 55 57 -58 58 69 60 -62 -63 -64 -65 65 68 67 -69 -70 -71 -72 -73 99 -75 -76 -77 -78 80 79 -81 81 82 86 84 -86 -87 87 -89 89 91 -92 -93 -94 -95 -96 -97 97 -99 -100 100 101 -103 104 -105 -106 -107 -108 -109 -110 -111 111 112 113 114 115 119 -118 120 -120 -121 -122 -123 -124 124 125 -127
leaf_value=0.0081560628766124601 -0.0013370097810565936 -0.00047545937479102988 -0.050505626661933728 0.0023481325515744295 -0.0021907904756157735 0.049862112906475395 -0.0028587895870817032 0.0001434831584859976 -0.020556267083745243 -0.0027065109838123359 -0.022570683235223207 0.014135469981991319 -0.0034096045800008478 0.011236961650638075 -0.00061607337677842798 0.020149774372193181 0.0041921264390716905 -0.0054873345023363712 0.0027488318401907934 0.0021281139373974549 -0.0041493290554023591 0.019908771388425853 0.0021176935204313841 -0.012090417513363134 -0.0051243566377576245 -0.010310552730886333 -0.00045950964668488737 0.0091416169792271629 -0.002965927031759475 -0.012777220917370019 0.0071903148252718601 0.030158964200667472 -0.05220667296861542 0.0014314389798616217 0.0052946560219266072 0.00039451155949866371 0.0035363345602324758 -0.00043136548943165169 -0.0087193595305540498 0.0017304899307417907 -9.1146150030623949e-05 0.013742035888816529 0.010068299709089255 -0.020029731025609825 0.0080836770161382132 0.0016365168316912256 0.0056342820019593459 -0.002909978223366215 0.00071079991094375643 -0.0035893301619779531 -0.0011634922358986894 -0.011755727183672097 0.0023254553379093708 0.011040132102026357 0.030783793101877489 -0.003872346495944578 0.00049388951244675459 0.010988229679157796 0.022196274641192382 -0.0015759593989729847 -0.031226367908654986 0.0016318409443238967 0.0002034130007284289 0.023934124792247581 -0.056000810868871632 -0.0011029850040751965 -0.012673939300656613 0.032557329916276731 0.0022025728001694549 -0.00086558663761456824 -0.048983587348042111 -0.037830521117401074 -0.00096742859773917662 0.0072036987334299155 -0.01254901059686573 -0.008835102931258363 -0.00091028200593849882 -0.0017443434559653373 -0.0037202371904501152 0.0033950648545315407 -0.0015350670456690241 0.00022179273693241454 0.0036402683854266601 -0.0056601365037921023 -0.0015734243539597516 0.0075378589989349059 0.0028305305993953085 -0.0034618261989632312 -0.0081947423516163694 0.013323568846274787 0.0029632991271972596 -0.0029458163114383746 -0.0043122712779667923 -0.00045606701797782593 0.00075455490913121969 0.002183094356214449 -0.0436515890182885 0.014450997414101427 -0.0025739839749711751 -0.0054685857144885167 0.026540408893452796 0.010109878481048107 -0.0021166835765206496 -0.0045971226722416108 -0.00083593398390425372 0.0048911307409415959 0.044052956141692939 -0.0011620526656089315 -0.01294800856916033 0.036894506298074843 -0.016381025661414333 0.0099031667277702812 0.0098543898184313295 0.012955973250274625 0.013009738695578463 0.025580304387424448 -0.034605786065377751 0.0042291253258991664 -0.0097084621239823792 -0.0054314208502980882 -0.0069245779878597483 -0.0063375293677709046 -0.00022428709733241732 -0.0080832422558615221 -0.0036982646238708909 0.045747211319943137
leaf_weight=10356 3592 9323 679 183 5435 614 578 8373 2043 10792 969 4880 6931 489 1617 6008 503 190 3364 102 28 153 2285 350 129 6541 2828 68 906 998 98 79 112 606 915 366 185 802 6965 202 15805 11465 10648 516 231 809 413 421 1345 755 1125 333 188 81 273 1016 452 346 157 347 134 1621 2749 67 173 1239 321 22 151 25 113 92 1220 298 189 929 534 23427 610 268 100 622 498 368 598 256 1442 220 744 128 141 289 72 471 4751 596 53 241 426 416 201 320 160 76 773 958 192 180 7198 801 169 1506 1785 61 312 48 29 1263 450 346 347 565 260 499 363 90
leaf_count=10356 3592 9323 679 183 5435 614 578 8373 2043 10792 969 4880 6931 489 1617 6008 503 190 3364 102 28 153 2285 350 129 6541 2828 68 906 998 98 79 112 606 915 366 185 802 6965 202 15805 11465 10648 516 231 809 413 421 1345 755 1125 333 188 81 273 1016 452 346 157 347 134 1621 2749 67 173 1239 321 22 151 25 113 92 1220 298 189 929 534 23427 610 268 100 622 498 368 598 256 1442 220 744 128 141 289 72 471 4751 596 53 241 426 416 201 320 160 76 773 958 192 180 7198 801 169 1506 1785 61 312 48 29 1263 450 346 347 565 260 499 363 90
internal_value=-0.000418832 0.0017723 -0.00174185 -0.00233589 -0.00421935 0.00351726 -0.00108345 6.98368e-05 -0.00568232 -0.00470818 -0.00806108 0.00726849 -0.00159358 6.19739e-06 0.00368908 0.00106058 0.00150834 -0.00202555 -8.26323e-05 -0.0013613 0.0139224 0.00706302 0.00121121 -0.00820736 -0.0107999 -0.00720226 0.00289051 0.000200629 -0.00555301 -0.00641849 -0.00105504 -0.00233326 -0.00311117 -0.00658601 -0.00144106 -0.00956963 0.00329128 0.00130292 0.000290171 -0.000389476 -0.000263066 0.00318654 0.0035714 -0.00897857 -0.00636345 -0.00171827 -0.0016474 -0.00286728 -0.000732673 -0.00520018 -0.00572054 -0.0111528 -0.00243012 0.00270091 -0.000111304 0.00132993 0.00998288 0.000509152 0.00492023 0.0022807 -0.00139248 -0.000452211 -0.00181355 0.00192469 -0.000775762 -0.00488999 -0.00499362 -0.013125 -0.00306452 0.0216845 -0.00875607 -0.0037291 8.86491e-05 -0.000249999 -0.000389676 -0.0120174 -0.00727342 -0.00179855 0.0023939 -0.000798414 -0.00197738 -0.000185169 -0.000838245 -0.00450722 -0.00770855 0.0099446 0.000620325 0.00279977 -0.00204986 -0.00435731 -0.00737359 0.00205569 0.00401382 0.0046963 0.00272733 -0.0032282 -0.000257864 0.00847826 -0.000418668 0.0021458 0.00368168 0.00518251 0.00373677 0.0138918 0.00221651 0.005561 0.00623006 0.00389898 -0.00693516 0.000831629 0.00270036 0.00372164 0.00408569 0.00278093 -0.00195644 0.00265203 0.0101951 0.00468015 0.000296533 -0.00392231 0.00147059 -0.00734548 0.00398983 -0.0024146 -0.00712644 1.63761e-05
internal_weight=213929 80540 133389 110060 43952 39771 66108 40769 28222 20033 8189 5686 15730 30656 2970 23329 2453 35452 8799 18088 517 836 22681 769 667 7510 34085 13515 2834 2651 17319 8946 7861 2547 5314 1941 1085 987 17321 27686 27279 31257 26864 1745 1229 32618 32428 4399 2520 1094 1879 754 317 1426 26701 8424 725 7699 1374 1192 846 6325 4704 712 18277 1563 1955 343 1390 182 407 294 13447 645 16714 1575 646 31619 1291 878 30328 5949 5593 1588 966 356 4005 2205 1800 1302 885 417 1985 1913 16216 1612 16525 294 16231 4124 2904 2488 2168 277 1891 1118 5072 683 9241 4393 9166 6431 6262 4756 1361 735 341 3395 2735 394 1610 626 339 24379 952 453
internal_count=213929 80540 133389 110060 43952 39771 66108 40769 28222 20033 8189 5686 15730 30656 2970 23329 2453 35452 8799 18088 517 836 22681 769 667 7510 34085 13515 2834 2651 17319 8946 7861 2547 5314 1941 1085 987 17321 27686 27279 31257 26864 1745 1229 32618 32428 4399 2520 1094 1879 754 317 1426 26701 8424 725 7699 1374 1192 846 6325 4704 712 18277 1563 1955 343 1390 182 407 294 13447 645 16714 1575 646 31619 1291 878 30328 5949 5593 1588 966 356 4005 2205 1800 1302 885 417 1985 1913 16216 1612 16525 294 16231 4124 2904 2488 2168 277 1891 1118 5072 683 9241 4393 9166 6431 6262 4756 1361 735 341 3395 2735 394 1610 626 339 24379 952 453
is_linear=0
shrinkage=0.05


Tree=50
num_leaves=127
num_cat=0
split_feature=9 26 26 26 9 9 26 26 26 26 26 19 9 9 9 17 9 17 17 20 20 23 28 19 24 17 33 30 28 33 26 26 33 23 0 9 1 21 24 28 17 14 23 30 7 9 2 28 9 0 34 34 17 32 35 9 9 33 29 28 32 2 24 9 17 31 2 20 30 17 9 29 33 19 33 32 28 4 35 17 19 32 18 9 9 9 18 24 20 17 19 2 17 32 32 32 20 20 7 17 0 21 4 0 9 19 0 0 9 9 17 9 4 9 31 4 9 24 9 9 17 9 0 9 24 30
split_gain=225.246 89.0979 117.482 80.1089 46.9299 39.9447 32.8328 23.0768 21.7657 21.5905 17.7194 16.4288 15.9047 15.5279 15.2081 15.0725 14.791 14.7969 13.596 22.9552 24.383 19.156 22.9272 19.5958 16.8581 20.992 20.9814 15.3163 14.0971 13.3028 13.2875 13.3423 12.783 12.5282 15.0118 12.4886 11.8098 11.6577 11.527 11.0873 10.9343 10.6124 14.4092 13.0808 10.7203 16.0341 14.9473 10.0651 10.0346 10.7193 9.8633 14.9107 14.9707 11.8896 15.0757 10.4165 9.86275 12.0418 9.85467 9.84569 14.2411 13.5904 14.2573 10.7699 10.0144 15.3491 13.2702 10.1627 10.2394 9.79812 9.63815 9.55306 9.60292 15.7031 17.9079 19.4396 9.32643 12.1536 13.4536 9.32641 9.27352 16.3707 9.43954 10.7811 12.6306 17.8211 11.1048 14.5931 9.90054 9.23248 10.3421 16.475 9.17964 9.15694 16.8815 15.2634 14.2084 20.7936 24.2701 20.2868 14.1717 10.969 10.9606 10.6807 20.7249 20.1598 10.673 15.4105 13.1548 15.3065 15.6789 10.3741 16.3244 15.5889 11.7562 9.86178 9.83258 9.4999 13.5475 10.8349 14.1823 17.4569 12.4184 12.4938 9.82276 9.13598
threshold=6.4325338084325496 22.500000000000004 261.50000000000006 261.50000000000006 5.5188231444133669 7.8688572590266093 122.50000000000001 200.50000000000003 361.50000000000006 361.50000000000006 161.50000000000003 0.19859154929577469 4.0137166991158617 6.7755922211413919 5.0400232965669671 4.5000000000000009 6.6356269538031087 25.500000000000004 17.500000000000004 0.86863675582398636 0.91723744292237452 0.99117016018682558 1.0000000180025095e-35 0.031498015873015879 404.50000000000006 43.500000000000007 0.0055526767814329829 0.0011148576204420668 1.0945556997940771e-05 -0.0026369520823336947 61.500000000000007 161.50000000000003 -0.11745665766576228 0.90439373713699056 4.5000000000000009 6.0287404210997799 1.0000000180025095e-35 0.70416666666666672 102.50000000000001 0.34784503273328221 27.500000000000004 1.0000000180025095e-35 1.9197377630009937 0.052860556400657559 1.0000000180025095e-35 6.9263963066122605 0.91597561503675362 0.0013213710258236182 7.6267837384003876 6.5000000000000009 0.13120235053079318 0.005669542441337834 21.500000000000004 0.00042005311595593603 -0.0065989609467952967 1.8246898925473982 11.776694405803424 -0.032550345257484077 -8.7011036560904128e-10 0.00081976002035598079 -0.014943637358488903 -0.91597561503675329 1013.5000000000001 6.8255492842682601 33.500000000000007 6.3087011212650221e-05 -0.91597561503675329 0.98639392817475013 0.002842380160201522 5.5000000000000009 3.1975886473094337 0.24405013068714027 -5.0636940133061109e-05 0.26953601953601958 -1.6560061844522452e-09 -2.0749889353661272e-07 8.2247046057911717e-05 0.87837969732492682 0.0001616959839748151 24.500000000000004 0.068337484433374854 0.0001085631730248215 1.0000000180025095e-35 6.7035676754613602 7.5651409024090057 7.8358423678846352 5.5000000000000009 206.50000000000003 0.76230831315577086 9.5000000000000018 0.10923295454545455 0.60355339059327384 5.5000000000000009 -0.0099394543930358629 -0.0004129462496110267 -0.00050511721818225245 0.94405320813771521 0.93288288288288301 1.0000000180025095e-35 10.500000000000002 6.5000000000000009 0.78869047619047628 0.87837969732492682 1.5000000000000002 5.2493401976304712 0.14185110663983905 8.5000000000000018 7.5000000000000009 4.4779329514174799 4.7054490064092036 13.500000000000002 5.7694620865801278 0.6078576107927941 6.0170260807908234 -0.001091827478137818 0.87837969732492682 5.7511212155106497 315.50000000000006 5.3263453541093524 5.2672410983869105 5.5000000000000009 5.6590297065986439 9.5000000000000018 5.0400232965669671 512.50000000000011 -5.6736610601109645e-08
decision_type=2 2 2 2 2 2 2 2 2 2 2 2 2 2 2 2 2 2 2 2 2 2 2 2 2 2 2 2 2 2 2 2 2 2 2 2 2 2 2 2 2 2 2 2 2 2 2 2 2 2 2 2 2 2 2 2 2 2 2 2 2 2 2 2 2 2 2 2 2 2 2 2 2 2 2 2 2 2 2 2 2 2 2 2 2 2 2 2 2 2 2 2 2 2 2 2 2 2 2 2 2 2 2 2 2 2 2 2 2 2 2 2 2 2 2 2 2 2 2 2 2 2 2 2 2 2
left_child=1 15 4 5 6 16 -3 35 13 14 -7 41 -8 -5 50 -1 17 -2 38 70 24 22 23 -22 28 27 -27 40 -21 -23 92 -32 -15 -25 -35 -6 -34 56 -11 79 -26 59 43 44 89 -46 -47 -13 -48 -50 51 55 53 -53 -55 -4 -38 -58 -16 60 63 -61 -63 -10 65 69 -67 80 -69 -62 -20 72 -57 74 75 -74 77 78 -24 -17 81 -66 -82 88 -85 -86 87 -87 -84 90 -43 -92 -18 102 95 -95 97 101 -99 100 -98 103 111 104 105 -96 107 115 -108 -110 -111 112 114 -113 -40 -101 -104 119 -119 122 121 -121 -102 -124 -120 -77
right_child=3 2 9 8 7 10 12 -9 11 18 -12 47 -14 32 58 39 30 -19 19 20 21 29 76 33 25 26 -28 -29 -30 -31 31 -33 36 34 -36 -37 37 -39 93 -41 -42 42 -44 -45 45 46 48 -49 49 -51 -52 52 -54 54 -56 71 57 -59 -60 61 64 62 -64 -65 67 66 -68 68 -70 -71 -72 -73 73 -75 -76 125 -78 -79 -80 -81 82 -83 83 84 85 86 -88 -89 -90 -91 91 -93 -94 94 96 -97 99 98 -100 106 117 -103 116 -105 -106 -107 108 -109 109 110 -112 113 -114 -115 -116 -117 -118 118 124 120 -122 -123 123 -125 -126 -127
leaf_value=-0.010613348625160174 0.0023888353931614753 -0.036920461094733258 0.0025364636797868441 -0.00086754392201995314 -0.014047041547177598 0.047369007261151626 -0.021442149073462043 -0.0013021603763851497 -0.0020006419523857788 -0.010678367034138898 0.014775086234932865 -0.002378649750482212 -0.008587802977548761 0.016273932628794618 0.0026887829239886796 0.0082847196997747081 -0.025001209032560409 -0.0038774044835953852 0.012550506029597437 0.020175755686027409 0.0062922067938931577 0.0073742128246084204 -0.00036449259049193584 -0.00067839434526174858 -0.00010832921003353445 0.043620415460966767 -0.00051280791690584693 0.012065300934048388 0.0079017152447883477 -0.0085733620816713565 0.016440362721030489 0.0027988958604076761 0.0049196518250551134 0.0078744897003522173 9.3465752056502455e-05 -0.0062354457639655601 0.00083232470484836539 -0.022650678430861042 0.0011718881265395708 -0.045400450493171207 -0.072285955185459355 -0.0019761713954829655 -0.013238040344860456 0.013351407758019665 1.7019487788455666e-06 -0.0071695384067855007 0.011645677637912194 -0.012844338828200803 -0.007396860237486794 0.011640394799290372 -0.0095739035859141574 0.0045328168428264027 0.023774803451741374 0.0036000824676212214 -0.0073594210524225122 -0.0074835433385581941 -0.019740793956977438 0.02161022355258992 -0.00060216161241015377 0.0046602029875438215 0.0092633284073672436 -0.00092551592919787535 -0.012810590007337691 0.015405978909221952 0.00056924411566296163 -0.027137277288155626 -0.001781390043594085 -0.040407708744602255 0.025923712029575136 0.00017672271606029364 -0.0013425120811207105 0.0022969282472281717 -0.012158428826565249 0.0032764783545310761 -0.0052698155161521832 -0.0030724833735787322 0.00076270115080329787 0.0033857365682045514 -0.015154223890498595 0.028675843256612727 -0.0051308913673303157 0.026434935302877789 0.0015166550855360466 -0.0018110841532366945 0.0063636411281088037 0.0080014572335254022 0.0081288563027890528 -0.00057918228112116283 0.017752463014967312 0.00031545433067742398 -0.011535101773439322 0.0126664098274255 0.0099952176517750565 -0.0011527491653161429 0.0038046813097453672 -0.01728646397188021 0.00077987945629717228 0.043270406640086238 -0.0035561659089487553 -0.0033436236828762035 0.0046596603433695441 -0.025753850815647225 0.0057520378093688521 0.00074153932960128891 -0.032365089187761778 -0.0095368753431502393 0.0032313778183008183 0.0044958134391219059 -0.01666517364947211 -0.028830929293583094 -0.00038220068557088985 0.020689543137457987 0.0092836870275273108 0.00040953384015370579 -0.001790143162608741 0.012089715811550245 -0.080767256403126417 -0.004046603554273615 -0.050776563148912351 0.0059010927257184126 -0.0037858857755904115 -0.0053904044600231616 0.0013128232705466509 -0.013134222304057658 0.0056334496473419409 0.008764543541996064
leaf_weight=4135 7879 1324 173 4488 4917 614 969 11213 23 87 5072 669 8647 160 601 15855 973 1818 204 387 464 122 621 371 478 174 80 324 310 413 13635 11141 1584 144 206 12442 17353 203 489 149 112 941 158 166 680 839 44 117 111 74 372 879 180 471 1019 3912 38 287 17610 369 128 3206 450 96 485 131 1339 133 28 3521 4422 440 176 934 6678 151 1598 146 357 2630 376 352 92 513 286 151 255 1201 90 2088 35 63 3639 2001 295 212 2301 171 90 617 117 152 72 6026 286 142 89 229 319 199 397 180 93 214 491 54 81 1996 27 79 152 85 601 60 197 424
leaf_count=4135 7879 1324 173 4488 4917 614 969 11213 23 87 5072 669 8647 160 601 15855 973 1818 204 387 464 122 621 371 478 174 80 324 310 413 13635 11141 1584 144 206 12442 17353 203 489 149 112 941 158 166 680 839 44 117 111 74 372 879 180 471 1019 3912 38 287 17610 369 128 3206 450 96 485 131 1339 133 28 3521 4422 440 176 934 6678 151 1598 146 357 2630 376 352 92 513 286 151 255 1201 90 2088 35 63 3639 2001 295 212 2301 171 90 617 117 152 72 6026 286 142 89 229 319 199 397 180 93 214 491 54 81 1996 27 79 152 85 601 60 197 424
internal_value=-0.000419299 -0.00177676 -0.00240208 0.00151971 -0.00454285 0.00300278 -0.00732755 -0.00347552 -1.30972e-05 -0.00107089 0.00691706 -0.00126854 -0.00630496 0.000987126 -0.00192946 0.00105372 0.00243253 0.000738766 -8.17557e-05 0.0013172 0.00327828 0.0012604 0.00247763 0.00826681 0.00806818 0.00436488 0.0169305 0.000799783 0.0141987 -0.00756944 0.00299119 0.00344982 0.00159386 0.00306818 0.00978873 -0.00461746 0.00147599 0.00110855 -0.000904143 0.00165969 -0.0039916 -0.000965326 -0.00287807 -0.0024024 -0.00287654 -0.00600684 -0.00981361 -0.0083249 0.00148504 -0.00375 -0.0030639 -0.00286767 0.00062549 -0.000443344 -0.00316053 -0.00355852 0.00124668 0.00981061 -0.000944087 -0.000212584 0.000689843 -0.00227357 -0.00319858 0.0175202 0.000459774 -0.00100068 -0.00530508 0.0023456 -0.0097741 0.000738233 -0.00135716 -0.00372543 -0.00398514 -0.00302551 -0.00379372 0.0035086 -5.31714e-05 -0.0035341 -0.00554934 0.00177055 0.00287113 0.00750297 0.00155271 0.00263016 0.0017275 0.00361301 0.00154622 -0.00027266 0.0141979 -0.00111989 -0.00495929 0.0101456 0.000526316 -0.000816188 -0.00116072 -0.00522655 -0.000546268 0.00104716 0.014765 -0.00206373 -0.000549377 0.000518028 0.00276923 0.000821366 -0.00490041 0.00196267 -0.0065165 -0.00254144 -0.0100496 -0.0118342 -0.00700499 0.00410496 0.00153757 0.01099 -0.000406091 -0.00635725 -0.00976266 -0.00264086 -0.00451685 0.00116925 -0.00657321 0.00360947 0.00433589 0.00161787 0.00703057 0.00795259
internal_weight=213929 125835 103066 88094 39512 44771 10940 28572 43323 63554 5686 19210 9616 24113 34020 22769 39085 9697 29534 10933 6307 4442 3907 1185 1865 1168 254 914 697 535 29388 24776 19625 721 350 17359 19465 17881 18601 18634 590 18424 5199 5041 4875 1748 1068 786 229 185 15809 15437 2549 2369 1490 12888 17678 325 18211 13225 9200 4025 3656 119 9081 5119 1470 3962 161 3649 4626 12715 12275 8363 7429 751 2722 1124 978 18485 3801 837 2964 2588 2406 1893 1607 1352 182 3127 1039 98 4612 18514 16894 2213 14681 7162 261 7519 5615 6901 1620 6749 723 437 1904 900 1004 915 596 1467 1073 394 980 671 153 3314 2220 1094 316 164 778 661 224 575
internal_count=213929 125835 103066 88094 39512 44771 10940 28572 43323 63554 5686 19210 9616 24113 34020 22769 39085 9697 29534 10933 6307 4442 3907 1185 1865 1168 254 914 697 535 29388 24776 19625 721 350 17359 19465 17881 18601 18634 590 18424 5199 5041 4875 1748 1068 786 229 185 15809 15437 2549 2369 1490 12888 17678 325 18211 13225 9200 4025 3656 119 9081 5119 1470 3962 161 3649 4626 12715 12275 8363 7429 751 2722 1124 978 18485 3801 837 2964 2588 2406 1893 1607 1352 182 3127 1039 98 4612 18514 16894 2213 14681 7162 261 7519 5615 6901 1620 6749 723 437 1904 900 1004 915 596 1467 1073 394 980 671 153 3314 2220 1094 316 164 778 661 224 575
is_linear=0
shrinkage=0.05


Tree=51
num_leaves=127
num_cat=0
split_feature=9 26 26 10 9 9 26 10 10 9 10 10 9 19 17 24 30 20 35 25 17 20 20 23 28 19 24 17 35 9 20 8 30 28 9 17 4 10 24 8 23 24 9 10 28 9 18 28 9 8 29 17 32 32 9 32 32 32 20 20 17 26 8 29 9 21 26 9 9 9 9 17 26 9 19 8 28 25 17 26 19 25 9 17 8 24 24 9 8 35 9 9 29 17 17 9 19 25 20 9 9 29 17 32 29 24 35 9 25 14 9 20 25 12 15 26 14 20 8 32 24 9 9 17 9 24
split_gain=200.07 79.748 107.156 69.0961 42.4026 35.4824 30.389 20.6678 20.4843 20.0249 16.4955 15.4734 15.2809 14.9986 13.9544 13.9043 18.1847 18.7832 15.7501 13.6116 13.429 22.3953 20.6452 17.5118 20.4243 18.5448 13.9551 21.7872 19.7672 12.9674 12.9674 12.874 12.6049 12.5834 12.3483 13.7265 11.8952 11.8104 11.5869 11.2754 11.2454 13.596 11.0394 10.7713 10.4873 10.4629 11.3932 10.4298 10.349 12.5624 12.0431 12.364 10.2648 15.2965 10.2497 10.2088 14.3936 15.531 13.1114 31.9087 18.9566 12.6552 13.6547 13.3512 11.4776 10.8721 10.7164 19.1052 14.8115 14.2297 10.5905 10.1769 9.95955 16.6765 16.1826 11.2957 9.94808 11.5866 14.4745 14.7185 10.149 9.87692 11.7286 10.0187 9.87071 9.8705 9.75115 9.51996 9.31534 9.23703 9.94024 9.23446 16.1292 9.22762 8.8958 8.85953 8.85759 15.4289 10.9115 8.96005 16.4964 9.24221 8.852 8.84513 8.81894 11.0504 11.2238 11.4535 17.718 11.515 10.0296 18.8169 12.305 14.6399 11.968 12.4015 13.2018 15.2993 9.84698 9.46888 8.76432 10.1777 9.97977 13.3352 16.2113 12.6367
threshold=6.4325338084325496 22.500000000000004 222.50000000000003 2.5000000000000004 5.5188231444133669 7.802215811756688 122.50000000000001 3.5000000000000004 1.5000000000000002 9.8505263167475814 1.5000000000000002 3.5000000000000004 3.1975886473094337 0.19859154929577469 4.5000000000000009 507.50000000000006 0.0011148576204420668 0.907192075796727 -0.00069495814203972348 35.500000000000007 17.500000000000004 0.86863675582398636 0.91723744292237452 0.99117016018682558 1.0000000180025095e-35 0.031498015873015879 404.50000000000006 43.500000000000007 -0.0010180768035544074 4.2705867593757683 0.89927536231884064 10.500000000000002 0.0011148576204420668 1.0945556997940771e-05 6.6356269538031087 12.500000000000002 0.6078576107927941 1.0000000180025095e-35 102.50000000000001 11.500000000000002 0.90439373713699056 1004.5000000000001 5.9290548116647663 1.5000000000000002 0.0025671662717329353 6.7755922211413919 16.500000000000004 0.34784503273328221 1.8246898925473982 7.5000000000000009 0.0066867257971720186 10.500000000000002 0.016930683335419316 0.00036276309037052221 8.3040123642267609 -0.0099394543930358629 -0.0004129462496110267 -0.00050511721818225245 0.93700396825396837 0.93288288288288301 10.500000000000002 406.50000000000006 9.5000000000000018 2.8682416360007436e-05 4.8066873308449161 0.78869047619047628 411.50000000000006 4.6762700054057946 4.4779329514174799 5.3445275246338086 4.4779329514174799 19.500000000000004 401.50000000000006 5.2493401976304712 0.14185110663983905 11.500000000000002 7.7665153325433134e-07 103.50000000000001 38.500000000000007 311.50000000000006 0.15184453227931491 31.500000000000004 6.2461605203239436 6.5000000000000009 8.5000000000000018 305.50000000000006 309.50000000000006 3.1975886473094337 11.500000000000002 -0.13654818945144795 7.5651409024090057 7.9118370052198808 0.035871628479571586 26.500000000000004 16.500000000000004 8.0772341169730471 0.068337484433374854 105.50000000000001 0.82167318982387483 7.4292277797806276 7.5378455683936911 0.13403535432262917 27.500000000000004 -0.011194952358269103 0.061138006258323184 413.50000000000006 0.017116209265186009 4.3670047918406736 35.500000000000007 1.0000000180025095e-35 6.1500186640795729 0.78297101449275375 44.500000000000007 22.500000000000004 1.0000000180025095e-35 309.50000000000006 1.0000000180025095e-35 0.84561213434452875 5.5000000000000009 -0.0084380613684195849 315.50000000000006 5.3263453541093524 5.2672410983869105 5.5000000000000009 5.6590297065986439 309.50000000000006
decision_type=2 2 2 2 2 2 2 2 2 2 2 2 2 2 2 2 2 2 2 2 2 2 2 2 2 2 2 2 2 2 2 2 2 2 2 2 2 2 2 2 2 2 2 2 2 2 2 2 2 2 2 2 2 2 2 2 2 2 2 2 2 2 2 2 2 2 2 2 2 2 2 2 2 2 2 2 2 2 2 2 2 2 2 2 2 2 2 2 2 2 2 2 2 2 2 2 2 2 2 2 2 2 2 2 2 2 2 2 2 2 2 2 2 2 2 2 2 2 2 2 2 2 2 2 2 2
left_child=1 14 4 5 6 34 -3 12 42 11 -7 45 48 15 -1 16 18 -18 94 30 38 87 26 24 25 -24 33 32 -29 -8 -20 52 102 -23 35 -2 -15 -36 -9 -25 -27 -42 -6 -39 -12 -5 89 93 -4 -50 51 -51 53 96 95 -40 57 -57 59 65 61 62 -60 64 -64 72 67 -62 -68 85 -65 -45 73 74 -58 -75 80 78 -78 -80 -11 -10 83 -83 -71 -69 -56 -22 -19 90 -47 92 -54 -16 -13 -32 99 98 -98 101 -101 -17 -28 -14 110 106 107 109 -109 -106 114 -112 118 -114 -105 116 117 -116 -113 -108 122 -122 125 124 -124 -63
right_child=3 2 7 9 8 10 29 20 81 76 44 13 103 36 47 31 17 88 19 -21 21 22 23 39 -26 40 27 28 -30 -31 54 -33 -34 -35 37 -37 -38 43 55 -41 41 -43 -44 71 -46 46 -48 -49 49 50 -52 -53 91 -55 86 56 58 -59 60 -61 66 120 63 70 -66 -67 68 69 -70 84 -72 -73 -74 75 -76 -77 77 -79 79 -81 -82 82 -84 -85 -86 -87 -88 -89 -90 -91 -92 -93 -94 -95 -96 -97 97 -99 -100 100 -102 -103 -104 104 105 -107 119 108 -110 -111 111 112 113 -115 115 -117 -118 -119 -120 -121 121 -123 123 -125 -126 -127
leaf_value=-0.010082681193902165 0.0035807876630969296 -0.035074438039996589 0.0021039027400063652 -0.00082416672591895514 -0.015300795777333384 0.040199759649898699 -0.019336313728834709 -0.010144448682431952 -0.0034317855561683827 0.0054034623132027592 0.014553834528446006 0.028259032798459996 0.00077893764417612276 -0.0014855431155919739 0.0081734977952559532 0.00045909291382695841 0.010936146507445413 0.00066264426352899549 -0.00022822828183265034 -0.0074147105324698093 0.011922980728117566 0.019166967901726041 0.0059775964541984999 -0.0066864913701593564 5.3596436867919817e-05 -0.00064447462799866145 -0.00010291274953185765 -0.00048529884634159197 0.041245532510893718 -0.0079412450151455493 -0.0027175647587253902 0.0015544495160576303 0.01146203588734597 0.0075066294825489295 0.0027336036412698795 -0.0014519363737276068 -0.013389887988926895 0.015534054958044944 0.00096840508202470407 0.018941668682595187 0.0074807652153346064 8.8792464453672543e-05 -0.0065869591209004059 0.0038794172337268795 -0.0049682039910440732 0.015191727646072503 -0.047051359161970785 -0.043130427968512651 -0.0025949932335742791 -0.011850390185536656 -0.018736303683985642 0.0079429839411389088 0.0054646495899325059 -0.0042424388878316167 -0.00029653664669276387 -0.0010951117070503364 0.0036144472442580984 -0.016422140773286197 -0.00096824111332417047 0.040873216971364972 -0.017150154642733461 0.0044266773262010674 0.014648871044514268 0.0001166241416586169 -0.0002540768013294815 -0.024466158274864865 0.0030698089273857782 -0.0025609738170240082 -0.0097054171783145411 -0.0078516586709952256 0.0055937690578725611 0.00020863991520633036 0.00070446236312122514 -0.032951592264422978 -0.0090600315759927271 0.0062735749344851339 -0.0019242793095027317 0.017463044805473484 0.018018546901267987 0.00091463608236700398 0.031078297575503278 0.0010518676086934363 0.0021878280728660814 -0.0026845615248400814 0.00042760367542630243 0.0049737781161340285 -0.016722341305050681 -0.001275386477064675 -0.0065338809783348885 0.00075687295862553877 -0.0012740005591224297 -0.0012261526278671776 0.0006956336330409741 0.028075647404344973 0.00045914700712532488 -0.0065213704103650131 0.00097942438564616865 -0.0064346109579521823 -0.0017103876790361136 0.0042416895919663777 0.0013965441474118015 -0.011317133750293633 -0.068671657426186389 -0.0012552451927205224 -0.019036781042642656 -0.0038250906361349626 0.012031069227943409 -0.0059085046895148811 0.0022240901661778065 0.0050523160755639451 0.0068787034225149439 0.030164650015716579 0.0057514261977931695 0.00028926426186586381 0.0033387051097827805 -0.0074491095086380577 0.033108856076515716 -0.0092010954417466803 -0.0033203511719942288 0.00064438271466006755 -0.0038442733765599343 0.0035002429669155014 0.0056060380894324916 -0.0035965914868108908 -0.0051208842370220027 0.00051852383374292866
leaf_weight=4135 4758 1324 183 4488 3270 719 1531 87 2236 747 5099 75 1677 566 16223 804 270 922 2179 1055 204 387 464 476 2722 371 478 81 173 7852 589 2301 324 310 4612 4939 197 13530 1620 59 144 206 13724 6274 349 127 59 149 909 999 517 231 169 1632 779 2001 295 212 1058 163 288 117 231 773 86 152 89 83 467 293 153 4491 6026 258 142 28 1552 456 428 874 99 1985 1725 5371 233 549 107 4422 209 17039 85 213 1040 2262 264 346 997 379 1318 135 691 132 112 22132 47 2384 76 723 328 179 407 84 178 1363 240 418 87 231 908 213 1996 224 79 152 85 661
leaf_count=4135 4758 1324 183 4488 3270 719 1531 87 2236 747 5099 75 1677 566 16223 804 270 922 2179 1055 204 387 464 476 2722 371 478 81 173 7852 589 2301 324 310 4612 4939 197 13530 1620 59 144 206 13724 6274 349 127 59 149 909 999 517 231 169 1632 779 2001 295 212 1058 163 288 117 231 773 86 152 89 83 467 293 153 4491 6026 258 142 28 1552 456 428 874 99 1985 1725 5371 233 549 107 4422 209 17039 85 213 1040 2262 264 346 997 379 1318 135 691 132 112 22132 47 2384 76 723 328 179 407 84 178 1363 240 418 87 231 908 213 1996 224 79 152 85 661
internal_value=-0.000399667 -0.00167902 -0.00227062 0.00142777 -0.00433603 0.00280513 -0.0070162 -0.00101213 -0.00332135 4.21265e-06 0.00632575 -0.000346101 -0.0018429 -0.00145922 0.000998837 -0.00114292 -0.00288051 0.00218883 -0.004198 -0.00489871 -4.11315e-05 0.0013492 0.0032862 0.00142905 0.00259266 0.00805672 0.00769385 0.00432225 0.0171236 -0.00600953 -0.00355805 6.138e-05 0.000690969 0.0132728 0.00224196 0.000697537 -0.00829102 0.00275984 -0.000858459 -0.00701389 0.00299931 0.0093662 -0.00441879 0.0032001 0.00537686 0.000540981 0.00109876 0.0015819 -0.00535425 -0.00614806 -0.008623 -0.00589069 -0.00094145 -0.00183489 -0.00666621 -0.000770289 -0.00113409 -0.00488841 -0.000566696 0.000984581 -0.00200505 -0.000513789 0.00233196 0.0058754 0.0146506 0.000460108 -0.00617588 -0.00388353 -0.0120499 -0.000993121 0.00280881 0.00201834 0.000762142 -0.00476305 0.00139706 -0.0140378 0.00330209 0.00205882 0.000869186 0.00474751 0.00812574 -0.00167219 -0.000937981 -0.00180818 -0.0070339 0.00405024 -0.002789 -0.00129238 -0.00065801 0.00117655 0.0114286 0.00287666 0.00456961 0.00168943 0.00617006 -0.0103059 -0.000316072 -0.00211745 -0.000576508 0.00243633 0.0062154 -0.000913921 -0.00365546 -0.00152738 -0.00172499 -0.00392541 -0.000658815 -0.00267746 -0.00487453 0.00742424 -0.00139063 0.00135823 -0.000253151 0.00254043 -0.00174058 -0.00714577 -0.00222913 -0.00556197 -0.00458375 0.00815476 -0.00249021 -0.00429213 0.00116925 -0.00626168 0.00360947 0.00420817
internal_weight=213929 125835 103066 88094 39018 44771 10707 64048 28311 43323 6167 39167 34514 17369 22769 16606 6795 1401 5394 5055 29534 10933 6307 4442 3907 1185 1865 1168 254 9383 4000 9811 914 697 38604 9697 763 28907 18601 535 721 350 16994 24295 5448 21798 17310 18634 2839 2656 1747 1230 7510 6088 1821 18514 16894 2213 14681 7064 7617 5615 2301 1243 317 6901 2002 1446 556 1158 926 10765 6749 723 437 286 4156 3310 2854 1302 846 11317 9081 7356 526 632 886 4626 1131 17251 212 1422 1209 18485 339 935 4456 2694 2315 1762 826 936 590 31675 29998 3950 1566 1277 1051 226 26048 2940 2533 1541 23108 976 558 471 992 289 3314 2220 1094 316 164 778
internal_count=213929 125835 103066 88094 39018 44771 10707 64048 28311 43323 6167 39167 34514 17369 22769 16606 6795 1401 5394 5055 29534 10933 6307 4442 3907 1185 1865 1168 254 9383 4000 9811 914 697 38604 9697 763 28907 18601 535 721 350 16994 24295 5448 21798 17310 18634 2839 2656 1747 1230 7510 6088 1821 18514 16894 2213 14681 7064 7617 5615 2301 1243 317 6901 2002 1446 556 1158 926 10765 6749 723 437 286 4156 3310 2854 1302 846 11317 9081 7356 526 632 886 4626 1131 17251 212 1422 1209 18485 339 935 4456 2694 2315 1762 826 936 590 31675 29998 3950 1566 1277 1051 226 26048 2940 2533 1541 23108 976 558 471 992 289 3314 2220 1094 316 164 778
is_linear=0
shrinkage=0.05


Tree=52
num_leaves=127
num_cat=0
split_feature=9 10 26 26 9 9 10 9 17 9 9 8 10 35 9 29 17 19 23 17 26 26 25 4 26 9 16 17 9 28 19 19 24 25 26 24 9 29 9 26 2 4 24 19 24 24 24 24 24 8 9 8 0 8 7 9 28 15 17 34 24 17 17 9 9 35 4 17 3 9 17 30 28 9 35 17 26 17 28 9 11 19 26 23 14 9 19 11 3 9 5 7 24 24 35 35 9 9 4 9 3 19 19 9 9 9 17 0 9 8 17 30 17 19 8 4 8 35 2 34 9 3 0 2 34 4
split_gain=181.287 69.3135 65.2385 78.5485 43.0231 28.4738 21.2879 35.3753 21.1855 20.3993 20.3101 26.6769 19.7917 17.9996 15.3834 16.3262 17.8646 16.8742 16.9508 15.226 15.0331 14.8736 15.4636 22.7358 14.51 13.6825 13.5906 12.8216 12.7983 12.6651 12.5219 31.3874 26.2925 19.6225 18.4797 17.9101 15.2839 15.5223 15.1924 14.7969 13.9233 14.7843 12.505 12.3195 12.2439 17.2089 12.1176 14.1452 21.1624 13.878 12.2008 11.8055 22.7821 16.1678 18.445 19.2033 17.7351 17.5424 16.2987 13.8543 13.6711 22.1719 14.48 13.386 12.4395 12.0071 11.6094 15.5524 16.9157 26.4365 19.1841 19.0034 15.286 12.4367 11.5066 13.4663 12.0755 11.3531 12.9258 11.3113 11.0838 11.0314 11.0024 10.8791 10.8667 12.0803 10.6353 18.2039 10.4804 20.6746 10.0026 10.8168 9.73748 15.0335 17.7423 10.6034 10.5519 9.60849 9.57706 9.55552 14.5473 15.5696 14.2192 11.5073 9.71122 9.55171 9.94709 10.8492 9.52013 16.9063 11.5832 9.77056 10.8361 14.8456 16.9228 12.5054 10.0905 11.2126 9.45525 9.36045 10.31 11.773 9.21643 9.16103 9.13214 9.11322
threshold=6.5374542106201234 2.5000000000000004 22.500000000000004 303.50000000000006 6.3025371646321569 7.9118370052198808 1.5000000000000002 5.4024126086699473 43.500000000000007 4.7800036004768485 3.2670400964011268 8.5000000000000018 3.5000000000000004 0.067865116221365304 5.2081590141108967 0.00030793515476145806 2.5000000000000004 0.15438786565547133 0.81398360638707701 18.500000000000004 308.50000000000006 400.50000000000006 30.500000000000004 -0.60785761079279388 122.50000000000001 6.2461605203239436 2.5000000000000004 8.5000000000000018 7.7225551465088893 0.0019871376696760442 0.066120218579234988 0.067117117117117139 201.50000000000003 14.500000000000002 408.50000000000006 307.50000000000006 6.3700895103449549 0.00027596597130758073 5.2493401976304712 412.50000000000006 -0.91597561503675329 -0.60785761079279388 312.50000000000006 0.19859154929577469 309.50000000000006 1010.5000000000001 1004.5000000000001 310.50000000000006 322.50000000000006 6.5000000000000009 5.4993710978636967 10.500000000000002 8.5000000000000018 6.5000000000000009 1.0000000180025095e-35 4.7800036004768485 0.00016096992141100528 1.0000000180025095e-35 29.500000000000004 0.024861218303505163 1009.5000000000001 7.5000000000000009 5.5000000000000009 4.6422256124191934 4.7054490064092036 -0.004508636418922316 -0.60785761079279388 8.5000000000000018 0.37940952255126048 8.5510377375042737 48.500000000000007 1.7043161316387627e-06 5.2099362455226593e-07 7.1709977974850627 4.2148361067717691e-08 38.500000000000007 401.50000000000006 15.500000000000002 6.3228290624814296e-07 2.4702248768463457 4.5000000000000009 0.13079116179615113 406.50000000000006 0.60552748663054567 1.0000000180025095e-35 5.4024126086699473 0.32200460829493094 3.5000000000000004 1.0000000180025095e-35 3.0827852708077614 1.0000000180025095e-35 1.0000000180025095e-35 214.50000000000003 303.50000000000006 0.0059722922652515721 -0.020423935861343785 7.6579041722831427 4.8655348033274644 0.87837969732492682 7.6267837384003876 -0.37940952255126015 0.066120218579234988 0.073801742919389998 9.8505263167475814 7.5378455683936911 6.3480695531468188 16.500000000000004 11.500000000000002 3.1975886473094337 4.5000000000000009 16.500000000000004 0.0029387894094270316 21.500000000000004 0.049590163934426237 6.5000000000000009 1.0000000180025095e-35 8.5000000000000018 -0.0075209126315064325 0.60355339059327384 -0.052543456489032948 3.4882108358713162 -0.78656609248549325 12.500000000000002 0.12940952255126045 -0.05649062445144086 1.0000000180025095e-35
decision_type=2 2 2 2 2 2 2 2 2 2 2 2 2 2 2 2 2 2 2 2 2 2 2 2 2 2 2 2 2 2 2 2 2 2 2 2 2 2 2 2 2 2 2 2 2 2 2 2 2 2 2 2 2 2 2 2 2 2 2 2 2 2 2 2 2 2 2 2 2 2 2 2 2 2 2 2 2 2 2 2 2 2 2 2 2 2 2 2 2 2 2 2 2 2 2 2 2 2 2 2 2 2 2 2 2 2 2 2 2 2 2 2 2 2 2 2 2 2 2 2 2 2 2 2 2 2
left_child=2 5 27 4 6 29 7 -4 14 79 11 26 28 90 21 17 -17 30 84 -6 -15 108 23 -23 -7 -20 -10 -1 86 -2 33 -32 38 39 35 105 37 46 -33 -16 -36 81 -24 66 -45 -46 47 -35 -49 -48 -50 53 125 -44 56 58 57 88 63 -58 62 65 -54 -56 -64 -62 67 72 70 71 99 -70 118 -74 75 76 83 78 -52 80 -8 -42 -18 -37 85 -19 92 -88 -55 -90 -12 -92 -3 94 98 96 -95 -25 -94 100 101 -69 103 -101 -102 106 -34 -108 109 -5 -111 119 113 114 -113 -115 117 -117 -14 -110 121 -121 -66 -40 -63 -53
right_child=1 12 3 8 19 24 9 -9 10 -11 13 -13 43 20 15 16 82 18 25 -21 -22 22 42 97 -26 -27 -28 -29 -30 -31 31 32 34 36 40 74 -38 -39 123 -41 41 -43 51 44 45 -47 49 48 50 -51 77 52 60 54 55 -57 59 -59 -60 -61 61 124 64 -65 122 -67 -68 68 69 -71 -72 -73 73 -75 -76 -77 -78 -79 -80 -81 -82 -83 -84 -85 -86 -87 87 -89 89 -91 91 -93 93 95 -96 -97 -98 -99 -100 102 104 -103 -104 -105 -106 -107 107 -109 111 110 -112 112 -114 115 -116 116 -118 -119 -120 120 -122 -123 -124 -125 -126 -127
leaf_value=-0.0019347396199055342 0.0064489377549796171 -0.0022302661198731403 -0.039319243557961472 0.010059119869951921 0.00030604234829798802 0.046172648456121373 0.013513162238538502 -0.011483863307121422 0.016036186767064788 -0.0023052185533009081 -0.00032194622025737569 0.020817375658895465 0.007419205637381264 -0.0027491823491917837 -0.002444593450024964 0.0026178048485089572 -0.0012700922416134857 -0.013474091312683779 -0.0022160373541927143 -0.0034651119750165661 0.023272164899717864 -0.011514116920651969 0.0016449337641142555 -0.0016837132034330925 0.013738224337380712 -0.015850819892518447 -0.0021417011687827154 0.012650466289606595 0.0027447583491344327 -0.001016821343561644 0.041234092326449666 0.0045792794482453509 0.0036790109063970324 0.00022481247370541399 0.03757349338288158 0.0018459040933379877 0.0074799362809058675 0.021091223658301964 0.0025769091144876412 0.031307602886779716 0.0030772398890637647 0.00084019873254611514 0.0011304485925311511 0.0022269831555760578 -0.010222309363499139 -0.00044244188544663861 0.006704243700763818 -0.0097560179805133498 0.0011010790150742312 0.00022441932629611657 -0.026724823412058809 0.0054891182052465995 0.0022203801589680792 -0.014297452028320759 0.00041108641404671414 -0.0048384492681511184 0.00096511748012726307 0.0040564919532683485 0.021510431718394125 -0.011691837739131237 -0.012922966182178275 -0.017079673914182514 -0.018272413309010506 -0.015598122699687217 0.0079062044761152202 0.0054087649577526375 0.00016201003988195196 0.0018918204996376167 -0.0056600719486598451 0.0013428995306892357 0.0046370035100893629 0.00045817099155434995 0.006293424477220106 -0.0003369946657530644 -0.006032739295142928 -0.0024458718283347724 -0.0014062530518892148 -0.0008783738985833142 0.012122005239323037 -0.010036464718136514 -0.0042630011216724167 -0.0076181695199176482 9.3297246272060577e-05 0.015538823244121279 -0.022412873406322923 0.0022658154315990616 0.030099785665983848 -0.0057074965994316816 0.0045447030163730693 -0.0049527142821012031 0.0036000767513684252 -0.0022563346092245615 0.0037556020806230462 0.0042389749120607901 0.0075758920896908891 -0.00031115176972029099 -0.0061407787320333675 0.0058127939620964703 -0.0075840637980928802 -0.010489941283614135 0.00058874010970189853 -0.003166124354043111 -0.0010322770945549115 -0.00060967790994988745 0.010276577141652921 -0.0012516458010238679 0.018319526324515147 -0.0031627873173849298 0.0023427673058730317 -0.010613382350476083 0.0033566535674565603 -0.019521080132496097 0.0043034242114281616 -0.011561807390893072 0.0054318080894449269 -0.0086686853045740246 -0.0073146494952260766 0.0069351044614306724 0.00044872543007440927 0.0058903890231060052 -0.0038209225101546655 -0.0046904282457771772 -0.0045517689875595423 -0.028247276675505556 0.0078296613328591846 -0.011759469237741958
leaf_weight=10449 31527 2061 926 137 8575 542 57 12801 85 20336 2854 198 126 40 58 345 9432 93 1001 3325 150 687 1777 978 4845 252 133 12320 10476 2857 182 81 534 1553 43 354 258 96 37 124 63 385 1269 102 350 317 230 402 508 863 203 824 468 1385 2531 436 1015 105 95 121 150 24 387 105 222 114 8373 339 1575 606 915 366 74 802 153 109 259 342 26 5649 182 282 5049 355 92 839 118 91 139 1155 601 244 220 876 238 8438 68 213 95 511 1345 755 1125 243 81 100 302 20 419 1786 220 208 436 731 711 120 327 316 83 401 7953 557 106 270 448 93
leaf_count=10449 31527 2061 926 137 8575 542 57 12801 85 20336 2854 198 126 40 58 345 9432 93 1001 3325 150 687 1777 978 4845 252 133 12320 10476 2857 182 81 534 1553 43 354 258 96 37 124 63 385 1269 102 350 317 230 402 508 863 203 824 468 1385 2531 436 1015 105 95 121 150 24 387 105 222 114 8373 339 1575 606 915 366 74 802 153 109 259 342 26 5649 182 282 5049 355 92 839 118 91 139 1155 601 244 220 876 238 8438 68 213 95 511 1345 755 1125 243 81 100 302 20 419 1786 220 208 436 731 711 120 327 316 83 401 7953 557 106 270 448 93
internal_value=-0.000386345 0.00148675 -0.00151733 -0.00201898 -0.00343735 0.0029717 -0.00422333 -0.00581907 -0.000767388 -0.00338709 0.00260731 0.0130404 3.79537e-05 0.00147599 -0.00103435 -0.000131916 -0.00119918 0.00137937 -0.00242441 -0.000797983 0.0162821 -0.00181677 -0.00070748 -0.00494158 0.00635061 -0.00631359 0.00087444 0.000919799 0.00102167 0.00244148 0.00243748 0.00468237 0.0035628 0.000735326 0.00516954 0.00751483 7.30055e-05 -0.000654564 -0.00860051 0.0166043 -0.00146851 -0.00316326 -9.26848e-05 -0.00119549 -0.00736757 -0.00983259 -0.00112718 -0.00275255 -0.00623991 0.00337659 -0.00256227 -0.000711797 0.00207321 -0.0016577 -0.00258848 0.000249843 -0.00487898 -0.00702402 0.00181012 0.000385627 -0.00102781 0.00430499 -0.00434975 0.00105642 -0.00880208 -0.0072119 -0.000919389 -0.00217127 -0.00294591 -0.00629212 -0.00133766 -0.00913284 0.0034289 0.000499433 0.00350202 0.00533041 0.0072148 -0.00754774 -0.0160363 -0.00597828 0.00460041 -0.0106071 -0.00146849 0.0105707 0.00234208 0.00398079 -7.88282e-05 0.0109696 -0.00781576 -0.0045535 0.00069452 0.00545588 -0.00027581 0.000373492 0.00834677 -0.000100671 0.00491043 -0.000750417 0.000507813 -0.00270833 -0.000693069 -0.0050182 -0.00540207 -0.0106917 0.00263103 0.0126327 0.0143322 0.0212691 -0.00296608 -0.00603701 -0.00720288 -0.00242346 0.000139279 -0.00117556 0.00381223 -0.00424616 0.000237631 0.00519274 0.0154089 -0.00320568 -0.00354952 0.00134476 -0.00159159 -0.0136458 0.0107547 0.00853308
internal_weight=213929 80540 133389 110620 51851 39771 39951 13727 58769 26224 4305 416 40769 3889 54464 25295 14826 10469 2277 11900 190 29169 14847 1878 5387 1253 218 22769 22681 34384 8192 3529 3347 4663 2959 2186 4481 4223 388 182 773 730 12969 18088 769 667 4127 3034 1481 1093 1079 11192 2836 8356 7087 3167 3920 2784 2731 1136 1919 736 1183 2636 715 264 17319 8946 7861 2547 5314 1941 1085 876 1230 1077 968 571 229 5888 239 345 14481 709 1024 932 12205 209 2679 1294 3699 845 11996 9935 553 9382 944 1191 315 4399 2520 1094 1879 754 1426 956 856 322 14322 2143 2006 12179 2849 2413 919 1494 763 436 209 9330 8911 958 328 307 472 917
internal_count=213929 80540 133389 110620 51851 39771 39951 13727 58769 26224 4305 416 40769 3889 54464 25295 14826 10469 2277 11900 190 29169 14847 1878 5387 1253 218 22769 22681 34384 8192 3529 3347 4663 2959 2186 4481 4223 388 182 773 730 12969 18088 769 667 4127 3034 1481 1093 1079 11192 2836 8356 7087 3167 3920 2784 2731 1136 1919 736 1183 2636 715 264 17319 8946 7861 2547 5314 1941 1085 876 1230 1077 968 571 229 5888 239 345 14481 709 1024 932 12205 209 2679 1294 3699 845 11996 9935 553 9382 944 1191 315 4399 2520 1094 1879 754 1426 956 856 322 14322 2143 2006 12179 2849 2413 919 1494 763 436 209 9330 8911 958 328 307 472 917
is_linear=0
shrinkage=0.05


Tree=53
num_leaves=127
num_cat=0
split_feature=9 26 9 26 9 26 26 9 9 26 26 26 26 26 31 28 9 33 32 28 27 26 26 9 9 9 18 26 1 34 9 24 19 2 24 2 26 24 7 4 7 24 26 9 4 26 26 19 1 28 34 7 34 19 19 26 32 33 5 28 9 34 16 9 24 35 9 24 9 19 33 5 16 16 25 24 9 19 0 3 35 28 24 0 35 28 24 16 31 31 18 19 29 0 1 25 5 18 29 29 16 19 4 9 24 31 35 2 34 35 34 34 35 9 9 9 2 32 26 9 34 18 5 25 32 15
split_gain=164.438 99.4163 45.0694 64.1508 25.8809 23.39 22.0185 17.8236 16.8873 16.5752 15.3485 14.6033 14.2185 17.3386 11.684 11.6535 11.6373 11.3799 11.107 10.7985 10.5954 10.4073 11.517 10.4734 10.4116 10.0143 11.7543 10.0016 16.1088 17.8576 15.0514 14.8853 15.0874 14.2422 13.3241 12.663 10.1234 12.6298 10.0595 10.2641 9.99824 9.93554 9.80333 9.78734 9.63864 9.36568 9.2158 8.95473 18.2449 15.6636 8.78862 8.61449 8.56332 15.8162 10.1747 8.52409 8.49047 11.9569 15.4409 9.53367 10.021 8.41874 8.74781 8.35884 8.11017 8.99085 10.8647 7.88694 7.81699 13.2799 7.79485 8.79484 14.8954 13.5975 13.2674 12.8728 10.5081 10.1203 10.0415 9.33741 7.99777 10.9051 10.5483 17.8967 8.82984 11.1507 8.30276 7.97424 7.96968 12.5878 8.5452 7.80318 7.73257 11.2111 8.04808 7.71765 10.6198 9.14088 13.8303 7.94897 7.6491 10.4937 9.24788 7.48758 9.35126 9.26222 7.47247 9.99893 10.877 7.73892 8.21857 11.0215 11.7227 10.6657 15.2562 15.3143 14.8791 11.1861 14.8933 12.6045 10.3982 10.023 10.5176 9.47282 9.28129 10.2594
threshold=6.0287404210997799 261.50000000000006 6.5936803181797652 261.50000000000006 8.3967914974307902 400.50000000000006 17.500000000000004 9.8505263167475814 5.3076979500471628 117.50000000000001 122.50000000000001 361.50000000000006 161.50000000000003 61.500000000000007 -0.0030717798738463782 0.0019871376696760442 3.1975886473094337 -0.16006091799829295 0.016930683335419316 0.0028010262728312687 1.0000000180025095e-35 61.500000000000007 161.50000000000003 7.6267837384003876 6.9564340911726621 1.8246898925473982 1.5000000000000002 303.50000000000006 5.5000000000000009 -0.031100566177044424 6.3480695531468188 303.50000000000006 0.27842377260981915 0.25881904510252091 1008.5000000000001 0.78656609248549325 161.50000000000003 303.50000000000006 1.0000000180025095e-35 0.87837969732492682 1.0000000180025095e-35 102.50000000000001 17.500000000000004 3.8397218567063534 1.0000000180025095e-35 300.50000000000006 314.50000000000006 0.077524038461538478 2.5000000000000004 0.0001566484726864527 -0.038826408435994067 1.0000000180025095e-35 9.1488644996161409e-05 0.037386443046820407 0.11189358372456966 61.500000000000007 -0.014434898054356339 -0.04799456329259847 -0.22252093395631442 0.0006941273961984007 6.8255492842682601 0.10887828446918556 1.0000000180025095e-35 10.023761682234982 312.50000000000006 -1.9227188786388128e-05 6.4227461655039404 103.50000000000001 7.9118370052198808 0.19378911892152145 0.0096676621084526935 1.0000000180025095e-35 6.5000000000000009 4.5000000000000009 100.50000000000001 1015.5000000000001 6.6915261923490057 0.13819628647214857 1.0000000180025095e-35 -0.78656609248549325 0.0014537417043179578 0.00017591300227348089 1022.5000000000001 17.500000000000004 0.00011633135910993829 4.899825672503783e-06 321.50000000000006 1.5000000000000002 -0.00068412490832881682 -0.00077137680250744921 6.5000000000000009 0.090230664857530549 -8.7011036560904128e-10 10.500000000000002 4.5000000000000009 44.500000000000007 -0.56174490092936669 1.5000000000000002 0.0015364578852945963 0.00038018088316366599 9.5000000000000018 0.18245838668373884 -0.8783796973249266 6.7755922211413919 1009.5000000000001 0.0017769570928943977 0.015687083441278431 0.12940952255126045 0.029956507577487104 0.00050080563278678413 0.1254453608442328 0.0063651915950917399 -0.0062600246754792145 4.7571303064240302 3.4882108358713162 3.8397218567063534 0.60355339059327384 0.00088190468060633353 307.50000000000006 4.5782823427398815 0.0070972232713332481 1.0000000180025095e-35 -0.22252093395631442 104.50000000000001 1.2186505184868594e-05 1.0000000180025095e-35
decision_type=2 2 2 2 2 2 2 2 2 2 2 2 2 2 2 2 2 2 2 2 2 2 2 2 2 2 2 2 2 2 2 2 2 2 2 2 2 2 2 2 2 2 2 2 2 2 2 2 2 2 2 2 2 2 2 2 2 2 2 2 2 2 2 2 2 2 2 2 2 2 2 2 2 2 2 2 2 2 2 2 2 2 2 2 2 2 2 2 2 2 2 2 2 2 2 2 2 2 2 2 2 2 2 2 2 2 2 2 2 2 2 2 2 2 2 2 2 2 2 2 2 2 2 2 2 2
left_child=1 8 6 4 15 16 19 11 12 42 -6 17 13 -1 -7 21 25 -5 56 40 27 51 23 -23 -24 46 -27 30 33 34 36 -31 -33 38 -30 61 55 45 64 -40 -2 -16 -10 -14 -11 -38 -3 48 49 -37 -50 -4 53 63 -54 -8 59 58 -58 60 -13 62 -35 -9 65 -29 -67 -26 69 -20 71 73 75 80 -74 76 -73 78 -78 -79 82 -82 83 84 -59 -86 -85 -83 89 -80 -90 -75 93 94 -18 -66 97 99 -99 -97 103 -102 -103 104 -19 -106 109 -108 -109 110 111 113 120 114 121 -116 123 119 -119 -117 -113 -94 -123 124 125 -115
right_child=2 5 3 7 10 14 20 52 9 44 -12 18 43 -15 41 -17 92 100 68 -21 -22 22 24 -25 67 26 -28 28 29 31 -32 32 -34 35 -36 47 37 -39 39 -41 -42 -43 -44 -45 -46 -47 -48 -49 50 -51 -52 -53 54 -55 -56 -57 57 70 -60 -61 -62 -63 -64 -65 95 66 -68 -69 -70 -71 -72 72 74 91 -76 -77 77 79 88 -81 81 87 -84 86 85 -87 -88 -89 90 -91 -92 -93 106 -95 -96 96 -98 98 -100 -101 101 102 -104 -105 105 -107 107 108 -110 -111 -112 112 -114 116 115 117 -118 118 -120 -121 -122 122 -124 -125 -126 -127
leaf_value=0.035067141600971942 0.013225405135452754 0.0028272507658330566 0.015453115981747451 0.029534235063603188 0.085923153710003683 -0.0074543402763138757 -0.0036284360666492205 -0.0093260428267046801 0.0007326643524818323 -0.0014317821667279799 0.016730638627395034 -0.0019864328325634672 -0.01968608710789637 -0.042414638194202471 -0.0054860755970120526 -0.00092158437808002229 -0.0036487419857467729 -0.0019736105386659146 0.0006879528642357623 -0.020309960293639025 0.030554239528419444 0.014694125534624637 -6.8570718184954679e-05 0.023982408991976092 -0.015863253969487037 -0.010982934921392488 0.0070435056966581203 0.00054045732313967663 0.00050037334295745044 0.00074397884935283173 -0.00022742956321426691 0.0084882446646924563 -0.018305122260443504 -0.014630175386390117 -0.0059080651214851888 0.00025089407867688054 -0.0013766472514159778 0.00041323112667321121 0.00014896164056344015 -0.019205987441060741 -0.0009075076203473412 9.3865446343004139e-05 -0.014626735120572104 -0.0089475028688089323 -0.0060951516631384513 -0.0050357834051471921 -0.0041554602185459033 -0.00090628973707388273 -0.012241115496891442 -0.01470293831727558 0.0025259666526128519 -0.010895277059809725 0.0036942862961216517 0.010939488455912276 -0.0056546482893831979 -0.0085484519125841232 -0.0016021273979580761 -0.00032486751329106005 -0.010538649902288777 0.00014038946798737643 0.013721073004265449 -0.0065763100072160118 -0.0012645372857122627 0.0033664023957148425 -0.0021772782660616843 0.0098394395487696878 -0.00034883641327492518 0.0060320686806387084 -0.0010933702878189247 0.0057300920456219047 -0.010000138873351518 0.0081750867021485041 -0.011364406802177016 0.075658514002275093 0.055067985195804706 -0.0065972694632674637 -0.0079267685018797277 0.013186815374894901 -0.00010413388974676447 0.00030504810786664312 -0.011847521083969454 -0.0049263386940828205 0.0035225785679799736 0.0085217731262437028 0.028216650797381657 0.0006847774871756256 -0.010093092766140642 5.0247437768213839e-06 -0.0022071016477880792 0.026881398968990156 0.0039831713809453904 0.00083716831491187317 -0.00053886521688875893 0.0060564727457517288 0.0028776131196460372 -0.060103455785555551 0.0019581313132483041 0.025659950810688437 -0.00035725721953180006 0.00062537094812603741 -0.0089126861237383906 -0.023605761618392049 0.0041797348619222931 0.00082939503159434121 0.0017006071470495711 -0.0023254925573771841 -0.0045561668246137587 0.0039295655723021036 -0.00030800845722027994 -0.0027362940948319741 -0.0045317976348816652 0.011584057465569271 -0.0064176702138545524 -0.0011109651921722846 -0.0088712085996520418 -0.0026125220218559991 0.00083624819361630012 -0.0061032446932696317 0.0094711372873110978 -0.0090882821638274946 0.0015597413025492143 0.014616407247440698 -0.00045367391344751888 0.0015653831883869771 -0.007931710048521971 -0.005167366239222107
leaf_weight=121 11957 160 2632 44 139 192 2092 145 505 5945 2833 23 661 679 106 2775 599 2026 1092 1059 93 13632 3797 979 111 2395 271 301 293 435 12414 625 42 277 106 218 920 3776 860 185 7540 24302 4830 6849 3220 306 35 2695 47 157 1148 1769 1671 1069 801 8656 1021 3111 194 1009 85 155 1656 470 361 279 62 8405 256 151 199 103 334 62 25 287 115 102 412 657 236 251 74 26 75 163 238 682 2921 66 112 1658 680 322 382 123 596 133 213 148 341 122 230 16651 271 101 698 776 911 4539 624 181 562 3101 926 3120 4464 131 155 710 1777 131 95 858 888 346
leaf_count=121 11957 160 2632 44 139 192 2092 145 505 5945 2833 23 661 679 106 2775 599 2026 1092 1059 93 13632 3797 979 111 2395 271 301 293 435 12414 625 42 277 106 218 920 3776 860 185 7540 24302 4830 6849 3220 306 35 2695 47 157 1148 1769 1671 1069 801 8656 1021 3111 194 1009 85 155 1656 470 361 279 62 8405 256 151 199 103 334 62 25 287 115 102 412 657 236 251 74 26 75 163 238 682 2921 66 112 1658 680 322 382 123 596 133 213 148 341 122 230 16651 271 101 698 776 911 4539 624 181 562 3101 926 3120 4464 131 155 710 1777 131 95 858 888 346
internal_value=-0.000361337 -0.00220522 0.00068079 0.00148302 0.0029784 -0.00104391 -0.00034672 8.5797e-05 -0.00497589 -0.00394347 0.00745045 -0.0002768 -0.0067739 -0.0131056 9.75417e-05 0.0025876 -0.00198487 0.000627306 -0.00141315 0.000979525 -0.00103918 0.00286267 0.00323109 0.00418052 0.00210322 -0.00501483 -0.00581617 -0.00108002 0.000189974 0.00499834 -0.00158117 0.0082701 0.0129353 -0.000562948 -0.00402846 -0.00194125 -0.00260711 -0.000747952 0.0021211 -0.00191667 0.00124692 0.000195388 -0.00615871 -0.00609115 -0.00265131 -0.00514622 0.0058125 -0.000377634 0.00261905 -0.00694079 0.00563542 0.000607695 0.00318193 0.00592658 0.001304 -0.00347159 -0.0018442 -0.00220047 -0.00691598 0.00233289 0.0161062 -0.00512661 -0.0042015 -0.000463709 0.00402521 0.00874034 0.0142413 0.00307358 0.00267454 0.0043129 -0.00171668 -0.00154716 -0.00309691 -0.000335815 -0.0128503 -0.00235094 -0.00168707 -0.00206435 -0.00316304 0.00317081 -0.00168895 -0.00528322 -0.000543743 -0.000937672 5.88855e-05 0.00923868 -0.0133457 -0.00281716 -0.00267278 0.00330228 -0.00361833 0.00347826 -0.00166265 0.00208907 -0.000580628 0.00208043 0.0039881 -0.000614951 0.00474359 -0.00741848 0.000567429 -0.00457378 0.00148459 0.000755616 -0.00185393 0.00538462 -0.00185343 0.00081067 0.00289155 -0.00212639 -0.00167711 -0.00148166 0.00158416 -0.0019771 -0.00364186 -0.00471468 -0.000950372 -0.00339966 0.00606529 -0.00411343 0.0034106 0.00232163 0.0113203 -0.00276885 -0.00371832 -0.00253693
internal_weight=213929 77247 136682 76754 37072 54437 59928 39682 22810 14500 2972 35526 8310 800 24600 34100 29837 19786 15740 20556 39372 31325 26924 14611 12313 2861 2666 39279 11115 1501 28164 1102 667 9614 399 6353 15750 5002 3261 1045 19497 24408 5335 7510 9165 1226 195 4265 1570 375 1195 4401 4156 1684 2472 10748 14241 13124 1215 1117 108 2088 1933 615 2216 642 341 8516 1499 1243 11909 11710 5134 6576 359 4775 4488 4385 3626 759 4856 1169 3687 3613 3349 238 264 933 3511 478 3033 1720 26976 1303 981 1574 1213 617 346 271 19742 693 352 19049 2398 372 25673 2385 1687 23288 18749 18125 2520 15605 5948 5042 9657 4116 286 3830 1958 906 226 5193 4335 3447
internal_count=213929 77247 136682 76754 37072 54437 59928 39682 22810 14500 2972 35526 8310 800 24600 34100 29837 19786 15740 20556 39372 31325 26924 14611 12313 2861 2666 39279 11115 1501 28164 1102 667 9614 399 6353 15750 5002 3261 1045 19497 24408 5335 7510 9165 1226 195 4265 1570 375 1195 4401 4156 1684 2472 10748 14241 13124 1215 1117 108 2088 1933 615 2216 642 341 8516 1499 1243 11909 11710 5134 6576 359 4775 4488 4385 3626 759 4856 1169 3687 3613 3349 238 264 933 3511 478 3033 1720 26976 1303 981 1574 1213 617 346 271 19742 693 352 19049 2398 372 25673 2385 1687 23288 18749 18125 2520 15605 5948 5042 9657 4116 286 3830 1958 906 226 5193 4335 3447
is_linear=0
shrinkage=0.05


Tree=54
num_leaves=127
num_cat=0
split_feature=9 10 10 10 9 9 10 10 9 21 10 9 28 35 10 9 10 28 3 18 1 19 4 20 24 9 33 30 30 0 9 33 9 34 9 9 9 28 9 32 34 0 28 9 33 18 21 0 24 24 0 3 19 35 3 30 31 24 24 0 3 20 14 1 19 19 24 4 3 24 32 28 9 8 7 0 19 9 8 30 20 8 9 35 33 9 0 31 31 9 30 9 9 31 35 8 34 32 2 9 23 24 35 30 28 3 1 30 28 28 19 3 34 8 8 31 34 7 33 4 33 31 24 28 9 33
split_gain=148.055 58.8838 86.6887 47.7261 31.6155 30.2799 24.4039 20.6968 15.9987 15.7656 14.9519 13.6752 11.8509 11.6975 11.5157 15.0698 11.3252 11.325 11.2711 15.2296 21.9491 13.2391 16.8339 12.9762 11.0284 10.8994 10.6844 10.5762 12.919 14.7961 13.9401 11.7856 12.6512 21.5629 10.543 10.3076 9.32384 9.22223 9.18526 9.4873 15.8302 13.2732 9.23427 11.8081 12.7192 15.7581 12.3471 11.6599 9.10614 10.0914 9.33405 9.21566 9.1953 9.9128 9.83934 9.10099 15.1081 11.4986 10.2302 9.00647 8.88767 18.8625 8.9658 11.3316 8.6792 12.5199 15.7599 12.0256 19.1319 16.0163 16.4458 12.7779 19.5915 11.3151 14.0171 10.7237 18.7791 18.2294 15.495 13.6105 12.0989 9.27629 9.12686 11.5968 9.11799 8.83987 11.2071 8.64963 11.9056 9.98453 8.72366 8.59243 12.1838 10.0031 8.58197 11.068 12.4714 9.31332 8.86101 8.50707 9.8489 8.391 8.33882 8.29117 9.0528 10.9174 8.28315 8.28015 12.2176 20.0096 10.7534 8.54007 11.2222 8.24855 8.18981 8.11265 10.5036 8.10952 8.08512 7.87478 7.77256 7.74208 7.69959 7.69119 7.63063 12.2275
threshold=6.4029888618351398 1.0000000180025095e-35 2.5000000000000004 2.5000000000000004 7.5158635209488986 5.3263453541093524 1.5000000000000002 1.5000000000000002 9.8505263167475814 0.75735294117647067 3.5000000000000004 3.8397218567063534 0.0028010262728312687 -0.13654818945144795 1.5000000000000002 8.2657965631629047 3.5000000000000004 1.0335553151519114e-07 0.1294095225512602 1.5000000000000002 5.5000000000000009 0.19859154929577469 0.6078576107927941 0.82998795664391822 103.50000000000001 5.9290548116647663 -9.6510510144253564e-05 -5.2937002577606966e-07 -0.00061898790513238982 1.0000000180025095e-35 6.2461605203239436 0.0019563472747826747 5.6104537729074311 0.0012742044601756377 4.0137166991158617 6.6151522862522247 10.308179188010698 0.0019871376696760442 1.8246898925473982 0.0010187385431728634 0.005669542441337834 16.500000000000004 0.003906433694835146 3.5624033520609206 -0.00058208913550566131 1.0000000180025095e-35 0.97500000000000009 3.5000000000000004 304.50000000000006 311.50000000000006 9.5000000000000018 -0.60355339059327384 0.094044811320754734 0.0026688688522867429 -0.78656609248549325 -5.6736610601109645e-08 -0.00077137680250744921 1017.5000000000001 307.50000000000006 1.5000000000000002 -0.9159756150367534 0.80140845070422551 1.0000000180025095e-35 5.5000000000000009 0.29478609625668456 0.26138716356107666 1004.5000000000001 -0.8783796973249266 -0.5 219.50000000000003 4.7288844882747464e-09 -1.0000000180025095e-35 4.4779329514174799 8.5000000000000018 1.0000000180025095e-35 5.5000000000000009 0.059262510974539072 3.2670400964011268 9.5000000000000018 0.0018826111040548994 0.82998795664391822 11.500000000000002 2.9525637600956265 3.423315271829438e-05 -0.00073558516182529196 5.2672410983869105 12.500000000000002 -0.0010479419174963364 0.0029828218291396949 7.1709977974850627 0.0021280384446424458 4.7054490064092036 4.8066873308449161 0.00013877347517772718 3.423315271829438e-05 8.5000000000000018 0.0029102755132497404 0.0001085631730248215 0.25881904510252091 8.5510377375042737 0.60552748663054567 1007.5000000000001 0.01491302445110697 -0.03518006898301846 0.003300404731001481 -0.9159756150367534 4.5000000000000009 0.049773355189842015 0.00031759458759750368 0.0010179357132464881 0.060915275200989494 1.0000000180025095e-35 0.012570983248526664 10.500000000000002 8.5000000000000018 -0.0024135162790015975 -0.02091482546654504 1.0000000180025095e-35 -0.025819720556700922 1.0000000180025095e-35 -0.0021698352528496125 0.0011775228134843661 306.50000000000006 3.0894713717822026e-11 6.7755922211413919 -0.11745665766576228
decision_type=2 2 2 2 2 2 2 2 2 2 2 2 2 2 2 2 2 2 2 2 2 2 2 2 2 2 2 2 2 2 2 2 2 2 2 2 2 2 2 2 2 2 2 2 2 2 2 2 2 2 2 2 2 2 2 2 2 2 2 2 2 2 2 2 2 2 2 2 2 2 2 2 2 2 2 2 2 2 2 2 2 2 2 2 2 2 2 2 2 2 2 2 2 2 2 2 2 2 2 2 2 2 2 2 2 2 2 2 2 2 2 2 2 2 2 2 2 2 2 2 2 2 2 2 2 2
left_child=1 12 5 4 35 6 -3 25 9 16 11 38 17 -13 15 -6 107 -1 21 26 23 55 -23 -21 -16 -7 87 28 29 -12 48 64 -33 -34 -8 -2 -26 -37 -4 40 42 -41 43 44 47 -46 101 -40 114 50 -50 52 -51 120 -55 56 102 60 113 -42 61 -57 63 -63 65 67 -67 68 71 70 81 85 82 74 123 77 -77 -75 80 -80 -78 -70 -73 -84 -68 -29 -87 89 99 -20 -90 -66 -93 -94 95 98 97 -97 -10 100 -89 -47 -18 104 105 -60 -107 124 -109 110 -110 112 -111 -58 -31 -69 -117 -25 -114 -9 -54 -19 -76 -71 -5 -126
right_child=3 2 10 8 14 7 34 119 94 -11 27 13 -14 -15 24 -17 18 121 19 20 -22 22 -24 117 36 -27 -28 31 -30 30 -32 32 33 -35 -36 37 -38 -39 39 41 59 -43 -44 -45 45 46 -48 -49 49 51 -52 -53 53 54 -56 57 58 -59 103 -61 -62 62 -64 -65 91 66 84 115 69 73 -72 72 -74 75 122 76 78 -79 79 -81 -82 -83 83 -85 -86 86 -88 88 90 -91 -92 92 93 -95 -96 96 -98 -99 -100 -101 -102 -103 -104 -105 -106 106 -108 108 109 111 -112 -113 118 -115 -116 116 -118 -119 -120 -121 -122 -123 -124 -125 125 -127
leaf_value=-0.0055997892059423517 0.00040703544244146208 -0.03929894712077231 0.0021832725096375231 -0.00043291464233017495 0.018628802959140895 -0.014206451289938478 -0.018007291740240919 -0.00054277961002394235 0.0043111670198434015 -0.024685388647880838 -0.013274875272502746 -0.0036489326129993944 -0.022092188041976719 -0.00066515182769127067 -0.019869090460433225 0.072106084634050313 -0.010803972763842052 0.013099128153049852 0.0062020270401589644 -0.00011698852574041344 -0.0081366197518354284 -0.00057295866299817073 -0.011845174474185833 -0.0020827423114455471 0.008955296860821008 -0.0065602615804558912 0.0010340869262628171 0.004038613034366448 -0.006936803605750403 -0.010678506911063021 -0.007014486851426343 0.00068642726013358241 0.024156213026537501 0.0010620265281875028 -0.0081110617343085299 0.0060525001817513489 0.038860419148200563 -0.001345559575961032 0.012490903121606124 -0.015193606230437971 -0.029807605718387288 0.010669768290106785 0.0074989138488011824 -0.0091332727248897832 -0.0052874244676396464 0.013751413580219607 -0.017911699587006003 -0.019197407932614045 0.00014889614514166269 -0.0097413640714322167 0.015912734938219774 0.00077043751372330577 -0.002122996842442733 0.0049778324680727678 -0.0070724186289542572 0.0076273283968006063 0.0033775279600460218 -0.0097421793703442935 0.02432061107676799 0.0055319607689385247 0.00023648159002891969 -0.0023821576731552848 -0.010501769269891046 0.0055855636665438843 -0.0063708463549484911 0.0015635425465069228 -0.018494500779164706 -0.0064312039690568763 0.028665531546902812 -0.035334814437729199 -0.0061400951493109949 -0.018405882206749727 -0.0067928207314672849 0.0092358412410422763 -0.0051661189204732175 0.00098274039991518665 -0.049216192527478039 0.00051751925998648582 -0.0099366824006125523 0.0080882015466179139 0.018277558437605004 -0.0017673584951600472 0.0025165541443271204 -0.018959374723393048 0.0096092791931672496 -0.0026825255367605664 0.0054173240281578106 -0.0033855765860357013 0.0028214488367576391 3.3406602907914706e-05 -0.0016928021048446115 0.0029826937174716479 -0.0015078750604124685 0.0057402461593855734 4.2886254560957636e-05 0.0025779218137501861 -0.004179543929214824 0.018920514492546694 0.014917461714775093 0.00039581045532578827 0.00027643570913816378 0.003130712022153015 -0.00041261119058143335 0.0059051444288494535 0.0035975518208528319 -0.014920690640142975 0.0077336327054639961 -0.0052296924421091524 -0.0017604092437195188 -0.0098455089107432874 0.010035112897970159 -0.010292253018605087 -0.0062929508921569111 -0.0027052490971128276 -0.00015642944967262097 0.015059783328581933 0.00036079909097995748 -0.0074206724987563311 0.013246906995020007 -0.003296109477008086 0.0011528370736942906 -0.0051317269770349404 0.0012098613600340707 -0.0026843779659761163 0.013755306532719936 0.00087670315899194586
leaf_weight=5776 10252 729 183 4362 1382 3876 969 8563 437 263 135 375 1184 27507 111 201 135 13781 70 1095 604 459 195 138 7163 12053 1243 92 1108 236 189 1448 149 442 6728 24793 192 2214 85 483 47 66 216 873 2399 174 37 496 244 211 189 1461 206 278 47 141 101 260 59 425 6859 942 208 89 602 537 38 225 234 218 95 108 1475 117 131 837 35 1327 428 70 86 43 611 184 233 68 60 1453 219 546 301 402 644 52 1582 779 549 127 682 234 278 253 400 624 409 160 69 421 440 306 789 291 65 138 368 158 12525 196 65 4497 124 2588 538 191 140 15136
leaf_count=5776 10252 729 183 4362 1382 3876 969 8563 437 263 135 375 1184 27507 111 201 135 13781 70 1095 604 459 195 138 7163 12053 1243 92 1108 236 189 1448 149 442 6728 24793 192 2214 85 483 47 66 216 873 2399 174 37 496 244 211 189 1461 206 278 47 141 101 260 59 425 6859 942 208 89 602 537 38 225 234 218 95 108 1475 117 131 837 35 1327 428 70 86 43 611 184 233 68 60 1453 219 546 301 402 644 52 1582 779 549 127 682 234 278 253 400 624 409 160 69 421 440 306 789 291 65 138 368 158 12525 196 65 4497 124 2588 538 191 140 15136
internal_value=-0.000344744 -0.00146961 -0.00199617 0.00119332 0.00231404 -0.00390132 -0.00653956 -0.00313349 1.52625e-05 -0.000292359 -0.000861229 -0.00158005 0.000792728 -0.00112221 0.00496438 0.00883659 -0.000210619 0.00105361 -0.00115499 -0.00283336 -0.00639966 -0.000202612 -0.00707891 -0.00300035 0.004138 -0.00434307 -0.00115889 -3.34708e-05 -0.00217871 -0.000752775 -0.000124367 0.0003885 0.00402275 0.0101552 -0.00570404 0.00166978 0.0043767 0.00218209 -0.00380225 -0.00416712 -0.00347555 -0.0103836 -0.00438354 -0.00488952 -0.00356335 -0.00218532 0.00620469 -0.0102773 0.000626299 0.00184449 0.00880708 0.000532805 -0.00354191 -0.000587121 0.00556818 0.000225022 0.00317262 -0.000502998 0.00565495 0.00519916 -0.000173156 -0.00382671 -0.00580989 -0.00385859 5.63285e-05 0.000339156 0.00642066 9.0127e-05 -0.00158637 0.000442021 0.0102918 -0.00497695 -0.0060449 -0.000490835 -0.00485226 0.00113597 -0.00188912 0.0041822 -0.00845753 -0.012336 0.00736111 0.0163741 -0.000239537 0.00164063 0.0161322 0.00644445 -0.00210526 -0.00272778 -0.00404116 0.00256039 0.00266667 -0.00337243 -0.000729827 -0.00472183 0.00296563 0.00474409 0.00185788 0.00545006 0.00847198 -0.00581853 -0.00702621 0.0086632 -0.00405093 0.00737368 0.00358618 -0.00317406 -0.00813034 0.000545527 -0.00223866 -0.000566037 0.0033205 -0.00711407 -0.00263038 -0.00380123 -0.00490969 0.000992799 0.00116114 -0.0115487 0.00944445 -0.0016571 -0.00664179 0.00172514 -0.000374628 -0.0120833 0.000883012 0.00140959
internal_weight=213929 123562 100233 90367 46308 37415 8426 28989 44059 39903 62818 33619 23329 27882 9049 1583 39640 22145 17625 6377 2033 11248 654 1429 7466 15929 4344 29199 4796 3688 3553 24403 2039 591 7697 37259 7355 27007 5737 5554 5005 549 4533 4317 3444 2863 464 581 3364 2760 433 2327 866 655 325 10594 2095 8499 1560 472 8239 1380 1239 1031 22364 20664 808 19856 6948 4350 372 2598 2378 3978 1078 2900 1456 1444 619 498 121 277 903 795 271 220 128 3101 2485 616 520 1700 1098 696 4156 2574 1455 906 1119 1965 1731 427 535 1321 697 288 229 22015 2377 1956 1229 727 436 239 604 12908 12683 334 130 13060 330 16369 669 409 19638 15276
internal_count=213929 123562 100233 90367 46308 37415 8426 28989 44059 39903 62818 33619 23329 27882 9049 1583 39640 22145 17625 6377 2033 11248 654 1429 7466 15929 4344 29199 4796 3688 3553 24403 2039 591 7697 37259 7355 27007 5737 5554 5005 549 4533 4317 3444 2863 464 581 3364 2760 433 2327 866 655 325 10594 2095 8499 1560 472 8239 1380 1239 1031 22364 20664 808 19856 6948 4350 372 2598 2378 3978 1078 2900 1456 1444 619 498 121 277 903 795 271 220 128 3101 2485 616 520 1700 1098 696 4156 2574 1455 906 1119 1965 1731 427 535 1321 697 288 229 22015 2377 1956 1229 727 436 239 604 12908 12683 334 130 13060 330 16369 669 409 19638 15276
is_linear=0
shrinkage=0.05


Tree=55
num_leaves=127
num_cat=0
split_feature=9 10 9 10 9 10 10 10 10 9 10 10 17 21 28 9 17 5 20 19 0 20 24 9 9 33 17 17 9 10 24 9 28 0 29 25 32 17 8 0 9 18 30 20 30 16 0 9 9 9 9 0 30 28 9 30 17 9 27 4 16 8 32 33 32 20 28 28 34 30 31 30 29 0 32 17 17 9 0 24 20 16 24 19 32 33 9 9 17 20 29 10 16 32 17 24 32 0 4 0 10 17 9 9 19 17 25 20 20 19 25 24 9 20 30 19 9 19 0 4 10 10 9 20 7 24
split_gain=136.119 79.5334 34.7197 54.4907 23.4208 18.5896 16.238 15.9841 13.4064 13.1818 14.5542 16.1247 12.5666 12.3563 11.7264 11.6695 11.6141 11.9647 14.3567 18.2425 17.3168 12.7109 12.1787 14.2035 13.4733 11.5111 11.4003 21.6435 18.3465 11.0873 10.4015 18.9543 22.536 13.7126 13.029 11.3441 12.9176 12.0408 11.5441 10.8584 10.7276 11.1463 14.5657 10.7065 13.1631 12.2847 12.9819 11.5373 11.2724 10.4862 10.2872 10.2405 10.1321 9.98568 9.62553 9.55272 10.0641 9.49866 9.4981 9.46391 9.44982 9.42334 12.851 9.37187 9.37976 9.32858 9.32624 15.9276 9.09882 8.99993 12.4095 11.8052 9.44348 10.2452 14.3913 8.99248 9.42434 12.69 18.4632 10.854 10.8248 12.6692 15.6149 13.5012 11.2854 11.9012 10.5846 10.3021 9.19446 8.97855 8.82482 14.495 16.7945 12.3325 11.9352 17.9215 17.4568 10.134 9.35097 13.8745 11.1201 11.1064 8.79481 8.79102 9.6718 8.75789 8.74767 8.74598 38.3351 16.4287 12.8953 10.8572 8.72305 8.65948 8.63113 8.58089 8.52461 8.42906 8.37944 8.3341 8.29422 11.7303 9.91687 8.26541 8.15077 8.09005
threshold=6.0287404210997799 2.5000000000000004 6.5936803181797652 2.5000000000000004 8.3967914974307902 3.5000000000000004 3.5000000000000004 1.0000000180025095e-35 1.5000000000000002 5.3076979500471628 1.5000000000000002 1.0000000180025095e-35 3.5000000000000004 0.71651785714285732 0.34784503273328221 8.4640998867442594 60.500000000000007 -0.56174490092936669 0.96039215686274526 0.052982456140350888 16.500000000000004 0.93908472479901073 507.50000000000006 8.7928899367233093 8.5510377375042737 -0.16006091799829295 43.500000000000007 49.500000000000007 3.2670400964011268 1.5000000000000002 310.50000000000006 5.0400232965669671 0.0030828561341134267 1.5000000000000002 0.00057108644637129025 102.50000000000001 -0.016951733111216599 2.5000000000000004 6.5000000000000009 8.5000000000000018 1.8246898925473982 2.5000000000000004 5.2096495729086894e-05 0.86402157164869042 0.33978909003684427 1.5000000000000002 10.500000000000002 2.9525637600956265 2.3178755229034191 5.5399478813362029 2.3178755229034191 3.5000000000000004 0.024192343646613646 0.0019871376696760442 3.8397218567063534 0.0069807076118459594 38.500000000000007 7.4292277797806276 1.0000000180025095e-35 1.0000000180025095e-35 3.5000000000000004 10.500000000000002 1.0000000180025095e-35 0.022803750657097634 0.0021869710095458197 0.96693989071038267 0.00083975996860137275 7.919688937239171e-05 -0.040183523319949059 0.0054552781201540361 -0.0030717798738463782 0.0042102547326728105 0.1105567277210479 11.500000000000002 0.001116709448485113 5.5000000000000009 9.5000000000000018 7.2611191451543045 2.5000000000000004 1016.5000000000001 0.83803656597774256 6.5000000000000009 409.50000000000006 0.17694497153700192 -1.0000000180025095e-35 -0.030834825882152264 6.7262945464562831 9.5650922337205859 48.500000000000007 0.92247596153846168 0.00030793515476145806 1.5000000000000002 4.5000000000000009 0.0034566252610725395 58.500000000000007 1003.5000000000001 0.0003278112797341233 5.5000000000000009 -1.0000000180025095e-35 10.500000000000002 3.5000000000000004 16.500000000000004 6.3583354666067455 6.8517334481689414 0.12793235133660666 23.500000000000004 31.500000000000004 0.93908472479901073 0.93288288288288301 0.059262510974539072 14.500000000000002 102.50000000000001 8.3040123642267609 0.8239268680445152 0.0010936116111904342 0.45643939393939398 5.7172347443834637 0.14650406504065042 7.5000000000000009 1.0000000180025095e-35 1.0000000180025095e-35 1.5000000000000002 6.9738320386190447 0.88185443668993024 1.0000000180025095e-35 222.50000000000003
decision_type=2 2 2 2 2 2 2 2 2 2 2 2 2 2 2 2 2 2 2 2 2 2 2 2 2 2 2 2 2 2 2 2 2 2 2 2 2 2 2 2 2 2 2 2 2 2 2 2 2 2 2 2 2 2 2 2 2 2 2 2 2 2 2 2 2 2 2 2 2 2 2 2 2 2 2 2 2 2 2 2 2 2 2 2 2 2 2 2 2 2 2 2 2 2 2 2 2 2 2 2 2 2 2 2 2 2 2 2 2 2 2 2 2 2 2 2 2 2 2 2 2 2 2 2 2 2
left_child=1 9 7 4 53 30 15 12 -6 10 11 -1 -2 14 114 25 17 52 19 20 -19 75 24 57 106 -5 69 28 50 -11 31 125 34 -34 61 37 -37 -32 39 -38 -39 55 -43 45 47 48 59 -45 -40 -49 -28 -30 65 120 -12 56 -42 -24 90 -47 -41 62 89 64 -57 -8 67 -18 -36 71 -71 107 73 -72 116 -21 77 -77 -79 80 81 87 -83 -84 85 -82 -86 88 -78 -33 91 102 93 98 -92 -96 -97 -94 99 -93 -100 -102 -9 -81 -105 -103 -20 108 -7 110 -109 -112 -88 -54 -14 -70 -75 -73 -87 -31 124 -122 -123 -10 -4 -3
right_child=2 5 3 6 8 26 16 58 123 29 54 -13 13 -15 -16 -17 66 18 22 21 -22 -23 23 -25 -26 -27 27 -29 51 119 35 32 33 -35 68 36 38 40 43 60 41 42 -44 44 -46 46 -48 49 -50 -51 -52 -53 113 -55 -56 63 -58 -59 -60 -61 -62 -63 -64 -65 -66 -67 -68 -69 115 70 72 117 -74 74 -76 76 79 78 -80 103 84 82 83 -85 86 118 112 -89 -90 -91 94 92 97 -95 95 96 -98 -99 100 -101 101 105 -104 104 -106 -107 -108 109 -110 -111 111 -113 -114 -115 -116 -117 -118 -119 -120 -121 121 122 -124 -125 -126 -127
leaf_value=0.032658828113270845 -0.017015953306407827 -0.00625990050585787 0.014377835173572513 0.026979304636701135 0.078244662694519004 -1.7794815206412126e-05 0.001020888360411677 -0.0067563430006154675 0.022766658651771951 -0.011998244346931438 -0.017801418165489507 -0.038328958928453755 0.0021357678681336806 -0.05630766415972846 -0.047264382131787644 0.0036985553827921986 -0.0017053699265585144 -0.00252093188191379 0.0012633013497231006 0.017701854752767605 -0.026748614911055003 0.025207301837355291 0.00066814232554354832 -0.016566640685035928 0.00053066293864568559 7.3427318115827273e-05 -0.021505372354098717 -0.00070237761547433373 0.0075340739273770056 -0.001255979569341919 0.0031993339152802122 0.0016398554788813399 -0.0023269536887323763 0.0055355462075736576 0.0054475456259632984 0.0035231402005625034 -0.0017090622854133136 0.0031525100589117534 0.0059965029229991258 0.0092803757246883167 -0.0037616229053422652 0.00488662455996745 -0.0026071170705805175 -0.017040916981493241 0.051453492351530565 -0.00084633603439008122 -0.0045019338652537823 0.00054683536925267322 -0.0062840645913489592 -0.0026797578159503429 0.017097021401037506 0.00027718863882609694 -0.011344059584719735 -0.00090047714006921426 -0.0080457731243696318 0.0042393805119346371 -0.025600148236617139 0.0036302456031508377 0.029528441847861089 0.022048279726137241 -0.0064508389235491195 0.0033107316282665307 0.0038167410357833041 -0.0068105828295168596 -0.0089244409199081571 -0.0033408072501780934 -0.00071714412856518917 0.012733845922658327 -0.0031231533028504288 -0.006889615938271235 0.0002002574677086927 -0.0090594677203868958 0.010611428356812815 0.0052870568904188134 -0.0021459592492301198 -0.0077113698785900159 -0.00014396204375985081 -0.0079165358949748604 0.0054230326138474056 0.0068745168125901347 -0.0054802997953831379 -0.010558493892236859 0.0026770654902978312 -0.0043794633688311454 0.0016726677862301184 0.0094054248850403005 -0.0042767488727730183 0.0090792144126387673 0.0080428457636253451 -0.0074479527253154716 -0.0013250724991698288 0.0010141748294441144 -0.0037866230173128437 0.020868004308768034 -0.012966136074140981 0.0015497108784655678 0.020197752458507634 -0.00013714358954148789 0.00079295012104363405 0.0041618687006838738 -0.026284911467177336 0.082085396123166635 0.00056172173912180776 0.0024156918833085814 -0.002780636824719514 -0.0041749706404880299 -0.0026897348899063526 0.029321209751829759 0.034403592568646293 -0.020265244956120771 -0.0083893042839440664 -0.00071152855621274969 -0.0017696543841716457 -0.00016437372477803446 0.014448166615163524 0.00351099648653312 0.00030821001631513984 0.0095354494702203398 -0.002340574892749882 -0.0055770596693120126 0.014746311762380318 -0.00030496933143948348 0.0051521682694120842 0.0084667766771370449 -0.010653138215906806 -0.00042264875069212318
leaf_weight=121 2602 1916 2632 43 141 9972 3068 3350 1372 5911 661 679 9146 237 170 6489 260 545 245 39 264 81 948 154 869 15569 30 657 91 5615 755 395 70 442 50 332 940 85 22 650 7510 280 578 241 57 1421 897 3485 826 999 283 481 233 2775 6849 852 187 496 82 152 138 826 262 138 389 335 425 404 1724 186 3648 378 76 660 355 238 2194 171 162 46 366 303 450 244 177 334 1715 219 101 409 23511 1926 403 68 233 609 148 1103 1515 1206 156 40 2838 217 168 81 631 113 186 122 68 7761 816 434 10504 98 217 52 229 2974 14611 3927 8386 1459 1769 1975
leaf_count=121 2602 1916 2632 43 141 9972 3068 3350 1372 5911 661 679 9146 237 170 6489 260 545 245 39 264 81 948 154 869 15569 30 657 91 5615 755 395 70 442 50 332 940 85 22 650 7510 280 578 241 57 1421 897 3485 826 999 283 481 233 2775 6849 852 187 496 82 152 138 826 262 138 389 335 425 404 1724 186 3648 378 76 660 355 238 2194 171 162 46 366 303 450 244 177 334 1715 219 101 409 23511 1926 403 68 233 609 148 1103 1515 1206 156 40 2838 217 168 81 631 113 186 122 68 7761 816 434 10504 98 217 52 229 2974 14611 3927 8386 1459 1769 1975
internal_value=-0.000337966 -0.00201558 0.00061019 0.00131431 0.00269251 -0.000976865 2.65836e-05 -0.000291658 0.00694659 -0.00449375 -0.00608238 -0.0124845 0.000755494 0.00117972 0.00131652 0.000928595 -0.00110727 -0.00143784 -0.0022085 -0.00323949 -0.0103839 -0.00253474 0.000592145 0.00373986 -0.00229286 0.000187617 1.34176e-05 0.00417259 0.00925562 -0.00358152 -0.00183888 -0.000325195 0.0019715 0.0117602 0.000626161 -0.0024292 -0.00122971 -0.00355923 -0.00155904 0.00214657 -0.00401811 -0.00417195 0.00126883 -0.0023504 -0.000834551 -0.00453054 -0.00273737 -0.00113372 -0.00970692 -0.000554689 0.0188915 0.00386482 0.000914111 0.00232077 -0.00539255 -0.00468671 -0.00537295 0.00528641 -0.000928327 4.75345e-06 0.00645649 0.00354771 0.000434174 -0.000850794 0.000543741 0.00201951 0.00388254 0.00756353 -0.00232818 -0.000256943 0.00159413 -0.00076754 0.00207418 0.0017912 0.00572353 -0.00273401 -0.00285408 -0.00902344 -0.00264053 -0.00238364 -0.00284915 -0.000866751 -0.00562126 -0.00145207 -0.00475906 -2.67607e-06 -0.00638776 0.0010262 2.71745e-05 -0.00270705 -0.000966807 0.000103617 0.00175227 0.00314789 -0.00152095 0.00384422 0.0075689 -0.00286896 0.00284236 0.00448837 -3.89532e-05 -0.0091578 -0.00162764 0.00528096 0.00266026 0.00220238 -0.00665153 -0.00057305 0.000402933 -0.00180196 -0.00151567 -0.00176187 -0.0072151 -0.00469866 0.00143093 -0.00292556 0.00914683 -0.00890805 0.00454666 -0.00243222 0.00257541 0.0029043 0.00176632 0.00617155 0.000562302 -0.00284843
internal_weight=213929 77247 136682 76754 37072 54437 39682 59928 2972 22810 8310 800 22659 20057 19820 22101 17581 16492 12422 9079 809 8270 3343 1598 1745 15612 25336 1542 885 14500 29101 8167 4276 512 3764 20934 10160 10774 9828 1728 10019 9934 858 8100 4782 3318 2470 4725 848 4484 313 572 4070 34100 7510 9076 7697 1444 37269 1573 788 1892 1066 1379 1241 3403 1089 664 1872 23794 5142 18652 4956 4880 1232 8189 8150 571 333 7579 7148 3511 997 694 3637 929 2708 2514 2295 804 37187 12686 6498 4992 24501 990 757 1506 4924 3132 1792 277 6188 431 385 121 876 18222 10158 8064 7942 7829 2531 667 19650 1822 877 430 563 8589 31325 26924 12313 2831 4401 3891
internal_count=213929 77247 136682 76754 37072 54437 39682 59928 2972 22810 8310 800 22659 20057 19820 22101 17581 16492 12422 9079 809 8270 3343 1598 1745 15612 25336 1542 885 14500 29101 8167 4276 512 3764 20934 10160 10774 9828 1728 10019 9934 858 8100 4782 3318 2470 4725 848 4484 313 572 4070 34100 7510 9076 7697 1444 37269 1573 788 1892 1066 1379 1241 3403 1089 664 1872 23794 5142 18652 4956 4880 1232 8189 8150 571 333 7579 7148 3511 997 694 3637 929 2708 2514 2295 804 37187 12686 6498 4992 24501 990 757 1506 4924 3132 1792 277 6188 431 385 121 876 18222 10158 8064 7942 7829 2531 667 19650 1822 877 430 563 8589 31325 26924 12313 2831 4401 3891
is_linear=0
shrinkage=0.05


Tree=56
num_leaves=127
num_cat=0
split_feature=9 26 9 10 17 26 10 9 26 26 27 18 17 17 9 23 17 0 9 16 33 26 26 9 9 24 9 9 26 17 35 29 35 29 17 35 9 33 10 10 35 29 25 25 0 28 28 32 25 28 33 26 17 1 9 23 24 9 25 30 17 4 0 9 24 0 16 1 17 32 20 1 23 0 19 19 25 24 9 17 17 0 29 9 16 9 30 24 30 30 30 31 25 9 31 19 19 19 31 24 33 2 30 24 19 1 9 17 9 35 24 9 32 9 0 35 0 9 33 4 9 17 35 9 20 17
split_gain=124.776 68.563 34.5013 52.0958 16.0945 15.5189 14.17 19.5473 14.2936 13.3193 12.8494 12.4801 11.5322 11.2829 21.5483 22.5909 13.5222 13.2315 12.4195 12.2643 11.1571 10.7699 17.176 15.5331 15.1019 10.7492 10.4203 10.3446 30.6503 20.1297 12.5767 11.2613 17.2472 10.0383 10.3509 10.9617 9.90846 11.789 9.68066 9.88045 9.51667 9.39694 9.80174 10.6852 10.1198 9.3224 11.0487 9.26776 9.07508 8.95846 8.70545 11.4485 8.68579 8.66998 8.66675 8.60554 9.11893 8.48908 8.42974 12.2852 9.08587 9.39279 12.5963 23.6454 8.23745 13.5784 8.73876 8.37936 8.12753 11.1238 8.00325 11.4416 11.4221 7.96992 9.38062 16.2298 13.1673 15.3481 9.27053 12.6643 10.387 9.18674 12.1393 9.13715 9.01383 11.8741 8.10627 10.121 8.49204 8.03065 7.88751 7.95161 7.78349 7.66752 7.66276 8.63221 19.3723 22.0739 14.6231 11.3851 9.38186 9.24705 21.637 16.5289 11.3742 11.3291 9.73772 9.01361 8.87917 9.18752 10.7625 8.33658 7.89033 11.4891 15.8122 7.83443 10.4221 20.3432 9.94071 17.4075 7.73563 7.5862 7.64586 7.50297 7.31211 7.29579
threshold=5.9290548116647663 222.50000000000003 6.7035676754613602 3.5000000000000004 60.500000000000007 400.50000000000006 2.5000000000000004 8.3967914974307902 122.50000000000001 17.500000000000004 1.0000000180025095e-35 16.500000000000004 2.5000000000000004 31.500000000000004 3.2670400964011268 0.90439373713699056 30.500000000000004 3.5000000000000004 4.7800036004768485 2.5000000000000004 -0.16006091799829295 117.50000000000001 17.500000000000004 5.2672410983869105 4.4525110950346276 110.50000000000001 3.1975886473094337 6.4029888618351398 200.50000000000003 20.500000000000004 0.21508431036020317 0.00030793515476145806 0.00091251445293866478 0.35418937600095241 56.500000000000007 0.016054638066650796 11.30885442583117 -0.027056679852883028 1.0000000180025095e-35 1.5000000000000002 -0.0054993852755593911 0.00025036641924563243 14.500000000000002 35.500000000000007 1.0000000180025095e-35 0.0006941273961984007 7.919688937239171e-05 0.016930683335419316 105.50000000000001 0.34784503273328221 -1.6560061844522452e-09 201.50000000000003 5.5000000000000009 1.0000000180025095e-35 1.8246898925473982 1.842144089932904 1009.5000000000001 6.7755922211413919 23.500000000000004 -1.0000000180025095e-35 25.500000000000004 1.0000000180025095e-35 1.5000000000000002 5.2493401976304712 1022.5000000000001 17.500000000000004 3.5000000000000004 4.5000000000000009 6.5000000000000009 2.6245774366131276e-05 0.78619047619047622 5.5000000000000009 1.7912051628352887 16.500000000000004 0.066120218579234988 0.064866760168302964 34.500000000000007 301.50000000000006 6.8517334481689414 34.500000000000007 22.500000000000004 2.5000000000000004 1.1722617760071621e-09 7.1709977974850627 8.5000000000000018 8.7928899367233093 -0.03518006898301846 508.50000000000006 -0.054258327089277102 -0.089270569024465118 0.0010936116111904342 0.0012011503895730039 105.50000000000001 7.6267837384003876 -0.0030717798738463782 0.045115332428765274 0.07634032634032635 0.066120218579234988 -0.0017052925638774469 1009.5000000000001 -0.00098369986579640439 0.98296291314453421 0.00013034749624506964 214.50000000000003 0.10432213930348259 4.5000000000000009 4.2315501622290013 25.500000000000004 5.705704427546471 0.10591800687982299 1008.5000000000001 5.6104537729074311 8.3737186474734337e-05 4.0137166991158617 17.500000000000004 4.2148361067717691e-08 3.5000000000000004 4.8066873308449161 3.7824677578215682e-06 0.87837969732492682 3.2670400964011268 73.500000000000014 -0.00038890300403132038 4.4525110950346276 0.66185031185031196 23.500000000000004
decision_type=2 2 2 2 2 2 2 2 2 2 2 2 2 2 2 2 2 2 2 2 2 2 2 2 2 2 2 2 2 2 2 2 2 2 2 2 2 2 2 2 2 2 2 2 2 2 2 2 2 2 2 2 2 2 2 2 2 2 2 2 2 2 2 2 2 2 2 2 2 2 2 2 2 2 2 2 2 2 2 2 2 2 2 2 2 2 2 2 2 2 2 2 2 2 2 2 2 2 2 2 2 2 2 2 2 2 2 2 2 2 2 2 2 2 2 2 2 2 2 2 2 2 2 2 2 2
left_child=1 21 9 6 47 26 7 38 -9 12 27 20 -2 16 15 19 25 18 -16 -15 -8 22 -1 -24 -23 -7 40 28 -11 50 121 32 41 34 70 -36 53 -38 52 93 92 42 -30 44 -44 46 -6 64 -32 90 51 -29 -4 124 -42 56 -19 -49 59 -27 61 -61 63 -63 65 73 67 -67 -56 -70 71 -33 -72 74 75 81 84 -78 -75 80 -80 82 -5 -84 85 -76 87 -83 -89 -79 -14 -92 -3 -40 -60 98 97 100 -96 101 -97 103 105 -98 120 -103 -104 -99 109 110 115 -112 113 114 -101 116 117 -100 -117 -120 -105 122 -31 -102 -22 -122
right_child=2 5 3 4 45 13 11 8 -10 10 -12 -13 49 14 17 -17 -18 55 -20 -21 36 24 23 -25 -26 58 -28 29 31 30 48 33 -34 -35 35 -37 37 -39 39 -41 54 -43 43 -45 -46 -47 -48 57 -50 -51 -52 -53 -54 -55 68 -57 -58 -59 94 60 -62 62 -64 -65 -66 66 -68 -69 69 -71 72 -73 -74 78 76 -77 77 89 79 -81 -82 86 83 -85 -86 -87 -88 88 -90 -91 91 -93 -94 -95 95 96 99 107 108 112 123 102 106 104 -106 -107 -108 -109 -110 -111 111 -113 -114 -115 -116 118 -118 -119 119 -121 125 -123 -124 -125 -126 -127
leaf_value=0.0043179716532617081 -0.024340831306956127 -0.017055754070939913 -0.025575271330834537 0.0033704589495642556 0.00030709588944074351 -0.0025423860431886946 0.026285112803153113 0.074109458658075042 0.014366718429152037 -0.0059425242325252727 0.029819178731867613 -0.040368570706599528 0.00093557190381908853 0.014795873449838718 0.020499858680977118 0.018220821070274167 -0.010242914448270843 -0.00050101653159687661 0.00023412709469772166 -0.00095386733629271932 0.020260492565248443 -0.014235137177093439 -0.039636325003099424 -0.014039573375261561 -0.0044637181215736463 -0.010330323148444155 -0.0011604424667513837 0.0031045583797283602 0.0047767121357897629 0.00016485510863046459 -0.00037868470155501911 -7.3872432836014778e-05 0.018407352785933345 0.002715938387277034 0.0013236663383204385 0.024014200063587621 -0.016715830124925338 0.015628781941791469 0.012318847939263258 0.0026805703886577398 0.0020022531397095732 0.020436228259628316 0.015660817983357833 0.0013636810491416713 -0.001478688216427704 -0.00021258975494848882 0.015859522376155573 0.0064989003459887014 0.012747768307764444 -0.036686250530015528 0.0021895849630412015 -0.0016495406339665656 0.0078407931543754399 0.00043701559317100468 -0.00898908796716099 0.0045008342982690089 -0.077238216828446088 0.00048097284270847123 -0.0080147291789658074 -0.0015388940147705204 0.042509224306907838 0.004731781625575888 0.0054352126440651597 -0.028805525788008952 0.0024294480991621076 -0.0033764361235002318 -0.00053837634459535271 -0.015576455556334818 -0.010537769159215025 0.011621195308811698 -0.00094958428775808977 0.0040003267117182002 -0.0059221840861779966 0.0065307909719606282 -0.00023627646520032252 0.027458170429299079 -0.008394714922123887 -0.011131221294755951 0.00024908076852058592 0.0053497567628980978 -0.033271824637434388 -0.0051912694666920228 0.0052630176237778194 -4.2819743747254333e-05 -0.008008232085485404 0.0061986602669386361 -0.00014774296788301622 0.00020122550173263252 -0.012342832672850584 -0.0016189077663311534 0.017328313358226249 -0.005352654360805259 0.021541842481011531 0.021096979583166503 0.0088198914306421138 0.017403189243850592 -0.015409245431667615 0.03245539318947132 0.010492922928721045 0.0086333909817668322 0.0022251514899541856 -0.0075545073124793916 0.0029355482440575546 -0.014002534481622409 -0.00012710543665869011 0.011230829376972512 -0.0085268360368755229 -0.0084954710280861524 -0.0018153459931797373 0.0004831858562248038 -0.0048879519829790261 0.013444591776939055 0.0066656241751881264 -0.00031729242930616651 -0.0059355954360620026 -0.00061335992980407104 -0.00018274267874642149 6.5578210221874103e-05 -0.025863235630917809 0.0031465817209201719 -0.0044242189115300092 0.024874821000482741 -0.0022850561373442247 -0.00042038751704960657 0.0030253242423048245 0.029015434043462341
leaf_weight=616 1221 228 970 171 189 557 45 139 2833 14277 121 64 9058 87 102 234 185 1140 111 138 47 2127 555 3625 12810 96 25708 4317 162 2129 72 1978 85 344 513 75 63 491 10829 12448 185 178 38 3129 1899 414 300 54 72 178 6389 2834 3635 18372 1322 244 82 1384 154 482 46 210 872 170 112 239 451 324 847 256 7749 343 181 46 2286 61 222 141 254 134 79 194 71 690 125 304 2892 375 88 5113 8265 1857 28 1015 92 109 302 218 146 208 262 57 271 132 4338 367 219 27 683 862 1510 47 407 1311 119 1809 3359 329 368 39 497 25 5243 637 1540 51
leaf_count=616 1221 228 970 171 189 557 45 139 2833 14277 121 64 9058 87 102 234 185 1140 111 138 47 2127 555 3625 12810 96 25708 4317 162 2129 72 1978 85 344 513 75 63 491 10829 12448 185 178 38 3129 1899 414 300 54 72 178 6389 2834 3635 18372 1322 244 82 1384 154 482 46 210 872 170 112 239 451 324 847 256 7749 343 181 46 2286 61 222 141 254 134 79 194 71 690 125 304 2892 375 88 5113 8265 1857 28 1015 92 109 302 218 146 208 262 57 271 132 4338 367 219 27 683 862 1510 47 407 1311 119 1809 3359 329 368 39 497 25 5243 637 1540 51
internal_value=-0.000325345 -0.00202078 0.000534659 0.00133379 -0.00109717 -0.00107242 0.00210783 0.00276864 0.00662748 -0.000225744 -0.000650762 0.0010862 0.000851269 -0.000125997 0.00333411 0.0128718 -0.000470004 0.00069626 0.0121904 0.00146739 0.00115718 -0.00453149 -0.00659446 -0.00774193 -0.00386712 -0.000351811 -0.00185678 -0.000689317 -0.00127108 0.00016492 -0.00190465 0.000184964 0.0020383 -0.000725554 -0.000993867 0.00543002 0.0010994 0.00766547 0.00237068 0.00276907 -0.00471438 0.00167529 0.00128416 0.000890358 -0.00202497 0.0053772 0.0100152 -0.00146854 0.0124832 0.00114884 0.00131783 0.000119131 0.000268439 0.000915273 -0.00379541 -0.00100952 -0.00272616 0.00235274 -0.000167459 0.00302499 0.00397759 0.00335538 0.00563246 -0.00194805 -0.00185157 -0.00195934 -0.00752208 -0.0116505 -0.00459362 -0.00141471 -0.00136481 0.00121561 -0.00212035 -0.00153083 -0.00177755 4.50853e-05 -0.00278764 -0.00419814 0.00455116 0.00231462 -0.00293639 -0.000317097 0.00408751 0.00134138 5.97432e-05 0.000703276 -0.00147791 -0.00646903 -0.00238782 -0.00364423 0.00125358 0.0022124 -0.0138314 0.00380285 -0.000484552 -0.000391885 0.000663731 0.00644475 -0.00148016 -0.00021457 0.00312932 -0.00127665 0.00335691 -0.00207512 -0.00138463 0.0115618 -0.00378788 0.01975 -0.00168396 -0.00123938 -0.00179421 -0.00549456 0.00301829 0.0014577 0.00976657 -0.00083815 0.000530087 0.00742188 -0.00320126 -0.0102124 -0.00737226 -0.00219299 -0.00229361 0.00140763 0.00445509 -0.00466546
internal_weight=213929 71993 141936 69204 16713 52260 52491 31869 2972 72732 52153 20622 20579 23686 2138 459 21548 1679 213 225 20558 19733 4796 4180 14937 21363 28574 52032 30951 21081 7541 16674 5491 11183 10839 588 20513 554 28897 24292 2866 5406 5228 5066 1937 903 489 15810 144 19358 13540 7151 4605 19959 2610 1466 1222 1438 20806 1876 1780 1734 1252 380 14372 14260 1014 563 2425 1103 10251 2321 7930 13246 12733 4542 8191 5476 513 467 333 4481 932 761 2715 2590 3549 657 463 5254 19180 10122 256 11844 18930 18776 9532 1253 9244 8279 1008 6234 914 5320 5018 424 490 245 9152 8469 7607 1557 2045 1638 327 6050 3834 475 2216 407 680 7397 7372 899 1587 548
internal_count=213929 71993 141936 69204 16713 52260 52491 31869 2972 72732 52153 20622 20579 23686 2138 459 21548 1679 213 225 20558 19733 4796 4180 14937 21363 28574 52032 30951 21081 7541 16674 5491 11183 10839 588 20513 554 28897 24292 2866 5406 5228 5066 1937 903 489 15810 144 19358 13540 7151 4605 19959 2610 1466 1222 1438 20806 1876 1780 1734 1252 380 14372 14260 1014 563 2425 1103 10251 2321 7930 13246 12733 4542 8191 5476 513 467 333 4481 932 761 2715 2590 3549 657 463 5254 19180 10122 256 11844 18930 18776 9532 1253 9244 8279 1008 6234 914 5320 5018 424 490 245 9152 8469 7607 1557 2045 1638 327 6050 3834 475 2216 407 680 7397 7372 899 1587 548
is_linear=0
shrinkage=0.05


Tree=57
num_leaves=127
num_cat=0
split_feature=17 35 1 30 35 33 12 17 35 26 24 17 16 35 26 26 19 24 1 24 18 16 7 8 24 33 8 17 8 31 28 17 24 28 0 31 7 0 0 31 19 17 26 24 0 35 26 26 17 23 23 2 4 8 24 19 19 17 19 35 24 26 23 18 8 26 24 24 0 30 18 16 1 24 30 17 24 26 2 24 17 24 17 8 19 19 26 17 8 26 2 19 24 24 8 5 25 24 26 5 19 8 26 8 34 0 34 18 19 28 2 17 0 30 28 34 17 5 18 18 26 4 35 28 24 28
split_gain=36.6126 21.9966 14.585 16.1142 12.1175 11.9928 15.2874 13.2013 24.9125 16.3268 15.0166 23.1159 15.1336 12.9091 11.7572 15.991 11.5015 10.792 22.0609 10.7795 27.1843 10.6969 11.9441 10.565 10.3377 11.1192 10.2808 10.2799 9.9978 9.6859 10.7376 9.66025 9.59486 9.51868 9.47759 10.2386 20.0999 14.6851 9.44781 10.4528 9.59809 24.832 9.34333 16.093 9.22117 8.88667 8.8731 12.0688 13.6895 8.87483 27.1746 9.4793 10.6903 8.66662 8.32501 13.2048 12.1599 10.2988 17.7682 15.7257 12.3617 11.7189 13.6171 13.4596 8.32299 8.1358 8.06641 9.01935 8.05628 7.98084 10.6553 16.1089 8.42303 8.20527 11.9261 14.7392 10.7951 16.0549 8.92486 7.93773 7.91149 7.90264 11.2025 7.82079 9.74467 12.019 20.4438 13.3703 11.9544 14.134 31.3429 12.5665 9.28255 8.85306 11.2302 8.26089 9.81827 8.9474 7.81524 12.9834 20.107 7.94376 7.71769 8.38256 7.68941 7.60412 8.52314 11.8982 9.76977 8.55865 8.42477 8.12987 7.81692 11.5459 10.6161 7.6033 7.5887 7.56458 9.22954 9.19291 8.55923 7.44342 7.38718 7.34394 7.32352 7.47138
threshold=8.5000000000000018 -0.00029664672918498802 4.5000000000000009 0.0069807076118459594 0.021728908483365218 -1.2437150368148906e-05 10.500000000000002 47.500000000000007 0.0059722922652515721 306.50000000000006 217.50000000000003 23.500000000000004 1.0000000180025095e-35 0.0016237698015904923 305.50000000000006 403.50000000000006 0.26953601953601958 102.50000000000001 5.5000000000000009 304.50000000000006 1.5000000000000002 3.5000000000000004 1.0000000180025095e-35 8.5000000000000018 301.50000000000006 0.032895402843785025 3.5000000000000004 25.500000000000004 5.5000000000000009 0.0014254022818476219 2.0170139644159501e-06 25.500000000000004 202.50000000000003 0.0018083751176828711 18.500000000000004 0.0011775228134843661 1.0000000180025095e-35 6.5000000000000009 13.500000000000002 0.00025711345576074658 0.29478609625668456 9.5000000000000018 408.50000000000006 1009.5000000000001 2.5000000000000004 0.032976264088236569 261.50000000000006 401.50000000000006 20.500000000000004 0.81398360638707701 1.0510651037159444 0.98296291314453421 0.87837969732492682 9.5000000000000018 306.50000000000006 0.03883861236802414 0.045115332428765274 19.500000000000004 0.069971440228478191 -1.0000000180025095e-35 1013.5000000000001 222.50000000000003 0.90439373713699056 1.0000000180025095e-35 5.5000000000000009 61.500000000000007 1012.5000000000001 1010.5000000000001 1.5000000000000002 -0.089270569024465118 3.5000000000000004 8.5000000000000018 1.5000000000000002 1010.5000000000001 0.13472115427313333 36.500000000000007 312.50000000000006 403.50000000000006 0.12940952255126045 309.50000000000006 7.5000000000000009 1010.5000000000001 40.500000000000007 5.5000000000000009 0.19859154929577469 0.060915275200989494 402.50000000000006 9.5000000000000018 9.5000000000000018 301.50000000000006 0.91597561503675362 0.16428133306072382 312.50000000000006 308.50000000000006 6.5000000000000009 -0.56174490092936669 74.500000000000014 1000.5000000000001 302.50000000000006 -0.56174490092936669 0.051503094606542892 9.5000000000000018 302.50000000000006 3.5000000000000004 0.0010406741728408054 6.5000000000000009 -0.036232136825033956 6.5000000000000009 0.16035714285714289 0.0030828561341134267 -0.91597561503675329 42.500000000000007 1.5000000000000002 -0.01919438248298792 1.1930063095023286e-06 -0.12407416976338817 1.5000000000000002 -0.22252093395631442 6.5000000000000009 4.5000000000000009 202.50000000000003 0.87837969732492682 0.0019049332108474171 0.0024232106439961193 1002.5000000000001 0.0010651049769208505
decision_type=2 2 2 2 2 2 2 2 2 2 2 2 2 2 2 2 2 2 2 2 2 2 2 2 2 2 2 2 2 2 2 2 2 2 2 2 2 2 2 2 2 2 2 2 2 2 2 2 2 2 2 2 2 2 2 2 2 2 2 2 2 2 2 2 2 2 2 2 2 2 2 2 2 2 2 2 2 2 2 2 2 2 2 2 2 2 2 2 2 2 2 2 2 2 2 2 2 2 2 2 2 2 2 2 2 2 2 2 2 2 2 2 2 2 2 2 2 2 2 2 2 2 2 2 2 2
left_child=2 65 3 4 24 7 17 9 28 -3 11 -11 -13 19 115 -16 69 18 -7 20 23 22 83 68 32 29 -22 -14 -9 116 -31 -28 -1 44 35 36 66 53 40 -40 41 -23 54 -44 -10 -6 -43 48 -48 -49 -51 52 -52 -38 56 -56 -24 61 81 -60 -61 -57 79 -64 -19 123 67 -17 -8 -12 73 72 -72 76 75 -75 77 78 -71 -63 -39 82 -59 -21 85 86 93 -87 91 -90 104 95 -88 94 -85 97 -97 -89 101 100 -100 -25 103 -70 -91 112 107 108 110 -110 -107 -108 113 -67 -115 -4 -26 119 120 -114 -119 -94 -79 -2 125 -118
right_child=1 5 14 -5 45 6 13 8 33 10 16 12 27 -15 15 34 -18 64 -20 21 26 38 42 98 25 -27 31 -29 -30 30 -32 -33 -34 -35 -36 -37 37 80 39 -41 -42 46 43 -45 -46 -47 47 49 -50 50 51 -53 -54 -55 55 57 -58 58 59 60 -62 62 63 -65 -66 105 -68 -69 102 70 71 -73 -74 74 -76 -77 -78 122 -80 -81 -82 -83 -84 84 -86 87 92 88 89 90 -92 -93 121 -95 -96 96 -98 -99 99 -101 -102 -103 -104 -105 -106 106 111 -109 109 -111 -112 -113 117 114 -116 -117 124 118 -120 -121 -122 -123 -124 -125 -126 -127
leaf_value=-0.0048802391366986261 0.019833527381594059 -0.00041503901832123453 -0.0056780708318209918 -0.00011610322495556177 -0.01150553248727007 0.0023928597804983467 0.001791583563915098 0.028332211991065361 -0.0034182780703776398 -0.0081895600555352676 0.00065027453007902305 -0.016305929396744686 0.059287373218526479 0.0019286646615229658 0.001111137590663626 -0.00048464461048205657 -0.008799392746424068 0.010009271621205931 -0.015295564432688575 0.001303209285594903 0.043874724319629146 0.010149617627064665 -0.026215132413443778 0.019107073612891139 -0.011222753307094865 0.0022621609491381323 0.0060005502560788113 0.00016672205774820914 -0.0024930871316959772 -0.010886747175322594 -0.0081269654535276788 -0.007115866341329817 0.0007879123240578708 0.00012025037886301694 -0.011360495668707999 -0.0034907361782010298 -0.0022889918190727148 0.0081744703207915666 -0.00033047772052885384 -0.015462848899563675 -0.0024036999265022087 -0.00025825050241934806 -0.0054852792904554531 -4.6692483735207578e-07 0.011098547772899037 -0.0024197430527809986 0.007261129811606825 -0.0018330306809723352 0.0025215351426877454 0.031383331550048785 -0.00039421431021235314 0.0037525194505465599 0.0064252381554517572 0.0024173751267122985 0.0012711021580367134 -0.0028046996516014719 -0.00034864251036687558 -0.0079757561249810243 -0.0070781579760166441 0.0081742005253958618 -0.0053458975272207433 0.008110318616981119 -0.028728024295360928 -0.0018751806267758961 0.0011471034581228858 0.01606539098742368 0.017072957787009613 -0.01939703298069825 -0.0099192882612831532 0.0013904788163870913 0.0014961036044869361 0.023209787269180417 -0.011876624911232436 0.0010053401503607843 -0.006566183127913747 0.024309485387997678 -0.0017725871655400851 0.0001244740900071456 -0.0019543243797162913 -0.002447125015050487 -0.0017598271260094917 0.0014177770245362008 0.0067259756016707336 -0.011512377402717374 -0.010834492605879549 -0.0087399700007812584 0.00039166852289671992 -0.0059485730247801853 -0.00018379537324363714 0.0054270662200083817 -0.00038355205455115949 0.0039828649196701127 -0.0086949246738656401 -0.0014276709969970542 0.0092891950625385387 0.0056311913478756769 -0.0051247208801121326 -0.00025991264014451064 -0.022618387403090547 0.0089885973287995077 0.0058843117652286649 -0.0033819990089676011 -0.0053157181970043266 0.0010966997536513269 -0.0048020014716742892 -0.0023819970081689354 0.0010846565585605008 -0.012361480283265131 -0.0017331046546764104 -0.0081064413366451187 0.0022875972000353044 0.0039486644425281601 0.00109996282356534 0.009721608160251239 0.0012591649204137293 -0.0015876078488138109 -0.0032515482343713322 0.0015707131046454094 0.025119467603858664 -0.0085506471676518297 -0.0034613888396294091 0.012618583525729796 0.0045085555634516552 -0.024516762570333105 -0.0020361598547547007 -0.0079634951466571492
leaf_weight=1039 5953 24563 254 8846 246 202 268 203 244 1705 1309 243 106 3546 5743 2519 361 1307 186 3661 26 139 173 119 895 672 87 854 2126 234 823 816 4146 742 213 679 375 444 2424 121 1127 2736 942 741 1523 241 537 605 1490 164 1451 203 94 282 2594 1717 200 635 144 826 137 49 406 318 9702 67 40 155 99 523 173 44 898 1634 155 118 6244 385 1083 688 60 160 141 64 340 535 224 431 1355 1183 715 315 826 3718 412 489 868 364 92 291 111 598 308 402 55 250 17898 193 726 304 2229 3346 5768 67 2455 18232 8689 1858 100 297 4406 43 633 255 10888 1453
leaf_count=1039 5953 24563 254 8846 246 202 268 203 244 1705 1309 243 106 3546 5743 2519 361 1307 186 3661 26 139 173 119 895 672 87 854 2126 234 823 816 4146 742 213 679 375 444 2424 121 1127 2736 942 741 1523 241 537 605 1490 164 1451 203 94 282 2594 1717 200 635 144 826 137 49 406 318 9702 67 40 155 99 523 173 44 898 1634 155 118 6244 385 1083 688 60 160 141 64 340 535 224 431 1355 1183 715 315 826 3718 412 489 868 364 92 291 111 598 308 402 55 250 17898 193 726 304 2229 3346 5768 67 2455 18232 8689 1858 100 297 4406 43 633 255 10888 1453
internal_value=-0.000322073 0.000120447 -0.00128891 -0.001931 -0.00249514 -0.000294276 0.000205574 -0.000890537 0.00157857 -0.00118183 -0.00239968 -0.0056574 -0.000345612 -0.000223123 -0.000443432 0.000891584 -0.00169923 0.00183455 -0.00631043 -0.000480933 -0.00325341 -0.000236564 -0.000800914 -0.00031836 -0.00236193 -0.00280506 -0.0104416 0.00248705 -0.00214332 -0.0029906 -0.00765772 -0.0113629 -0.000339595 0.00503083 -0.00124843 -0.000760035 0.000235181 0.00572684 0.00105917 -0.00161274 0.00185534 0.00250842 -0.00216155 -0.00554947 0.00702173 -0.0102795 0.00210021 0.00345351 0.00632013 0.001137 0.00280647 0.000952653 -0.000395161 0.000781723 -0.00146222 -0.00111093 -0.00871032 -0.00255884 0.000211182 0.00448966 0.0068001 -0.0043371 -0.00762108 -0.0124691 0.00212434 0.00102389 -0.00212026 -0.0024692 -0.00391174 -0.00145619 -0.00186423 -0.0065067 -0.0077579 -0.00138103 0.00159127 0.00277746 -0.00202074 0.000669457 -0.00244258 -0.0028066 0.0121022 -0.00484591 -0.00692702 6.05659e-05 -0.000559579 -0.000313092 -0.00207058 0.00115994 0.00186202 0.00382433 0.00654111 -0.000771642 -0.00814435 -0.000479876 0.00590437 -0.00214186 0.000233114 -0.00617187 0.00288035 0.00768537 -0.00200721 -0.000460526 -0.00639128 -0.00251482 0.0113395 0.000762091 0.00129714 -0.000915834 -0.0002426 -0.00432367 0.00145833 0.0016829 -0.000126805 0.00236989 0.00180253 -0.00120248 -0.00276391 -0.000647619 -0.00185115 0.000615734 -0.00209603 -0.010472 0.00556696 0.00270723 -0.00257071 -0.0035375
internal_weight=213929 146761 67168 38172 29326 100589 54720 45869 4838 41031 16468 2908 1203 43323 28996 10510 13560 11397 388 39777 3217 36560 25469 2288 28839 23654 929 960 2329 22982 1057 903 5185 2509 4767 4554 3875 1161 11091 2545 8546 7419 9871 1683 1767 487 7280 4544 2027 2517 1912 1748 1545 657 8188 7815 373 5221 2043 1107 963 3178 1461 724 11009 46172 2714 2674 1077 13199 11890 1115 1071 10775 1907 1752 8868 2624 1606 737 504 936 776 15598 11937 11597 5287 6310 5775 3308 1953 2467 1093 4194 476 2152 1357 795 1211 494 203 717 809 501 1238 39964 24946 3702 3509 1030 2479 21244 15018 2589 2522 18486 21925 12429 6364 6065 6264 869 1018 6208 21030 10142
internal_count=213929 146761 67168 38172 29326 100589 54720 45869 4838 41031 16468 2908 1203 43323 28996 10510 13560 11397 388 39777 3217 36560 25469 2288 28839 23654 929 960 2329 22982 1057 903 5185 2509 4767 4554 3875 1161 11091 2545 8546 7419 9871 1683 1767 487 7280 4544 2027 2517 1912 1748 1545 657 8188 7815 373 5221 2043 1107 963 3178 1461 724 11009 46172 2714 2674 1077 13199 11890 1115 1071 10775 1907 1752 8868 2624 1606 737 504 936 776 15598 11937 11597 5287 6310 5775 3308 1953 2467 1093 4194 476 2152 1357 795 1211 494 203 717 809 501 1238 39964 24946 3702 3509 1030 2479 21244 15018 2589 2522 18486 21925 12429 6364 6065 6264 869 1018 6208 21030 10142
is_linear=0
shrinkage=0.05


Tree=58
num_leaves=127
num_cat=0
split_feature=9 26 9 26 17 18 26 8 30 8 9 14 0 26 27 3 5 25 9 8 9 9 21 9 17 23 20 20 2 9 24 17 8 16 9 26 26 9 9 35 17 9 8 3 17 9 16 24 9 26 17 35 8 16 9 30 26 35 24 20 20 17 9 21 8 20 5 2 31 25 24 20 33 35 26 20 35 32 32 8 30 17 23 2 24 17 19 17 26 9 24 19 17 26 17 31 2 24 24 24 9 23 9 9 0 25 31 33 9 31 18 31 24 32 17 9 26 31 31 21 19 33 16 9 18 18
split_gain=111.722 60.7639 32.2098 47.9538 15.1247 13.5978 12.9747 12.8336 17.0404 12.0359 12.3239 11.7708 11.9033 11.7113 12.8278 11.4612 11.8103 11.4576 22.6337 11.2061 15.2558 12.2792 11.124 10.8579 10.7843 10.4092 12.7493 13.2619 15.2726 10.6385 14.0294 10.6179 10.0662 15.6709 9.96629 12.0986 14.8051 15.3134 9.71268 9.96269 9.6188 18.8121 27.457 16.6537 12.9684 12.0335 10.8539 9.61535 9.57418 27.2631 18.754 9.73137 9.33776 9.15826 9.75704 9.13988 10.9728 10.9098 10.227 8.79239 12.2517 13.5305 8.72787 8.70487 8.66154 18.4324 12.5647 15.8316 12.2342 11.8811 9.60591 9.55037 9.95492 8.59656 8.57641 12.1787 13.3764 12.531 9.46476 9.77923 13.2386 12.4152 10.0112 9.86892 10.277 8.27659 15.3519 8.29291 8.23422 8.22564 11.1396 8.21783 8.16412 10.9141 8.12721 8.07331 8.04095 8.94718 11.2088 9.93952 8.2583 7.96345 9.22104 7.93929 8.1774 7.91495 7.86953 7.77801 7.74357 7.73209 7.70845 7.70201 8.85215 10.3018 9.18528 12.0832 7.66924 8.6867 10.8622 7.64806 7.63328 7.56738 7.55419 7.53876 7.53725 8.55966
threshold=5.9290548116647663 222.50000000000003 6.7035676754613602 361.50000000000006 60.500000000000007 16.500000000000004 400.50000000000006 8.5000000000000018 -0.089270569024465118 10.500000000000002 7.6891396900590916 1.0000000180025095e-35 5.5000000000000009 17.500000000000004 1.0000000180025095e-35 0.91597561503675351 -0.22252093395631442 33.500000000000007 8.7928899367233093 9.5000000000000018 6.8255492842682601 6.7627748885793375 0.71651785714285732 6.7755922211413919 2.5000000000000004 1.6668390580335963 0.83803656597774256 0.84248120300751894 -0.91597561503675329 6.8930861258593401 1013.5000000000001 40.500000000000007 6.5000000000000009 2.5000000000000004 4.0137166991158617 117.50000000000001 17.500000000000004 5.2672410983869105 3.1975886473094337 -0.0054993852755593911 31.500000000000004 3.1975886473094337 5.5000000000000009 0.60355339059327384 30.500000000000004 4.7800036004768485 2.5000000000000004 110.50000000000001 6.4029888618351398 161.50000000000003 20.500000000000004 0.21508431036020317 7.5000000000000009 1.0000000180025095e-35 7.8688572590266093 0.13472115427313333 309.50000000000006 -0.00026061606036294676 314.50000000000006 0.74833333333333341 0.81881313131313138 50.500000000000007 1.8246898925473982 0.60912698412698429 10.500000000000002 0.85814889336016098 -0.56174490092936669 -0.37940952255126059 0.0039345756352564178 45.500000000000007 205.50000000000003 0.92365967365967372 -1.0000000180025095e-35 -0.0070330215629839212 217.50000000000003 0.72264957264957275 -0.13201413190049566 -0.0080236881576497918 0.0002221637421666167 6.5000000000000009 -0.00079578234655141612 3.5000000000000004 0.99117016018682558 0.60355339059327384 309.50000000000006 38.500000000000007 0.016530054644808747 43.500000000000007 200.50000000000003 6.8658811164318214 1008.5000000000001 0.14839839839839844 4.5000000000000009 309.50000000000006 1.5000000000000002 -0.0030717798738463782 -0.91597561503675329 1013.5000000000001 507.50000000000006 1002.5000000000001 6.9147844479968708 1.3659573209491751 7.6891396900590916 7.5651409024090057 6.5000000000000009 14.500000000000002 -0.00046139849284192619 -0.00012824142341890353 7.2814007519761708 0.00016496376428977392 1.5000000000000002 0.0035731042129142731 201.50000000000003 -1.0000000180025095e-35 28.500000000000004 4.6762700054057946 318.50000000000006 0.0014941706149039229 0.0022860884153036534 0.74166666666666681 0.25198412698412703 -1.0000000180025095e-35 14.500000000000002 7.8358423678846352 4.5000000000000009 1.5000000000000002
decision_type=2 2 2 2 2 2 2 2 2 2 2 2 2 2 2 2 2 2 2 2 2 2 2 2 2 2 2 2 2 2 2 2 2 2 2 2 2 2 2 2 2 2 2 2 2 2 2 2 2 2 2 2 2 2 2 2 2 2 2 2 2 2 2 2 2 2 2 2 2 2 2 2 2 2 2 2 2 2 2 2 2 2 2 2 2 2 2 2 2 2 2 2 2 2 2 2 2 2 2 2 2 2 2 2 2 2 2 2 2 2 2 2 2 2 2 2 2 2 2 2 2 2 2 2 2 2
left_child=1 34 13 5 7 9 38 8 -5 10 74 88 32 22 48 17 121 18 119 -6 21 -21 24 -19 -2 26 -9 123 -29 -30 -31 -32 53 -34 -1 36 -36 -38 39 52 44 42 46 -43 47 -45 -42 -8 49 -15 -50 -52 -3 54 -13 56 107 108 101 73 61 -61 -41 -55 70 69 67 -67 71 109 111 -69 -73 -25 -4 77 103 -76 79 83 106 -82 89 84 -78 94 -87 -88 -12 -83 -91 -35 93 -51 -72 -49 -62 98 100 -100 -98 102 -59 104 -77 -97 -81 -11 -58 -66 -64 112 113 -40 -115 -116 117 -68 -119 -10 -109 -17 -94 -28 125 -71
right_child=2 6 3 4 19 -7 40 25 15 55 11 12 -14 14 -16 16 -18 23 -20 20 -22 -23 -24 59 -26 -27 27 28 29 30 31 -33 33 91 35 -37 37 -39 64 62 41 43 -44 45 -46 -47 -48 95 50 92 51 -53 -54 63 -56 -57 57 58 -60 60 96 -63 110 -65 65 66 116 68 -70 124 85 72 -74 -75 75 76 78 -79 -80 80 81 82 -84 -85 -86 86 87 -89 -90 90 -92 -93 122 -95 -96 105 97 -99 99 -101 -102 -103 -104 -105 -106 -107 -108 120 -110 -111 -112 -113 -114 114 115 -117 -118 118 -120 -121 -122 -123 -124 -125 -126 -127
leaf_value=-0.015359004803167356 -0.023010218180893584 0.021021722172658807 0.0057938260900781248 -0.011224199406976105 0.00054617938718062376 -0.038788360570802413 -0.0021750311416337403 6.5030066934716754e-05 0.0011081884838113722 -0.00043940482141660976 0.029337460110654714 0.0026074187362951254 0.0047805411416849807 -0.0057597290682679433 0.028277952889349631 0.00053136522237010649 -0.00059442130200457058 0.006583794855745448 0.013220178027600803 0.0046653388955854025 0.017219691803762777 -0.0026415195053436737 -0.057979680233627665 -0.0075492847987439007 0.0075960648158672588 -0.0076263857236204494 -0.0054225502432080136 -0.016704267232914523 -0.0020642904308395878 -0.0012477095618842499 0.001000896455790068 0.024182094945930422 0.0070019549340544027 -0.011284113441975078 0.0039074895827083261 -0.0045450213958409527 -0.037634352802700305 -0.013311213962909439 0.00089038457279732902 0.0020298265331322399 0.013551838995021838 -0.00065524886286496718 0.020923568358716105 0.019803712236903134 -0.0096826036589263489 0.0009411593618838869 -0.00099477323232794747 -0.007608187558769736 0.0011503167775694485 0.00060707413017602619 -0.0015659300382989769 0.0098740527247936048 -0.016632178783256315 0.025035613600919101 -0.0074109342109322622 0.011222381845791997 0.00954481261144648 -0.010003146641964071 -0.00042854649241377623 -0.0044872574453090923 0.0028142899653030452 0.014488920554346042 -0.0079386617751321838 -0.019090200627882293 0.0028564351055984961 -0.01242113966634684 0.00031078098257846974 0.0079629143025509632 -0.032064312806289318 -0.0042643909591250683 -0.0079561005288927653 0.011466155718884386 0.00049842284080622303 0.0059891209277967263 -0.017303469680499655 0.012844371992151089 0.0087512177686870519 0.0083047385217718522 -0.0027228276004099038 0.0022550644246825103 0.0099766237393639507 -0.0047290344443316305 0.0023692257793064848 -0.0035804600868411642 -0.00064876586246461409 0.048303635991063062 -0.017627219372039399 -0.0033052337495608898 0.0062735185084614176 0.002720822335114741 -0.0062022702325421168 0.011830370124212718 -5.4968520964106103e-05 0.01230188548294563 -0.0010077906405062925 0.011437540392143099 0.013071604474391006 -0.025464175230144583 0.0032762015206560325 -0.00015467627713726823 -0.001525722328297098 0.0052495413787218012 -0.0026159099286120926 -0.029282281542714575 -0.0037478379026128421 -7.8706755884010862e-05 0.016228104672353215 0.0040209555433957387 -0.00033096251061475205 -0.0054904755648463501 0.0062659049171790984 0.015017897609416551 -0.012173208822466523 -0.017514546315818332 0.0038823327025474929 -0.0068752702471879621 0.0055527424862021708 -0.0088327333771873531 0.0019497500998144686 -0.10649200688831806 -0.00195858674634334 0.0044403447553463251 -0.014167318167693366 -0.0061354684702536137 -0.019170645569194091 0.00068113546916824812
leaf_weight=949 1219 27 18078 95 580 75 557 2842 988 4671 713 73 2126 14112 121 142 179 93 172 63 194 66 218 47 19142 210 391 219 412 3926 269 72 521 242 616 13988 555 3625 381 185 85 1410 186 149 185 169 139 154 13540 943 7397 144 229 94 220 915 165 395 911 1201 353 132 2155 54 693 136 2840 408 50 1533 259 266 403 200 33 118 172 255 1796 318 61 459 586 774 897 45 382 495 9275 945 213 81 15588 213 15431 208 37 325 547 1576 953 106 227 33 21 20444 153 5654 474 305 270 60 330 370 65 124 171 173 146 36 587 180 95 213 122 520
leaf_count=949 1219 27 18078 95 580 75 557 2842 988 4671 713 73 2126 14112 121 142 179 93 172 63 194 66 218 47 19142 210 391 219 412 3926 269 72 521 242 616 13988 555 3625 381 185 85 1410 186 149 185 169 139 154 13540 943 7397 144 229 94 220 915 165 395 911 1201 353 132 2155 54 693 136 2840 408 50 1533 259 266 403 200 33 118 172 255 1796 318 61 459 586 774 897 45 382 495 9275 945 213 81 15588 213 15431 208 37 325 547 1576 953 106 227 33 21 20444 153 5654 474 305 270 60 330 370 65 124 171 173 146 36 587 180 95 213 122 520
internal_value=-0.000317866 -0.00192217 0.000495911 0.00126804 -0.00106427 0.00201068 -0.00102937 -0.00142428 0.000122573 0.00204193 0.00250163 0.00372445 0.00118633 -0.000238805 -0.000637342 0.000408527 0.00766304 -0.000142535 0.00427977 0.005212 0.0125991 -0.000764925 0.000771109 -0.00111355 0.000892542 -0.00273572 -0.00245419 -0.00385782 -0.00298899 -0.00237564 -0.00162863 0.00802746 -0.00260659 0.000600707 -0.00428577 -0.00403108 -0.00619871 -0.00726404 -0.00174656 -0.0045054 -0.000163986 0.0030308 0.0125904 0.000732834 -0.000481603 0.0109752 0.000698691 -0.00036585 -0.000675865 -0.00123554 0.000145951 -0.00185164 -0.0138314 -0.00868273 -0.0137332 0.000792878 0.000456613 -0.00269601 -0.00485249 -0.00141322 -0.00186001 -0.00597347 -0.00356596 0.00143791 -0.00143818 -4.31084e-05 0.00198075 0.00621648 0.00816475 -0.00297121 -0.00204184 0.00930453 0.00556009 0.00770833 0.00184332 0.000334114 -0.000112196 0.0103072 -0.00048832 0.000718962 0.00261405 0.00101807 0.000377039 -0.0020928 0.00102188 -0.00171331 -0.00630529 -0.00780329 0.00459021 -0.00165382 0.000597593 -0.00798018 0.000123041 0.00416882 -0.00144154 -0.000191485 -0.000407665 -0.00114871 -0.000318312 0.0017305 -0.00469849 -0.00924966 -0.0113955 0.0134463 0.018559 -0.000105049 0.0101943 0.00111569 0.00282997 0.00154038 -0.00436728 -0.00612359 -0.00696078 -0.00444444 -0.0087367 0.000244846 0.000367317 -0.000198324 -0.00795525 0.00141885 0.00226985 0.013318 -0.000176408 -0.010821 -0.00504014 -0.00429665
internal_weight=213929 71993 141936 69204 16713 52491 52260 15810 7256 52416 38311 13399 3411 72732 52153 7161 501 6660 1196 903 323 129 20579 5464 20361 8554 8344 5502 4898 4679 4267 341 1285 844 19733 18784 4796 4180 28574 2866 23686 2138 410 1728 21548 318 224 21363 52032 30951 21081 7541 256 441 293 14105 13190 2278 1639 5371 5124 1333 2610 148 25708 7766 4593 1263 1127 3173 17942 1077 669 247 24912 6834 6546 288 6374 4578 2735 2264 2203 1843 1069 16612 922 877 9988 1617 1158 323 16839 1156 15690 20806 3791 3438 3113 2123 990 728 622 172 139 20652 471 10912 639 998 2425 1330 1270 940 559 189 3330 3159 319 1024 6241 322 15683 604 2175 2053
internal_count=213929 71993 141936 69204 16713 52491 52260 15810 7256 52416 38311 13399 3411 72732 52153 7161 501 6660 1196 903 323 129 20579 5464 20361 8554 8344 5502 4898 4679 4267 341 1285 844 19733 18784 4796 4180 28574 2866 23686 2138 410 1728 21548 318 224 21363 52032 30951 21081 7541 256 441 293 14105 13190 2278 1639 5371 5124 1333 2610 148 25708 7766 4593 1263 1127 3173 17942 1077 669 247 24912 6834 6546 288 6374 4578 2735 2264 2203 1843 1069 16612 922 877 9988 1617 1158 323 16839 1156 15690 20806 3791 3438 3113 2123 990 728 622 172 139 20652 471 10912 639 998 2425 1330 1270 940 559 189 3330 3159 319 1024 6241 322 15683 604 2175 2053
is_linear=0
shrinkage=0.05


Tree=59
num_leaves=127
num_cat=0
split_feature=9 26 26 26 9 9 10 9 21 10 25 33 28 9 24 16 20 33 8 16 4 28 33 7 9 0 29 28 9 25 2 2 25 8 30 24 30 35 0 26 8 3 25 20 31 9 26 24 0 30 9 2 26 25 24 19 23 26 2 9 25 20 1 26 9 26 26 9 20 20 12 4 19 9 4 28 2 0 9 20 23 30 23 19 3 35 16 30 35 31 33 20 29 19 2 20 9 23 19 1 3 9 19 33 26 19 12 8 1 30 24 33 31 33 25 23 19 8 26 9 28 24 26 30 3 19
split_gain=100.153 40.1867 49.8509 35.4042 25.4008 24.6424 21.3323 13.0101 13.7942 11.8766 11.0273 9.9294 9.44174 9.33339 15.7964 17.1466 27.7064 29.9638 16.117 12.9783 12.4255 12.7349 17.0985 11.9628 12.6009 11.3811 11.1218 20.8448 27.466 13.6461 15.2364 13.0957 14.3841 20.8983 10.8026 12.1414 10.7168 12.8418 11.7367 12.5791 16.5307 16.9525 14.4962 15.4192 10.0939 10.0796 10.0507 10.0198 11.4726 10.5106 11.9476 13.321 11.2119 9.32886 9.23705 12.1545 12.2414 11.5108 11.3853 11.2288 10.7875 10.5102 10.1098 14.9422 13.6554 12.0027 10.6052 9.39261 9.34269 10.0822 9.07429 10.5506 11.8463 10.6505 11.2663 9.05291 9.043 9.30796 9.03593 8.79867 13.3381 17.3734 12.9589 10.1896 12.237 14.0498 13.0182 11.938 11.1942 11.0244 12.0544 11.8126 12.6359 11.4508 14.0784 12.6584 21.9615 15.881 11.408 10.8838 13.7415 12.9947 10.4934 10.4423 10.2856 10.4699 10.9053 10.8179 9.74436 9.60209 8.99514 8.90016 8.8341 10.494 9.56201 8.79671 8.95843 12.4492 8.69943 8.64066 8.9273 8.54401 8.44795 8.44333 10.6393 8.35822
threshold=6.4029888618351398 17.500000000000004 222.50000000000003 222.50000000000003 5.5188231444133669 7.9927718313694127 1.5000000000000002 9.8505263167475814 0.75735294117647067 1.5000000000000002 32.500000000000007 -0.16006091799829295 0.0028010262728312687 5.2081590141108967 218.50000000000003 3.5000000000000004 0.82637681159420306 -0.013045893467615645 10.500000000000002 14.500000000000002 0.6078576107927941 0.002983603508517329 -0.0041533829840869887 1.0000000180025095e-35 4.5070784591530524 2.5000000000000004 0.00030793515476145806 2.6114808490843134e-06 5.5789519268457681 14.500000000000002 1.0000000180025095e-35 0.91597561503675362 34.500000000000007 11.500000000000002 0.0041392715386825117 1017.5000000000001 -0.06629402493424684 3.423315271829438e-05 2.5000000000000004 310.50000000000006 6.5000000000000009 0.60355339059327384 101.50000000000001 0.8790491118077326 7.5841868938799937e-05 2.6365389826204768 306.50000000000006 1006.5000000000001 7.5000000000000009 0.0020882133727582863 4.5070784591530524 -0.5 407.50000000000006 100.50000000000001 1007.5000000000001 0.15438786565547133 0.60552748663054567 401.50000000000006 -0.91597561503675329 5.4024126086699473 25.500000000000004 0.77694859038142627 5.5000000000000009 302.50000000000006 5.4024126086699473 410.50000000000006 307.50000000000006 6.0675422633543983 0.81291666666666684 0.76975051975051989 22.500000000000004 0.6078576107927941 0.15751879699248122 4.5436076899514477 -0.8783796973249266 0.00010160561680379919 0.60355339059327384 5.5000000000000009 4.4525110950346276 0.7416573971078978 1.9197377630009937 0.00095027736694171824 1.7863047925798559 0.067117117117117139 -0.12940952255126037 0.012665276170100598 3.5000000000000004 -1.1424214909580352e-10 -0.020423935861343785 0.00021514264898892589 -0.050354802615318599 0.907192075796727 0.014487261662412961 0.16152751423149908 1.0000000180025095e-35 0.8402898550724639 6.9045826620563453 1.2413082819413674 0.15438786565547133 1.5000000000000002 -0.70710678118654757 6.646692610877845 0.13221420643729193 -0.032550345257484077 402.50000000000006 0.057417582417582429 42.000000000000007 11.500000000000002 1.0000000180025095e-35 4.8450728867449475e-09 1005.5000000000001 -0.068996186016468078 -6.882929076296989e-06 -6.597837547123277e-05 22.500000000000004 1.7423673632902685 0.069971440228478191 9.5000000000000018 416.50000000000006 6.6151522862522247 0.0019871376696760442 321.50000000000006 309.50000000000006 -1.0000000180025095e-35 -0.9159756150367534 0.057417582417582429
decision_type=2 2 2 2 2 2 2 2 2 2 2 2 2 2 2 2 2 2 2 2 2 2 2 2 2 2 2 2 2 2 2 2 2 2 2 2 2 2 2 2 2 2 2 2 2 2 2 2 2 2 2 2 2 2 2 2 2 2 2 2 2 2 2 2 2 2 2 2 2 2 2 2 2 2 2 2 2 2 2 2 2 2 2 2 2 2 2 2 2 2 2 2 2 2 2 2 2 2 2 2 2 2 2 2 2 2 2 2 2 2 2 2 2 2 2 2 2 2 2 2 2 2 2 2 2 2
left_child=1 12 4 5 6 119 -3 8 11 -6 -7 76 -1 14 20 34 18 -18 46 26 21 22 -4 -20 -25 -24 27 29 -29 30 -15 54 -33 -34 36 118 -16 38 -38 42 41 53 70 45 -30 -44 75 49 -49 50 -42 -52 -51 -41 55 56 58 61 60 -56 -31 -58 64 -64 65 66 -60 -63 69 -57 71 72 73 74 -40 -17 -5 -78 -8 -13 82 -82 83 84 85 87 -87 103 -86 90 111 92 122 94 95 97 -97 -92 108 100 101 -95 -99 -81 109 106 121 -108 -96 110 -90 -85 114 -114 -105 116 117 -110 -36 -2 -121 -106 -91 -101 -125 -27
right_child=3 2 13 7 9 10 78 -9 -10 -11 -12 79 -14 19 15 16 17 -19 23 -21 -22 -23 25 24 -26 125 -28 28 44 31 -32 32 33 -35 35 -37 37 -39 39 40 47 -43 43 -45 -46 -47 -48 48 -50 52 51 -53 -54 -55 59 68 57 -59 62 -61 -62 67 63 -65 -66 -67 -68 -69 -70 -71 -72 -73 -74 -75 -76 -77 77 -79 -80 80 81 -83 -84 89 88 86 -88 -89 104 91 93 -93 -94 99 98 96 -98 102 -100 123 -102 -103 -104 112 105 -107 107 -109 115 -111 -112 -113 113 -115 -116 -117 -118 -119 -120 120 -122 -123 -124 124 -126 -127
leaf_value=0.0063575794309825538 0.0003509896535045787 -0.02520948291320876 -0.017116857922506789 0.01299520456555181 -0.0063791695580793202 0.01966123194231216 -0.012781233319611186 0.0029973979909823679 -0.021594259575603434 -0.00084390475736390025 0.0082262845282822135 0.00081041190650618265 -0.017741452741154691 0.010364827920124515 0.00068293238174155961 0.0051431944976686947 -0.01074727147931212 0.024952414710556703 0.0031392389323565378 -0.015508329592938059 0.0014304873803875793 0.00064564623175523419 -0.012346946893045907 0.013800805516365823 -0.0080608824262525438 0.00030351884646816495 -0.00031592137097399007 0.00054479782635430732 0.0068447997145544039 0.024601903270063074 -0.0012622079118752953 0.010722057142229026 0.0025432230461686239 -0.011511802719466403 0.00030171616065531587 -0.0087856150817167637 0.0016886434412541674 -0.0052419450712011852 -0.011448880532884391 0.0016286127042357318 0.001053507896836397 -0.0074741358449992856 0.0064987664781678833 0.001521514681623007 0.019702083065044156 -0.0064895988661190247 -0.0015036201060204524 -0.0055730231829813678 -0.0028769996333849073 -0.0063214173877784857 -0.0114329376803406 -0.00042415047407550095 0.0015830212891819713 0.0091829203074885474 -0.0026191479231767807 -0.003061673241695876 0.016105459955821976 -0.00072463947403429154 -0.0045734494846170455 0.0015672901251847775 -0.0054401417041817337 0.00031193929733138896 -0.01370947573650733 0.0018076611726062942 -0.0036337260053260741 -0.0055426211015575924 0.0019213904601642841 0.011783419149213976 0.0079196907149864122 -0.014385222014322772 -0.010830543306495743 -0.011677975291817633 -0.014576110856460626 -0.0080249460543334022 0.0055906429795503816 -0.0073665022381491224 0.00062963216066277278 -0.002495616506516112 -0.0055651756082382145 -0.0040942583752372171 -0.010244419995794014 -3.2802592335812448e-05 0.01112904607041184 0.0017369769176956637 -0.0061791996745246928 -0.0024131907583648487 0.025934507275591975 0.00096115056539612946 0.0012993248979082004 0.0019288035744060069 -0.0072156675796360764 -0.0015163117879230569 0.00018841265632763975 -0.036335759999923112 0.0032217761802514296 -0.0035021961558039496 0.00034055844622558597 0.0040356761788613435 -0.010856790681025533 -0.0012735526162149639 -0.0028160904101303865 0.014524005767423229 -0.0067149123077958148 -0.00048056748682972773 -0.0018936116132672591 0.0039289798370587435 -0.00011036013639053799 -0.041484401728842595 -0.0065558487639790471 -0.00077942790385830468 -0.0033313637584106888 -0.008735898671011955 -0.00084365062319750851 0.0087566073560783331 0.012397576967119291 -0.01289186948925139 -0.0005798943533361911 0.016745049617458992 0.01206113644253461 0.0052686193718705417 -0.0013018098031055414 -0.015316203427724169 0.01059122334189451 0.0075305160055190784 0.00091982369610949162 -0.0070335647748122291
leaf_weight=20084 10189 1358 479 224 17457 1921 2127 4176 266 10923 2771 3339 1088 204 1326 493 129 418 929 152 693 516 348 165 51 655 17532 958 265 114 111 323 1384 268 5166 296 1626 3292 149 1147 2647 218 25 1400 244 720 3007 345 2853 276 216 656 51 466 250 439 104 430 177 1341 47 390 75 688 2129 192 794 175 129 265 802 364 192 250 382 174 80 52 7229 153 575 671 368 33 601 1106 50 6112 2840 456 850 1645 2213 34 481 322 1130 151 187 375 410 105 75 69 467 143 1097 87 347 2829 308 190 279 132 402 124 6382 51 100 28503 2497 232 464 169 1634 1094
leaf_count=20084 10189 1358 479 224 17457 1921 2127 4176 266 10923 2771 3339 1088 204 1326 493 129 418 929 152 693 516 348 165 51 655 17532 958 265 114 111 323 1384 268 5166 296 1626 3292 149 1147 2647 218 25 1400 244 720 3007 345 2853 276 216 656 51 466 250 439 104 430 177 1341 47 390 75 688 2129 192 794 175 129 265 802 364 192 250 382 174 80 52 7229 153 575 671 368 33 601 1106 50 6112 2840 456 850 1645 2213 34 481 322 1130 151 187 375 410 105 75 69 467 143 1097 87 347 2829 308 190 279 132 402 124 6382 51 100 28503 2497 232 464 169 1634 1094
internal_value=-0.000310153 -0.00123532 -0.00164534 0.000954859 -0.00304905 0.00192929 -0.00512315 -5.02343e-05 -0.000325561 -0.00226528 0.00536087 -0.000249444 0.00074751 -0.000778186 -0.00133964 -0.000959173 0.00160398 0.0122147 0.000388164 -0.000121637 -0.00438324 -0.00573781 -0.00717164 0.00555435 0.0160181 -0.005201 -4.40872e-05 0.00116425 0.00672045 0.000348565 0.0105078 1.38909e-05 0.00364268 0.00173808 -0.00151031 0.000432011 -0.00206706 -0.00238538 -0.00175541 -0.00225065 -0.00117539 0.00305147 -0.00447424 -0.00156395 0.0160457 -0.00735 -0.00122724 -0.0022755 -0.00434124 -0.000554401 0.000247589 -0.00481186 -0.00905873 0.0048254 -0.000913933 -0.00179262 -0.000909304 0.00377944 -0.00213456 0.0024765 0.0107078 0.00785979 -0.00265702 0.00251628 -0.00385805 0.000498716 0.00276896 0.00506579 -0.00738962 -0.00964739 -0.00738223 -0.00483048 -0.00208845 0.00067112 0.00466884 0.00430432 0.00800554 -0.00233577 -0.00426877 -0.00032449 -0.000550214 -0.0056235 -0.00036936 -0.000468839 0.000410508 0.00177931 -0.00332472 0.00260661 -0.000910674 -0.00130264 -0.00205477 0.000751621 0.00255179 -0.00185143 -0.00262741 -0.00585472 -0.00279341 -0.00995375 -0.00154679 0.00102215 -0.00523917 0.00814236 0.00179654 0.0075601 -0.000414273 -0.00348843 -0.0044849 -0.00154752 -0.00123308 0.000629807 0.00252775 -0.0134539 0.00964487 0.00421274 0.014291 -0.00171371 -0.00146647 -0.00869727 0.000989376 0.00153779 0.00195291 -0.00941406 0.00745946 0.0026088 0.00402793 -0.0035362
internal_weight=213929 123562 102390 90367 39094 45881 10714 44486 40310 28380 4692 40044 21172 63296 34116 30331 5366 547 4819 29180 3785 3092 2576 1145 216 2097 29028 11496 1467 10029 315 9714 1975 1652 24965 5562 19403 18077 14785 13159 8875 1831 4284 2145 509 745 3674 7044 3198 3846 3519 872 327 1613 7739 6148 5315 1099 4216 1591 161 669 4055 763 3292 1163 971 565 833 704 2139 1337 973 781 531 667 356 132 9356 39688 36349 1246 35103 34735 16907 8303 1156 7147 8604 17828 13050 4778 3133 12827 10100 2528 1452 1076 7572 2727 549 139 226 1035 8003 2026 1883 1184 7385 5977 3148 223 882 411 471 6904 6780 398 5266 41189 31000 699 920 2178 1803 1749
internal_count=213929 123562 102390 90367 39094 45881 10714 44486 40310 28380 4692 40044 21172 63296 34116 30331 5366 547 4819 29180 3785 3092 2576 1145 216 2097 29028 11496 1467 10029 315 9714 1975 1652 24965 5562 19403 18077 14785 13159 8875 1831 4284 2145 509 745 3674 7044 3198 3846 3519 872 327 1613 7739 6148 5315 1099 4216 1591 161 669 4055 763 3292 1163 971 565 833 704 2139 1337 973 781 531 667 356 132 9356 39688 36349 1246 35103 34735 16907 8303 1156 7147 8604 17828 13050 4778 3133 12827 10100 2528 1452 1076 7572 2727 549 139 226 1035 8003 2026 1883 1184 7385 5977 3148 223 882 411 471 6904 6780 398 5266 41189 31000 699 920 2178 1803 1749
is_linear=0
shrinkage=0.05


Tree=60
num_leaves=127
num_cat=0
split_feature=9 10 9 10 33 20 9 10 33 20 0 10 5 9 35 9 28 18 8 23 24 2 23 18 0 28 0 35 34 34 33 33 35 29 35 33 34 20 31 31 23 32 34 9 20 24 2 2 31 9 10 9 10 32 2 5 9 24 8 20 31 32 21 2 8 20 9 24 20 24 35 24 24 18 8 30 9 24 9 0 9 9 0 9 9 30 30 0 29 31 25 24 33 24 31 2 25 31 24 20 35 23 9 2 34 2 9 35 25 9 34 24 33 35 1 25 24 20 1 20 29 35 30 18 18 0
split_gain=89.2425 48.2643 26.2654 40.8376 13.5272 12.3915 12.9678 13.1379 12.0486 12.5597 17.904 11.189 11.1453 10.7813 10.3032 10.1569 9.86961 9.80788 9.78753 17.1529 10.3434 12.4324 10.3247 13.379 9.7791 9.72929 9.27381 9.16473 10.0976 11.1555 13.1528 15.3902 11.7238 11.4812 10.535 12.717 10.5382 9.8186 16.0716 14.121 9.70928 9.98031 16.1483 10.6011 20.1294 13.0802 9.66907 9.02373 9.68992 8.96422 8.89592 12.8964 9.29593 8.89444 10.1724 8.58163 14.1714 10.8243 8.63795 8.5778 9.24496 10.7104 8.80521 8.73418 9.51902 8.9317 15.8838 8.53684 8.5147 8.39233 9.15443 8.32706 8.22835 8.18562 8.6096 12.5179 11.863 11.2963 9.79946 9.45528 8.60594 8.23975 8.07026 10.902 7.91315 7.7956 13.6215 14.2725 9.51434 9.39447 7.78377 7.75284 7.72627 7.70117 8.24322 7.68994 9.30405 7.5951 7.51733 7.44861 7.43944 7.38022 10.7011 7.3587 7.99539 10.8133 7.74916 7.6171 7.30902 7.19426 7.1844 7.13835 7.30311 7.61833 11.1042 7.11005 14.1223 6.99524 6.94572 14.4313 10.2639 8.2685 10.502 7.59551 8.70606 7.23295
threshold=5.9290548116647663 2.5000000000000004 6.8130858395866065 3.5000000000000004 0.34386776301103378 0.97752525252525257 9.7097404293550529 2.5000000000000004 -0.1246921663798902 0.95488466757123491 7.5000000000000009 3.5000000000000004 -0.56174490092936669 7.5651409024090057 9.8849544445667981e-05 3.9225284647455312 -1.0000000180025095e-35 16.500000000000004 7.5000000000000009 1.9600559822354631 1012.5000000000001 -0.91597561503675329 1.4502382000414757 1.5000000000000002 22.500000000000004 0.0019871376696760442 21.500000000000004 0.015687083441278431 0.1254453608442328 0.005669542441337834 0.0090238725262241932 -4.4670008308683247e-05 -0.067897527675364652 0.0047932025514124052 -0.0070330215629839212 0.0023541054001054718 0.0070972232713332481 0.98346994535519128 0.0022860884153036534 4.7407401459385241e-05 1.9099901229209595 3.902931175315405e-06 0.0011287171203224278 4.7571303064240302 0.91913687881429829 1020.5000000000001 0.12940952255126045 0.25881904510252091 -0.00097205991155187473 7.802215811756688 1.5000000000000002 5.5606859857709807 1.0000000180025095e-35 0.016930683335419316 -0.70710678118654735 1.0000000180025095e-35 7.9927718313694127 1015.5000000000001 10.500000000000002 0.73385416666666681 1.4915157911955376e-05 0.0003278112797341233 1.0000000180025095e-35 -0.37940952255126059 6.5000000000000009 0.88657804459691258 10.023761682234982 1012.5000000000001 0.62382075471698128 1013.5000000000001 0.028332945128515769 206.50000000000003 209.50000000000003 7.5000000000000009 9.5000000000000018 0.0012585808025227894 3.4882108358713162 308.50000000000006 4.6422256124191934 1.5000000000000002 3.0827852708077614 1.8246898925473982 1.5000000000000002 3.8397218567063534 6.8930861258593401 -5.2937002577606966e-07 -0.00013897069244720819 1.0000000180025095e-35 0.1105567277210479 -0.0030717798738463782 30.500000000000004 107.50000000000001 -1.0000000180025095e-35 1010.5000000000001 0.0011266019546347173 0.91597561503675362 104.50000000000001 -0.0037905416766016507 205.50000000000003 0.95199692780337952 -0.0011732603917072046 0.90439373713699056 7.8358423678846352 0.25881904510252091 -0.0061330079420031805 0.60355339059327384 8.4640998867442594 -1.0000000180025095e-35 32.500000000000007 8.0772341169730471 0.0030621942707917183 1008.5000000000001 -0.00022485771592334057 0.00091251445293866478 5.5000000000000009 30.500000000000004 314.50000000000006 0.99333333333333351 5.5000000000000009 0.71525096525096543 0.0010142790696332086 0.014286849477602807 0.0021280384446424458 11.500000000000002 4.5000000000000009 2.5000000000000004
decision_type=2 2 2 2 2 2 2 2 2 2 2 2 2 2 2 2 2 2 2 2 2 2 2 2 2 2 2 2 2 2 2 2 2 2 2 2 2 2 2 2 2 2 2 2 2 2 2 2 2 2 2 2 2 2 2 2 2 2 2 2 2 2 2 2 2 2 2 2 2 2 2 2 2 2 2 2 2 2 2 2 2 2 2 2 2 2 2 2 2 2 2 2 2 2 2 2 2 2 2 2 2 2 2 2 2 2 2 2 2 2 2 2 2 2 2 2 2 2 2 2 2 2 2 2 2 2
left_child=1 15 93 5 12 6 7 25 13 17 14 27 -5 -9 -11 -1 -14 53 20 22 103 -22 23 -20 -23 49 -7 28 29 30 31 32 -3 40 36 82 -31 38 -34 47 41 43 -43 73 -45 98 -29 48 -39 68 51 52 -17 54 -10 56 -24 67 -58 -8 61 62 -61 -62 -65 66 -66 84 -4 70 118 -25 -12 74 76 78 79 91 80 -33 81 -76 -36 -84 -57 86 87 -13 89 -87 -51 -78 109 100 -95 96 -38 -48 -46 -35 -2 102 -73 107 105 106 -105 -18 -16 -71 -72 112 113 -49 -115 117 -117 -81 123 -120 125 122 -122 124 -56 -121
right_child=2 11 3 4 -6 26 59 8 9 10 72 85 16 -15 108 50 18 -19 19 -21 21 24 55 71 -26 -27 -28 46 -30 34 -32 33 37 99 35 -37 95 39 -40 -41 -42 42 -44 44 45 -47 97 111 -50 90 -52 -53 -54 -55 69 57 58 -59 -60 60 63 -63 -64 64 65 -67 -68 -69 -70 92 110 101 -74 -75 75 -77 77 -79 -80 115 -82 -83 83 -85 -86 88 -88 -89 -90 -91 -92 -93 -94 94 -96 -97 -98 -99 -100 -101 -102 -103 -104 104 -106 -107 -108 -109 -110 -111 -112 -113 -114 114 -116 116 -118 -119 119 120 121 -123 -124 -125 -126 -127
leaf_value=-0.014609779999781093 0.00056693696351191411 0.0053972496034494864 -0.0053192674461503258 0.00045844268592626136 0.0098607459360957345 0.00019270612947797799 0.025825243971651413 0.011515260214072816 0.0045793332938706757 -0.0046189071713495294 0.031815358523010769 -0.012510554827488356 0.01051597708265907 -0.027726305968350809 0.021944399525643192 0.029305059837338943 -0.00020275158492536594 -0.039276415508902957 -0.00094534309630417879 -0.016766125067561893 0.0046831903663091456 -0.021769104143286356 0.0054888850981353703 0.0044093702604013256 0.0021480065154585435 -0.001611746190491335 0.011542064611404414 -0.0038854416303795644 -0.0050498484283938933 0.022507295884250007 -0.0079995798085970692 0.0125232512527391 -0.0051116763677106518 -0.00072428382610874244 -0.023144525679096473 -0.010398340999348905 0.002041652305610828 0.0062343228715388424 0.014104011585009605 -0.0036484932658467288 0.0071490518347283611 0.003045327918236535 -0.0071681334194958132 0.0014005208092533511 -0.014299901848360315 0.010501887357643493 0.045527450187066998 0.0036209158173475344 -0.0062245252795759039 0.019563334948267338 -0.0040939441425429457 -0.0095404523652962443 -0.023026403715894983 0.0038087681805468346 0.00069293328471725646 0.01015275757317865 -0.0044216328684598466 -0.0057432853932179867 0.0057826086449583747 -0.010233633085177421 0.015435443125006641 -0.030643520698683598 0.018206283533762063 0.013084696900832238 0.0074073354499688202 0.010840446745045652 -0.01142902601345362 0.0074000592474592758 0.0073213777192337451 0.0037287564774784402 -0.017101323583347885 -0.0043523805179618456 0.0089642261855758659 0.005828941180684279 0.0018678968507197602 -0.025138077754498708 -0.028735149381000486 -0.007732811758056385 -0.012206395594319616 -0.0062437458705179548 0.0011293184771547762 -0.0079941462682751926 0.0063019657251496483 -0.00030065668825191109 -0.002448782792598277 -0.0075233495452233408 -0.013021566827394691 -3.9098066005207292e-05 0.0079636538951650231 0.0001004777521523799 0.0088452683876084192 0.00048480600136049831 -0.0063873807751986507 0.0016102134494916959 -0.0031662087656698455 -0.0019623880485848465 0.0073377826893892013 0.0012293423450905833 -0.0021385862828548203 0.010148811166924974 -0.00062587974881736128 -0.0010465124034007265 -0.0070043933587460964 0.0007953515157183372 0.00039525550724098214 -0.0048574754267710412 -0.0020931047089377181 0.0027400618639222716 0.00060671725787207612 -0.0058428122063690427 -0.0010853969646813179 0.016704640748758843 -0.0020284538041290463 -0.011461045688868993 0.0038940251945625312 -0.019381982353286701 -0.0043703385633418806 0.0074035326891037341 0.0078456439281121681 0.0040462046833697777 0.0096614639092587017 -0.0072060826566057142 -0.0013479423427602991 -0.0068737323478069712 0.016565410556392848 -0.0065035167584602902
leaf_weight=788 17930 129 791 3895 126 10338 234 85 742 296 126 125 185 34 64 121 426 56 5011 147 98 273 228 55 43 1611 322 645 652 103 336 64 4837 107 97 363 1072 70 285 929 103 1827 467 2981 155 74 54 305 271 1588 14028 3630 1524 554 6211 31 153 86 58 92 232 79 809 350 116 322 447 70 14228 158 253 468 387 87 85 108 60 1162 138 30 1801 522 224 965 475 138 678 2859 100 20490 2858 390 327 11177 1605 301 228 1681 2175 130 48813 395 357 294 2039 300 62 543 126 151 608 98 113 70 95 136 857 130 87 96 179 151 290 93 265 837
leaf_count=788 17930 129 791 3895 126 10338 234 85 742 296 126 125 185 34 64 121 426 56 5011 147 98 273 228 55 43 1611 322 645 652 103 336 64 4837 107 97 363 1072 70 285 929 103 1827 467 2981 155 74 54 305 271 1588 14028 3630 1524 554 6211 31 153 86 58 92 232 79 809 350 116 322 447 70 14228 158 253 468 387 87 85 108 60 1162 138 30 1801 522 224 965 475 138 678 2859 100 20490 2858 390 327 11177 1605 301 228 1681 2175 130 48813 395 357 294 2039 300 62 543 126 151 608 98 113 70 95 136 857 130 87 96 179 151 290 93 265 837
internal_value=-0.000302207 -0.00173605 0.000425107 0.00119284 -0.00100202 0.00193801 0.00238209 0.00211174 0.000803711 0.000643965 0.00599851 -0.000930413 -0.00113525 0.0163105 -0.000885946 -0.00381655 -0.00190074 0.000157734 -0.00208488 -0.00315227 -0.000111437 -0.0075537 -0.0028081 -0.00359005 -0.0123364 0.00286704 0.000440694 -0.00162154 -0.00190237 -0.0017378 -0.00216295 -0.00200267 -0.00387054 -0.00101166 0.000940292 -0.00190598 0.00369222 -0.00414559 -0.00529452 -0.00112347 -0.00120686 -0.00132809 0.00166812 -0.00195598 -0.000373376 -0.00377335 0.00134172 0.002926 -0.00367775 0.00317604 -0.0035875 -0.00533854 -0.00900758 0.000268466 -6.02692e-05 0.00165235 0.00703266 -0.00194153 -0.00230324 0.00572506 0.00482973 0.00857868 0.0101297 0.00230469 0.00061492 -0.00214888 -0.0059287 0.000585199 0.00259069 -0.00049274 -0.000101928 -0.0081543 0.0124662 -0.0034843 -0.0037295 -0.0016792 -0.00564661 -0.00845393 -0.000954527 -0.00190876 -0.000198922 -0.00532271 0.000437646 0.0015892 -0.0017319 -0.000150645 -0.0022757 -0.000816326 0.000225245 0.000148791 0.00514828 -0.0017033 -0.00602184 -0.000177448 0.000946665 0.00266345 0.0043295 0.00328305 -0.00444325 0.00978306 -0.000392783 -0.00902041 -0.0117018 0.000738621 -0.000606481 -0.00538578 0.000526316 0.00446355 0.00807692 -0.000326433 -0.00499134 0.00623542 0.00405187 0.00678947 -0.00183823 -0.0029728 -0.0045516 0.00666667 0.000413624 -0.0024924 -0.00362163 0.00136 0.00463608 0.00114048 0.00134856 -0.00692164
internal_weight=213929 71993 141936 62411 15818 46593 35933 33252 12176 12057 999 51902 15692 119 486 20091 11797 11058 11612 7534 4078 414 7387 6286 316 21076 10660 27512 25132 24480 21127 20791 7202 13589 3353 1649 1704 7073 5122 1951 13352 13249 2294 10955 5385 2404 2380 1022 341 19465 19303 5275 1645 11002 10448 1101 439 662 211 2681 2447 980 901 1467 1235 885 563 576 15019 9706 9070 1275 513 5570 5483 2654 2829 1612 2546 1217 2408 607 1286 1189 506 24390 3662 2984 20728 20628 4446 450 636 79525 12782 1601 1300 1735 2330 237 66743 1220 825 3664 2695 656 356 969 190 309 861 681 583 470 165 1153 993 160 8209 1640 1553 620 469 6569 6476 933
internal_count=213929 71993 141936 62411 15818 46593 35933 33252 12176 12057 999 51902 15692 119 486 20091 11797 11058 11612 7534 4078 414 7387 6286 316 21076 10660 27512 25132 24480 21127 20791 7202 13589 3353 1649 1704 7073 5122 1951 13352 13249 2294 10955 5385 2404 2380 1022 341 19465 19303 5275 1645 11002 10448 1101 439 662 211 2681 2447 980 901 1467 1235 885 563 576 15019 9706 9070 1275 513 5570 5483 2654 2829 1612 2546 1217 2408 607 1286 1189 506 24390 3662 2984 20728 20628 4446 450 636 79525 12782 1601 1300 1735 2330 237 66743 1220 825 3664 2695 656 356 969 190 309 861 681 583 470 165 1153 993 160 8209 1640 1553 620 469 6569 6476 933
is_linear=0
shrinkage=0.05


Tree=61
num_leaves=127
num_cat=0
split_feature=9 10 10 10 9 9 10 10 32 9 21 32 8 30 31 8 24 35 16 30 7 10 2 3 21 20 30 20 32 3 24 9 32 35 9 31 31 0 31 9 35 35 25 10 9 35 3 10 14 20 35 16 24 31 8 24 24 9 0 29 20 0 16 9 31 24 9 1 16 2 9 4 9 9 8 25 9 0 8 9 24 31 9 30 3 32 4 9 20 34 34 20 3 31 3 1 31 9 8 34 32 31 20 24 24 9 20 29 9 2 9 2 10 3 7 28 3 2 35 28 9 8 16 35 8 34
split_gain=82.471 34.0478 33.3296 45.653 20.9711 20.8037 18.3456 15.3085 12.2294 11.2096 13.6967 10.4012 13.5197 13.3046 13.8589 13.6238 12.4982 12.1598 10.8143 10.8096 10.1518 10.0834 9.88914 9.85977 9.56343 9.7963 12.649 11.5926 10.904 11.0941 16.4018 11.7102 19.2464 10.7593 10.2422 10.7456 17.0444 9.81106 9.64099 16.6709 11.2306 9.15925 8.97739 8.94415 11.0496 8.91811 18.4262 8.88997 8.88315 15.1546 17.9974 16.1765 13.5767 10.4413 10.3746 8.99857 13.1218 12.6771 14.8749 9.68358 8.8083 8.76951 8.65612 11.4255 8.885 8.98069 15.0038 14.0433 12.05 10.4672 9.48732 9.09193 12.8246 8.5757 18.3098 17.6795 10.7185 10.4057 8.55167 10.3431 11.9502 9.91986 8.88575 9.30621 8.50052 8.495 8.45173 8.44388 8.41575 8.39882 12.0403 9.56198 8.83371 16.1901 8.62466 8.50589 13.3292 16.0407 11.8394 11.0015 12.353 10.9383 16.6571 14.0317 20.5136 10.6027 10.3312 13.7916 10.256 10.2352 14.4841 10.1962 10.0497 13.8579 9.59908 8.9943 8.38468 8.3679 8.24602 10.2653 8.1572 8.15532 8.14584 8.14017 9.74384 10.8935
threshold=6.4325338084325496 2.5000000000000004 1.0000000180025095e-35 2.5000000000000004 7.9927718313694127 5.3263453541093524 1.5000000000000002 1.5000000000000002 -0.012700643960577735 9.8505263167475814 0.75735294117647067 -1.7864895270107106e-05 10.500000000000002 0.0054552781201540361 -0.0030717798738463782 10.500000000000002 102.50000000000001 0.20056039592927702 11.500000000000002 1.0000000180025095e-35 1.0000000180025095e-35 1.5000000000000002 1.0000000180025095e-35 -0.70710678118654757 0.94097222222222232 0.95729483282674788 0.27373480153967994 0.98130677847658998 -1.0000000180025095e-35 -0.5 310.50000000000006 4.5782823427398815 0.001056137056652962 0.006864363130695026 4.7571303064240302 -0.00010572190884047585 -0.0002206530773938185 11.500000000000002 1.7594970622701358e-05 4.4306783660096949 -0.0037891574970115526 0.0018378976019339905 23.500000000000004 1.5000000000000002 6.8130858395866065 -0.038251293468558829 -0.37940952255126015 1.0000000180025095e-35 1.0000000180025095e-35 0.95683229813664605 0.01462208357103148 1.5000000000000002 1006.5000000000001 -0.00098583943365369376 8.5000000000000018 309.50000000000006 310.50000000000006 4.7307625036772025 11.500000000000002 0.0042167829760919586 0.84248120300751894 14.500000000000002 14.500000000000002 4.7800036004768485 0.0033356376960648336 1003.5000000000001 4.956640216904062 1.0000000180025095e-35 4.5000000000000009 0.98296291314453421 5.9888286014934353 -0.8783796973249266 5.7511212155106497 5.5188231444133669 6.5000000000000009 104.50000000000001 5.419754394101461 4.5000000000000009 9.5000000000000018 6.3150193191043131 401.50000000000006 0.00010899149155977585 5.3843046937633359 0.00068619224966688837 0.91597561503675351 -7.5133271275703271e-06 1.0000000180025095e-35 10.308179188010698 0.93582704186684984 0.36879226450807762 0.21887079073804513 0.7416573971078978 -0.9159756150367534 0.0033356376960648336 -0.9159756150367534 5.5000000000000009 -0.00059679582297702107 6.6249068028136326 10.500000000000002 -0.027786902607493835 -0.0042972303918694206 -0.00091615108067025555 0.8239268680445152 302.50000000000006 306.50000000000006 8.0772341169730471 0.96992311171415657 4.8112163938513861e-06 7.1468754221369535 0.91597561503675362 7.6267837384003876 0.98296291314453421 3.5000000000000004 0.60355339059327384 1.0000000180025095e-35 0.0014672530217606102 -0.12940952255126037 0.60355339059327384 0.0016237698015904923 2.0033641504994365e-05 7.0164023594358147 11.500000000000002 1.0000000180025095e-35 3.423315271829438e-05 8.5000000000000018 0.0029102755132497404
decision_type=2 2 2 2 2 2 2 2 2 2 2 2 2 2 2 2 2 2 2 2 2 2 2 2 2 2 2 2 2 2 2 2 2 2 2 2 2 2 2 2 2 2 2 2 2 2 2 2 2 2 2 2 2 2 2 2 2 2 2 2 2 2 2 2 2 2 2 2 2 2 2 2 2 2 2 2 2 2 2 2 2 2 2 2 2 2 2 2 2 2 2 2 2 2 2 2 2 2 2 2 2 2 2 2 2 2 2 2 2 2 2 2 2 2 2 2 2 2 2 2 2 2 2 2 2 2
left_child=2 4 20 5 43 6 -4 -7 -5 10 89 13 16 18 15 60 19 41 22 -13 -1 -6 -10 -17 25 34 27 -27 -29 30 33 32 -32 -30 38 36 37 -36 39 40 -18 118 -31 47 -45 46 -44 -2 49 51 52 -24 -51 -54 -53 -50 -57 58 -58 -59 -15 -33 64 -64 65 67 -67 68 -37 78 88 72 -71 76 75 -75 -47 -76 79 -69 -81 -80 116 -84 -16 -8 -9 -23 -68 90 91 94 -91 -94 -3 101 99 98 114 -97 -101 102 115 -104 -105 106 109 -108 -103 112 111 -111 113 -99 -98 -93 -83 -95 -14 -120 -49 -100 -79 124 -11 -126
right_child=1 9 3 8 21 7 85 86 11 123 -12 12 17 14 84 23 24 -19 -20 -21 -22 87 48 -25 -26 26 -28 28 29 42 31 61 -34 -35 35 62 -38 -39 -40 -41 -42 -43 45 44 -46 73 -48 120 55 50 -52 54 53 -55 -56 56 57 59 -60 -61 -62 -63 63 -65 -66 66 70 69 -70 71 -72 -73 -74 74 77 -77 -78 122 81 80 -82 82 83 -85 -86 -87 -88 -89 -90 92 -92 95 93 117 -96 96 97 105 121 100 -102 108 103 104 -106 -107 107 -109 -110 110 -112 -113 -114 -115 -116 -117 -118 -119 119 -121 -122 -123 -124 -125 125 -127
leaf_value=0.0087692764145750109 0.00026197282263487755 0.0050697388087328913 -0.029337901805563178 0.00077023581567054237 0.040928269858498151 -0.0056224508464130483 -0.0020484156080892903 -7.0524888880932067e-05 -0.0031127792257349685 0.0086579456189942883 -0.021135012240187392 -0.014076662924596559 0.0005584297312845269 -0.00054110185304877875 0.00038760363554006999 0.016797308511857279 -0.028703749948486342 0.01591740501191095 0.010525347477318363 0.0013445843313042195 -0.0041804256122600983 0.0087123774265175907 -0.010431054616380416 -0.00098531399511656795 -0.016960915034323398 -0.013679043497343652 0.00910261024122214 0.0078161421751208084 0.001003869266022027 0.0028949203721259915 -0.004864396373483678 -0.0073895595574630327 0.0026610210652078703 -0.02438559520030633 -0.0010376572475867707 -0.017766512061242776 0.019870138022022473 0.010690431744329654 0.0010360770610745758 -0.006115023536730187 -0.00044757766859715019 -0.0036039287163788162 0.0018895804674064572 -0.0010480102518138368 0.0021986506159211248 -0.00024558637883088707 -0.0095365069980575985 0.0052726963349206315 -0.00078859065712928971 -0.00020563815292233055 -0.0053533518482591384 -0.0092292958477732025 -0.029819508965434643 0.0056875673264047064 -0.00097799474897153609 0.030176676788907005 0.0035559647985013349 -0.0050132972510396369 -0.0073513555791881006 0.012534533838484428 -0.013535196331186725 -0.027457800370083465 0.0097263995797433819 -0.007530007672974061 -0.0061695023827222119 0.0066626075470446848 0.00037171027926392506 -0.00082434089510011925 0.0016414678177193946 0.026420759173660338 0.0032340736373907865 -0.0019503456325356376 -0.0032121808976871219 -0.0014055427388345099 -0.012703298222803448 0.0056921792756484827 0.0021053872824541571 -0.0029178886131829371 9.7591024946524197e-05 -0.001466649761579073 0.0058262356779571582 0.026482975696578814 0.031748109429979889 0.009709268721329524 0.010506988998166817 -0.009262501619681637 -0.0025429933054276085 0.033193351164157024 -0.0113390211464728 0.023084733115492154 -0.0073415875071523307 0.019655744327584157 -0.02933022900140372 0.0059392900718737256 0.0003982539050705774 0.00023709433497186343 -0.011445326421781067 -0.0057871528753380783 0.012054931578230843 0.025141709826086697 -0.0056501438733249356 -0.00048629666644278095 -0.0060360882649002088 0.007717640457661175 -0.00019514513467096489 -0.00042101087301064911 0.0022423153547770449 -0.0015745522438578932 0.00057075382365239066 -0.0010840137588060885 -0.0075717301735774931 0.0089577891671428871 -0.0052782507147335692 0.0021388032885581681 0.0072314343512386789 -0.0097686346606997796 -0.00046566124977720746 -0.00038515311532385247 0.019249687387786873 -0.003393995956509876 0.013140112713774313 -0.0057524250324435967 0.012317115563149612 -0.00044041102731241208 0.0047171659980996677 -0.0039203211587422147
leaf_weight=14194 4621 403 729 3586 435 17056 1832 8865 3089 1119 251 165 11711 369 3355 92 80 93 89 69 9135 4216 646 212 206 365 43 234 1116 442 1150 952 227 113 302 273 136 94 3116 1086 5085 964 32 4644 9420 4572 272 16182 1825 664 169 468 23 334 1573 83 199 72 174 157 296 171 49 426 507 645 1829 4478 164 113 584 80 49 371 370 172 365 542 806 165 178 39 132 168 332 5865 4605 192 68 67 460 44 89 274 2680 1113 122 613 141 149 67 9946 429 99 1805 1727 296 779 14842 284 221 124 980 283 154 550 231 134 70 52 5061 41 25 1582 906 549
leaf_count=14194 4621 403 729 3586 435 17056 1832 8865 3089 1119 251 165 11711 369 3355 92 80 93 89 69 9135 4216 646 212 206 365 43 234 1116 442 1150 952 227 113 302 273 136 94 3116 1086 5085 964 32 4644 9420 4572 272 16182 1825 664 169 468 23 334 1573 83 199 72 174 157 296 171 49 426 507 645 1829 4478 164 113 584 80 49 371 370 172 365 542 806 165 178 39 132 168 332 5865 4605 192 68 67 460 44 89 274 2680 1113 122 613 141 149 67 9946 429 99 1805 1727 296 779 14842 284 221 124 980 283 154 550 231 134 70 52 5061 41 25 1582 906 549
internal_value=-0.000288652 0.00088463 -0.00111004 -0.00149823 0.00185149 -0.00284596 -0.00504507 -0.00223822 -0.000672052 -0.000114648 -0.000376735 -0.000841712 -0.00047446 -0.00202253 0.000169492 -0.00513604 -0.0010128 0.000897635 -0.00308908 -0.0124059 0.000595591 0.0049572 -0.00325493 0.00359223 -0.000929186 -0.000859986 -0.0020292 -0.00213531 -0.00184485 -0.0020758 -0.00428562 -0.00660679 -0.00349674 0.00044368 -0.000213878 0.000784655 0.00769088 0.00234414 -0.00144126 -0.00257313 -0.0013854 0.000762967 -0.0009232 0.00147422 0.000459166 -0.0013786 -0.00967637 0.00202598 -0.00212883 -0.00362764 0.00106695 -0.00570487 0.00358431 0.0113743 -0.00350562 0.000188867 0.00505435 0.00239704 -0.00328704 0.0115278 -0.00912313 -0.0103879 0.000446811 -0.00611979 0.000746386 0.00107475 0.00329448 6.39448e-05 -0.00855769 0.000655261 0.00151951 0.010749 0.0173952 -0.000978277 -0.00430976 0.00297902 2.37764e-05 -0.00852707 0.000252742 -0.00074026 0.00756466 0.00372194 0.00873913 0.0145902 0.00156893 -0.00432128 -0.000977736 0.00423068 -0.000201104 -0.000300865 -0.00039028 -0.000292107 0.00572935 0.00332171 0.00237451 -0.000528594 -0.00207283 -0.00311308 0.00582073 0.00243441 0.0126244 -0.000133026 -0.00302097 -0.00110885 0.000738607 -0.00388884 -0.00543933 -0.00133102 0.000208527 -0.00719621 -0.00166009 0.00392252 -0.00904306 -0.00517203 -0.00074733 -0.0104591 0.00209091 0.00755448 0.00114525 0.0138189 0.00245823 0.0155348 -0.00420892 0.0023528 0.00408492 0.00137843
internal_weight=213929 88094 125835 102506 44771 38952 8426 30526 63554 43323 39167 59968 45747 14221 4656 969 32857 12890 9565 234 23329 4843 9476 304 32623 32417 11534 11491 11126 10892 3729 2500 1377 1229 20883 11516 532 396 9367 6251 5165 12797 7163 39928 14064 6721 304 25864 6387 3877 1190 2687 1021 357 2041 2510 685 602 373 229 665 1123 10984 475 10509 10002 3126 6876 437 6439 2481 242 162 6417 1480 543 4937 937 6197 4821 343 1376 570 300 3687 7697 13470 4408 1897 38916 38352 37892 564 497 3083 34809 7094 5765 458 1329 216 27715 2927 2333 1904 5307 3580 1075 24788 2505 629 408 1876 896 276 594 270 408 11833 122 21243 182 567 4156 2574 1455
internal_count=213929 88094 125835 102506 44771 38952 8426 30526 63554 43323 39167 59968 45747 14221 4656 969 32857 12890 9565 234 23329 4843 9476 304 32623 32417 11534 11491 11126 10892 3729 2500 1377 1229 20883 11516 532 396 9367 6251 5165 12797 7163 39928 14064 6721 304 25864 6387 3877 1190 2687 1021 357 2041 2510 685 602 373 229 665 1123 10984 475 10509 10002 3126 6876 437 6439 2481 242 162 6417 1480 543 4937 937 6197 4821 343 1376 570 300 3687 7697 13470 4408 1897 38916 38352 37892 564 497 3083 34809 7094 5765 458 1329 216 27715 2927 2333 1904 5307 3580 1075 24788 2505 629 408 1876 896 276 594 270 408 11833 122 21243 182 567 4156 2574 1455
is_linear=0
shrinkage=0.05


Tree=62
num_leaves=127
num_cat=0
split_feature=9 26 9 10 9 26 26 26 17 34 17 17 20 34 1 19 0 26 31 26 10 33 17 21 9 17 24 17 26 9 9 26 26 9 10 35 34 34 33 33 35 32 9 20 31 17 16 35 19 34 9 24 19 24 33 19 30 10 9 4 31 17 17 4 9 9 0 2 17 19 11 20 16 32 31 17 19 28 24 1 20 20 0 19 30 2 31 20 19 30 31 34 17 9 8 20 24 17 0 24 19 20 28 24 24 9 33 32 16 19 17 2 33 18 24 14 33 9 17 28 24 35 7 19 24 33
split_gain=75.0258 41.0033 20.9133 35.346 16.3632 11.8974 10.8199 10.4012 14.5878 14.2493 11.1071 24.7035 12.0878 16.0069 11.2914 12.3661 10.6721 10.2452 10.8008 10.0847 9.82777 11.6721 9.71068 9.39353 9.26863 15.6522 9.1103 11.8957 9.04414 9.01582 8.89574 10.2726 11.3964 12.73 8.84421 8.58985 9.60192 10.6626 10.6838 12.7617 11.7937 11.1871 11.274 10.1194 14.9228 11.4473 11.3164 9.863 11.4928 10.7035 10.0537 9.50922 9.40757 16.2158 14.43 14.1041 10.3388 10.1337 10.7599 9.1306 8.85917 8.71069 13.5995 12.0043 11.4271 10.223 9.52239 8.64072 8.6124 8.54122 16.6379 8.57772 8.47545 8.37608 8.3343 9.12819 8.28196 12.1122 9.89662 8.78881 14.7319 17.1124 18.7421 14.2901 12.8441 11.8112 10.8112 9.13102 10.2997 9.12833 8.63137 8.57553 8.22841 24.2519 22.896 11.0897 11.4973 8.82109 10.1477 8.30282 8.1758 13.02 8.16347 8.15969 9.07934 11.3483 9.23567 8.13596 9.46717 10.6153 11.5065 9.8688 8.83699 8.72991 8.6674 8.45862 8.3232 10.2214 10.4617 8.96617 8.12549 9.64099 8.10352 7.9787 8.72966 8.20928
threshold=5.9290548116647663 222.50000000000003 6.5936803181797652 2.5000000000000004 8.3967914974307902 400.50000000000006 17.500000000000004 303.50000000000006 5.5000000000000009 0.00085199434451323859 17.500000000000004 18.500000000000004 0.74833333333333341 4.2009854080614619e-05 5.5000000000000009 0.29238505747126442 9.5000000000000018 307.50000000000006 0.00065620290376502261 122.50000000000001 3.5000000000000004 -0.16006091799829295 1.5000000000000002 0.71651785714285732 6.3480695531468188 9.5000000000000018 303.50000000000006 47.500000000000007 312.50000000000006 7.955128338506154 4.1892511986780283 117.50000000000001 17.500000000000004 5.1815417697773567 1.5000000000000002 0.015687083441278431 0.1254453608442328 0.005669542441337834 -4.4670008308683247e-05 0.0090238725262241932 -0.067897527675364652 0.011935102647497631 4.7800036004768485 0.98346994535519128 0.0023811096235971138 39.500000000000007 3.5000000000000004 -0.0070330215629839212 0.22016949152542376 0.0070972232713332481 4.5436076899514477 201.50000000000003 0.081356867071152791 1006.5000000000001 -8.428775868309825e-06 0.15438786565547133 4.8450728867449475e-09 3.5000000000000004 5.227516809472216 -0.8783796973249266 3.6247966718576474e-06 4.5000000000000009 13.500000000000002 -0.8783796973249266 5.227516809472216 5.1815417697773567 19.500000000000004 0.12940952255126045 10.500000000000002 0.31643132220795894 3.5000000000000004 0.64760348583878014 2.5000000000000004 0.00013937652497432568 1.4122481961412274e-06 25.500000000000004 0.19859154929577469 2.436460207002924e-06 302.50000000000006 4.5000000000000009 0.93700396825396837 0.83803656597774256 4.5000000000000009 0.045804195804195813 0.00085534778405572541 0.91597561503675362 0.0037180442268743958 0.92805383022774335 0.13819628647214857 0.0076520156834339994 0.12388939654033472 0.14507113942988398 32.500000000000007 3.1975886473094337 5.5000000000000009 0.70638945233265737 1009.5000000000001 30.500000000000004 5.5000000000000009 110.50000000000001 0.082079496968335955 0.87585616438356173 8.2581635612527405e-06 112.50000000000001 303.50000000000006 2.7910059376074821 2.8595124546637045e-05 0.019273973932289305 5.5000000000000009 0.10840188014101058 36.500000000000007 0.25881904510252091 -0.017119899227671629 3.5000000000000004 509.50000000000006 1.0000000180025095e-35 0.006123608886124514 9.5650922337205859 4.5000000000000009 0.00013206447418887021 216.50000000000003 -8.3957169832288803e-09 1.0000000180025095e-35 0.045115332428765274 121.50000000000001 -0.011290112525370719
decision_type=2 2 2 2 2 2 2 2 2 2 2 2 2 2 2 2 2 2 2 2 2 2 2 2 2 2 2 2 2 2 2 2 2 2 2 2 2 2 2 2 2 2 2 2 2 2 2 2 2 2 2 2 2 2 2 2 2 2 2 2 2 2 2 2 2 2 2 2 2 2 2 2 2 2 2 2 2 2 2 2 2 2 2 2 2 2 2 2 2 2 2 2 2 2 2 2 2 2 2 2 2 2 2 2 2 2 2 2 2 2 2 2 2 2 2 2 2 2 2 2 2 2 2 2 2 2
left_child=1 30 6 4 -4 35 22 24 9 16 12 122 13 -10 123 26 -9 72 -19 -6 21 -5 -2 -24 34 -26 -16 102 -15 69 -1 32 -32 -34 -8 36 37 38 40 41 -3 42 103 44 -42 60 -46 49 50 -39 51 -49 53 56 -54 74 61 58 59 -57 -45 65 -63 -64 66 -44 -65 -37 -61 71 -71 -23 -14 -58 75 -56 79 -78 -79 90 81 82 84 -83 -81 86 -85 88 -87 -84 -22 -82 97 94 -94 -95 100 99 -99 -7 -97 -102 -28 -40 105 -105 -107 108 109 110 113 -110 -112 116 120 -113 117 118 119 -31 121 -111 -12 124 -13 -126
right_child=2 5 3 20 19 92 7 8 10 -11 11 14 17 28 15 -17 -18 18 -20 -21 76 29 23 -25 25 -27 27 -29 -30 107 31 -33 33 -35 -36 67 -38 47 39 -41 43 -43 52 45 46 -47 -48 48 -50 -51 -52 -53 54 -55 55 57 73 -59 -60 68 -62 62 63 64 -66 -67 -68 -69 -70 70 -72 -73 -74 -75 -76 -77 77 78 -80 80 91 83 89 85 -86 87 -88 -89 -90 -91 -92 -93 93 95 -96 96 -98 98 -100 -101 101 -103 -104 104 -106 106 -108 -109 111 114 112 115 -114 -115 -116 -117 -118 -119 -120 -121 -122 -123 -124 -125 125 -127
leaf_value=-0.013001663553753796 -0.042144301009855445 0.0052100915250015076 0.0040115211374657641 0.022002881271441802 0.065026453285909391 -0.0018806776291369145 -0.0062509521492683101 0.00055568652456829788 -0.00040902709036113178 -0.00021236859371565319 0.011364273515333961 0.0072681875115630694 0.0015283557711559294 0.0012816733741400702 9.3405245070042619e-05 -0.01301990521731701 0.011476842040813867 -0.0040348115807608172 0.00028639272290209382 0.011654984994876629 0.00020968201215869255 -0.0047393594638803719 0.0062333700055066023 -0.054664552853260717 0.0023128746703797607 -0.001638222761383615 0.0046354177783306935 0.012561033944302941 0.006369555277344327 0.022702721051070855 0.0034475163073276085 -0.0035386278504169993 -0.03393735684420076 -0.011513893458384104 -0.00027469707981177548 -0.0030549707074869715 -0.0045957462756169715 0.021362550908260503 -0.02173338999517074 -0.0076208952177860669 -0.0048318136498046007 0.005653285505861306 0.0077534626229642471 0.0012465764152099637 0.01892445630906292 0.04546609961510998 -0.0072939614092759888 -0.029158613176460138 -0.0099305669583317439 0.0017872569754897789 -0.0033179411931644025 0.0051296142511202542 -0.010825254264578192 0.0048383898809948285 0.0034365923584611449 0.0084752694191696284 0.0030032892681645107 -0.028179113226866503 -0.0013485342007319924 -0.0050363922158280705 -0.0029236317255754238 -0.0067038168404043976 -0.0086880960975297718 -0.0080849084672944271 0.0031614360601594062 -0.0038016411971293234 0.013353732012994023 0.0015679385336505717 0.0038317378691025967 0.028491050286807471 -0.0065567157965127692 -0.00012611150702678179 -0.0091227224222307692 -0.0017854483100270637 -0.00097293160913874315 0.010816825673769336 -0.00031072438063415588 0.0011441652941556137 -0.01006499303258351 -0.0059228125305674359 0.00039542980570743142 -0.020483988637031377 0.00016502145885018301 -0.0033595468236722239 0.00031891077724394563 0.0035691430659907141 0.00075980187188539889 -0.0058920983950705684 -0.026754734898479932 0.013604206615118989 -0.05066318671952752 -0.054712297656022528 0.00042728866051011623 0.013452251157105617 0.01867457734021986 -0.00074026285906786968 -0.073038606716409424 0.0093769031769281828 -0.012651869621469199 -1.7130680489482428e-05 0.00077477657960379207 0.034697146127450944 -0.0038315713002249892 0.0096010998499956261 -0.0032110607331453643 0.0010315971750321656 -0.017243712691215395 0.01417123929352531 -0.0073285341258072945 -0.0028182162586039136 -0.0015424685383315796 0.0035845928981849875 0.0083580005089800534 -0.016673817083587412 0.0012598406727192053 -0.0051433724543539913 0.010505263616099858 -0.0056618986323526905 0.00064224238708226967 -0.11163647053031532 0.022314185760589602 0.013889833778192633 -0.0014525335622520659 -0.00057886368247821304 0.026511777894048627 0.00028560203710394967
leaf_weight=1336 450 137 34100 45 139 557 12219 167 412 327 322 163 741 179 283 47 274 2198 691 2833 7997 375 19889 217 4730 7730 178 127 177 139 616 13601 425 3755 6740 729 657 103 91 338 4989 183 120 871 154 39 135 39 361 1646 865 475 129 606 1141 255 646 66 1142 222 1095 734 264 198 482 157 21 1735 335 115 114 12288 109 349 262 166 436 45 278 307 2901 167 1961 2062 176 614 166 100 55 179 45 92 224 168 186 879 81 89 173 20806 431 92 142 126 5919 531 61 211 611 218 364 1006 1427 137 468 261 150 892 2683 21 316 260 83 4525 99 1963
leaf_count=1336 450 137 34100 45 139 557 12219 167 412 327 322 163 741 179 283 47 274 2198 691 2833 7997 375 19889 217 4730 7730 178 127 177 139 616 13601 425 3755 6740 729 657 103 91 338 4989 183 120 871 154 39 135 39 361 1646 865 475 129 606 1141 255 646 66 1142 222 1095 734 264 198 482 157 21 1735 335 115 114 12288 109 349 262 166 436 45 278 307 2901 167 1961 2062 176 614 166 100 55 179 45 92 224 168 186 879 81 89 173 20806 431 92 142 126 5919 531 61 211 611 218 364 1006 1427 137 468 261 150 892 2683 21 316 260 83 4525 99 1963
internal_value=-0.000272058 -0.00158674 0.000394813 0.000954091 0.00206408 -0.000853343 -0.000263779 -0.00070097 0.000476272 0.00714101 6.20787e-05 0.00118811 -0.00191877 0.00377749 0.000536711 0.00622443 0.012954 -0.00309228 -0.00451019 0.00561975 -8.30241e-05 0.000618724 0.000685279 0.000848541 -0.00119582 -0.000136381 0.00785714 0.0122622 0.0114681 0.000563892 -0.00352835 -0.00324054 -0.00523016 -0.00616487 -0.00189187 -0.00154012 -0.00180643 -0.00165144 -0.00205926 -0.00127088 -0.00360269 -0.00104039 -0.00120242 -0.00387864 -0.0050265 -0.000851989 0.00594388 0.000915141 -0.00174785 0.00356186 0.000341402 0.00584778 0.000159247 -0.00167016 0.00191915 0.00251739 -0.00319136 -0.000246913 0.000426238 0.00481028 -0.00141299 -0.00528016 -0.00661825 -0.0026933 0.000747168 0.00289894 -0.00860491 0.00127987 0.00118772 -0.000288439 0.00917735 -0.000463174 0.00172515 0.000962501 0.00606576 0.00769245 -0.000965114 -0.00605694 -0.0133155 -0.000733642 -0.00182698 -0.00329895 -0.000311072 -0.00577154 -0.00915471 -0.00495753 -0.00679803 0.000384368 0.00251855 0.00170163 0.000460421 0.00101985 -2.46923e-05 0.00299008 0.0137952 0.000273249 -0.00112063 -0.000312644 -0.00934457 -0.000199714 -3.19823e-05 0.0048911 0.00692308 -0.00267785 -0.0024665 0.00282849 -0.000117252 0.00176246 0.0015302 0.00236759 0.00146227 -0.00162241 0.00478981 -2.35902e-05 0.00651539 0.000898192 0.000420952 -5.01331e-05 0.00141591 0.0136364 0.00968085 0.00547619 0.0131402 -0.000122131 0.00232623 0.00142961
internal_weight=213929 71993 141936 76754 37072 52260 65182 44626 13207 768 12439 7932 4507 768 7527 777 441 3739 2889 2972 39682 22101 20556 20106 31419 12460 730 447 356 22056 19733 18397 4796 4180 18959 28574 26110 25453 21964 14544 7420 14206 14023 7283 5278 2005 289 3489 1740 1749 1379 514 7295 3577 3718 3589 2971 2020 1954 812 1966 1976 1699 965 701 277 219 2464 557 12892 229 12663 850 995 1569 1307 17581 759 323 16822 8780 5787 2623 3164 483 2997 2228 769 669 2140 8042 2993 23686 2061 410 1651 1483 21625 262 21363 1402 523 320 6728 6637 718 592 9164 8953 7075 5813 1878 1791 4022 1262 1267 3885 3735 2843 160 794 478 405 6750 2225 2062
internal_count=213929 71993 141936 76754 37072 52260 65182 44626 13207 768 12439 7932 4507 768 7527 777 441 3739 2889 2972 39682 22101 20556 20106 31419 12460 730 447 356 22056 19733 18397 4796 4180 18959 28574 26110 25453 21964 14544 7420 14206 14023 7283 5278 2005 289 3489 1740 1749 1379 514 7295 3577 3718 3589 2971 2020 1954 812 1966 1976 1699 965 701 277 219 2464 557 12892 229 12663 850 995 1569 1307 17581 759 323 16822 8780 5787 2623 3164 483 2997 2228 769 669 2140 8042 2993 23686 2061 410 1651 1483 21625 262 21363 1402 523 320 6728 6637 718 592 9164 8953 7075 5813 1878 1791 4022 1262 1267 3885 3735 2843 160 794 478 405 6750 2225 2062
is_linear=0
shrinkage=0.05


Tree=63
num_leaves=127
num_cat=0
split_feature=9 26 9 26 18 26 8 32 17 9 17 8 9 9 8 29 3 10 17 23 23 18 34 18 24 26 5 9 23 9 23 18 3 32 31 7 17 16 23 9 19 3 35 9 35 9 34 8 9 14 3 35 26 26 8 23 0 19 35 17 9 8 0 17 23 24 23 21 35 9 9 10 9 17 19 3 29 33 3 1 29 9 34 9 3 34 34 19 14 8 19 18 26 19 17 0 31 19 24 17 19 17 17 19 24 17 33 5 19 9 29 24 17 14 24 31 0 1 24 7 9 8 24 19 26 24
split_gain=66.8959 37.5942 19.2085 33.2898 12.1979 10.5225 9.40069 9.36623 9.13141 8.85917 8.77941 13.3386 16.0481 11.476 11.2869 14.3079 12.4381 8.57082 8.33377 10.0413 15.665 11.2906 10.8709 8.57757 8.42543 8.29324 9.78598 13.5001 12.7595 11.2234 10.1908 9.27539 11.243 9.1076 8.28977 8.42418 12.846 8.98576 8.68724 8.89041 10.3629 8.13854 13.7393 8.10373 9.09406 8.78557 10.0708 8.69416 7.92014 14.2567 9.39403 13.7064 8.92685 8.83099 8.5983 8.43637 8.42758 12.1643 10.2355 7.81439 24.579 22.896 9.0197 8.12633 13.2035 7.83629 7.6726 7.60153 8.83443 7.59993 7.56188 7.52927 7.48906 7.36168 8.47169 7.3603 7.32268 7.93111 7.27398 8.27468 7.35087 7.26352 7.82472 7.22689 7.17847 7.14458 7.10405 7.1038 7.1024 7.09392 8.854 11.7809 8.94082 11.2016 11.1082 15.1929 9.65321 8.7413 8.06189 8.20718 14.9944 8.15379 7.63986 7.5223 7.34878 9.52404 7.34017 7.71278 7.14219 9.22668 8.93198 8.20523 7.14077 7.09095 17.5988 7.069 7.05672 6.98481 8.2894 8.91494 6.96267 6.88879 6.78576 6.99634 6.74113 7.12287
threshold=5.9290548116647663 222.50000000000003 6.7375367523896292 322.50000000000006 16.500000000000004 400.50000000000006 10.500000000000002 -3.0864119608093362e-05 73.500000000000014 5.1815417697773567 61.500000000000007 9.5000000000000018 6.8255492842682601 6.7627748885793375 8.5000000000000018 0.27657565451422422 0.91597561503675351 1.5000000000000002 50.500000000000007 1.3748670439704223 1.2142832674095703 3.5000000000000004 0.002464319936574881 5.5000000000000009 1021.5000000000001 417.50000000000006 -0.56174490092936669 7.1468754221369535 1.6668390580335963 8.1791321490895879 1.3659573209491751 1.5000000000000002 -0.9159756150367534 0.00095994412265172841 0.0014941706149039229 1.0000000180025095e-35 63.500000000000007 14.500000000000002 1.9938866857439923 6.2336639537382581 0.13221420643729193 -0.70710678118654757 -7.1441738711754428e-05 3.1975886473094337 -0.0054993852755593911 1.8246898925473982 0.00046215043122796413 7.5000000000000009 8.0305847905571053 1.0000000180025095e-35 1.0000000180025095e-35 -0.13654818945144795 200.50000000000003 220.50000000000003 9.5000000000000018 1.1469726343312499 5.5000000000000009 0.055175038051750384 0.012665276170100598 32.500000000000007 3.1975886473094337 5.5000000000000009 3.5000000000000004 30.500000000000004 0.99117016018682558 110.50000000000001 2.2335983026183048 0.54772727272727284 -0.0003915349673414105 11.30885442583117 7.5651409024090057 2.5000000000000004 8.4640998867442594 56.500000000000007 0.057417582417582429 -0.9159756150367534 1.1294743021543007e-06 0.0027464206443958933 -0.98296291314453399 5.5000000000000009 0.00059296643382299858 6.7755922211413919 -0.0071024695482926831 5.9598881944871511 0.60355339059327384 -0.04539896646027531 0.088306484420147616 0.082079496968335955 1.0000000180025095e-35 10.500000000000002 0.15751879699248122 4.5000000000000009 305.50000000000006 0.14185110663983905 11.500000000000002 15.500000000000002 -0.0018471490817129255 0.15331196581196585 205.50000000000003 38.500000000000007 0.016530054644808747 43.500000000000007 1.5000000000000002 0.079156223893066008 315.50000000000006 32.500000000000007 -0.025116482657704834 -0.56174490092936669 0.11451990632318503 5.3263453541093524 0.0011585737736915542 100.50000000000001 9.5000000000000018 1.0000000180025095e-35 410.50000000000006 0.0074827871044071568 21.500000000000004 5.5000000000000009 304.50000000000006 1.0000000180025095e-35 8.7928899367233093 8.5000000000000018 1009.5000000000001 0.068337484433374854 411.50000000000006 414.50000000000006
decision_type=2 2 2 2 2 2 2 2 2 2 2 2 2 2 2 2 2 2 2 2 2 2 2 2 2 2 2 2 2 2 2 2 2 2 2 2 2 2 2 2 2 2 2 2 2 2 2 2 2 2 2 2 2 2 2 2 2 2 2 2 2 2 2 2 2 2 2 2 2 2 2 2 2 2 2 2 2 2 2 2 2 2 2 2 2 2 2 2 2 2 2 2 2 2 2 2 2 2 2 2 2 2 2 2 2 2 2 2 2 2 2 2 2 2 2 2 2 2 2 2 2 2 2 2 2 2
left_child=1 7 8 4 6 43 48 -1 34 17 14 -12 13 -13 15 16 18 -9 19 20 21 24 116 -20 69 26 27 -16 30 33 31 32 -28 -29 35 36 37 38 67 -40 -41 42 -8 44 47 -46 113 -3 50 52 -4 70 -50 -53 56 -56 58 -58 71 63 61 73 -62 65 -65 85 122 68 -2 81 -52 -51 -23 74 -61 -35 87 -78 79 -37 -81 -5 84 -69 -83 -7 -43 -18 -44 98 91 92 93 108 95 112 -96 -98 106 102 -101 -102 -100 -103 -92 -106 107 -45 110 -110 111 -91 -94 114 -47 -34 -21 -113 -119 -120 -59 -116 123 -64 -70 -126
right_child=2 5 3 10 -6 59 41 9 -10 -11 11 12 -14 -15 25 -17 76 -19 23 22 -22 72 -24 -25 -26 -27 28 29 -30 -31 -32 -33 115 75 -36 78 -38 -39 39 40 -42 86 88 89 45 46 -48 -49 49 54 51 53 -54 -55 55 -57 57 120 -60 60 62 -63 66 64 -66 -67 -68 83 124 -71 -72 -73 -74 -75 -76 -77 77 -79 -80 80 -82 82 -84 -85 -86 -87 -88 -89 -90 90 104 -93 94 -95 96 -97 97 -99 99 100 101 103 -104 -105 105 -107 -108 -109 109 -111 -112 117 -114 -115 121 -117 -118 118 119 -121 -122 -123 -124 -125 125 -127
leaf_value=-0.002062104762587549 0.001844254040167621 0.020177230445790006 0.0036085055678278001 0.0059220437392872747 -0.033868736561624709 0.00096234846435184769 0.0026707699021769654 -0.033148766163696712 0.029924501034272896 -0.0047314132233936962 -8.4873505838569123e-05 0.0053457316766624833 0.015904471335168049 -0.0025118809320681863 -0.0029594238083089064 -0.012398625744038305 0.0045592189436984096 -0.0090154557772571947 0.0034700403481491937 -0.0051252247261124595 0.0073762189433484449 0.0014551376391992151 0.0044337571030536246 0.019079141179848273 -0.012978967792540669 -0.0020842005636742666 -0.0061661877591988219 0.008441569004448847 -0.0076135139659046034 -0.0001323158971405183 0.0012121563257955475 -0.0032121826562438484 -0.00030503377864314439 0.0022746758331249231 -0.0021899071278299836 0.00089939633336512414 0.041364360084221521 -0.013846446035360845 0.00042080643554392365 -0.0073744475519235261 0.00092646545425929729 0.0011371105788060814 -0.0013474600028423416 -0.0057159257333114612 0.0021959089174484882 0.0074975855173843699 0.0035705455289461413 -0.014379556798487226 0.0378192258476489 0.0078760259716411356 0.01077044588532482 0.0038273197827326643 0.0062018160495315357 -0.00093630307886765631 0.013662926495153003 -0.013296670129715049 -0.0046932907202177935 0.0010498597737987553 0.0030735504888680684 0.0058197558538158282 0.0068601183217480962 0.017740848473208864 -0.001030562057576039 0.02223284106993445 -0.0094266539575186478 -1.6274146465008318e-05 0.066355236499445414 0.0033416781869809956 -2.1175752714320402e-06 0.006706171421631631 -0.026230919235448805 -0.0075636040784610552 -0.016229227239397053 -0.0038124184867372041 -0.020115893729315337 -0.0017733146485393704 -0.00015528446097466136 0.0052132612989002963 -0.0012125737358224197 0.0065249867094958162 -0.0085532205087587732 -0.0051486852997756974 0.00035981622573853832 -0.0014205621064430657 -0.00037388414286522171 -0.0030837196704983499 0.014879183095245999 6.9630079432128297e-05 -0.0086317552152041579 0.010448396915918636 0.0011003827188058386 -0.016483576832735918 0.0050322138800942082 -0.01386243011615982 0.019595106098087612 -0.0017534673638016384 -0.00091754497622790511 0.02855324538209458 -0.0068127329932326022 0.042511334875544933 -0.015750372812881008 -0.0075535052158814293 -0.00071975686165424828 0.0029306443601352424 -0.0036161062986927051 0.0090831774177027088 -0.0052992461891328592 0.0053119999025241808 0.031066357825641044 -0.0035018419258594003 0.0011788428742519773 -0.0060038922600635699 0.0072734733242913203 -0.010470144610496987 -0.0075810918028646939 -0.032113034847819667 0.015503145794828628 0.032709316267956076 0.010032190261253078 -0.025440350082426851 0.016888297068490703 -0.010323500034567371 -0.065043463276268559 0.0015510628834553746 0.0067685732333814643 0.00072147125027967459
leaf_weight=4707 12781 27 13894 70 71 141 1536 451 52 9597 626 23 198 66 227 148 159 4978 481 650 164 76 129 94 93 789 503 396 177 687 942 1035 3647 37 7493 812 120 152 335 262 165 9030 1839 61 185 264 456 229 329 97 163 8606 6972 3918 494 109 804 287 138 159 156 186 717 29 233 20806 27 57 27926 141 40 384 246 28 37 99 310 96 22897 158 74 288 3540 1116 546 416 512 72 542 23 512 124 1106 131 83 458 1678 31 259 45 382 251 15431 244 1349 67 1222 47 110 97 727 778 243 436 499 67 62 50 133 66 290 770 90 661 180 417
leaf_count=4707 12781 27 13894 70 71 141 1536 451 52 9597 626 23 198 66 227 148 159 4978 481 650 164 76 129 94 93 789 503 396 177 687 942 1035 3647 37 7493 812 120 152 335 262 165 9030 1839 61 185 264 456 229 329 97 163 8606 6972 3918 494 109 804 287 138 159 156 186 717 29 233 20806 27 57 27926 141 40 384 246 28 37 99 310 96 22897 158 74 288 3540 1116 546 416 512 72 542 23 512 124 1106 131 83 458 1678 31 259 45 382 251 15431 244 1349 67 1222 47 110 97 727 778 243 436 499 67 62 50 133 66 290 770 90 661 180 417
internal_value=-0.000260605 -0.00150202 0.000369098 0.000984742 0.00163229 -0.00079977 0.00166257 -0.00336116 -0.000180428 -0.00397079 -0.000934927 0.00382081 0.0126455 -0.00481383 -0.00120791 0.000228969 0.000549364 -0.00558566 -9.87086e-05 -0.000650998 0.00017605 -0.00032967 -0.00570035 0.005625 0.000297887 -0.002437 -0.001941 0.00176775 -0.00278348 0.00385825 -0.00239797 -0.00325661 -0.00221044 0.00927374 -0.00019563 -2.03086e-05 0.000394166 0.000348017 0.000391327 -0.00488266 -0.00962384 0.000532717 -0.00138513 -0.00144564 -0.00396552 -0.00306883 -0.00387346 -0.0128736 0.00207877 0.0032859 0.00162914 0.000647385 0.00441794 0.00043579 0.000108321 0.00531661 -0.00147132 0.000705268 -0.00629407 -2.04713e-05 0.00291747 0.0137952 0.00018267 -0.000301086 -0.00897004 -0.000192694 -0.001025 0.000486501 0.000599386 0.000607299 0.0133774 -0.00971708 -0.00931193 0.0028821 0.00641791 -0.00184397 0.00719237 0.00307786 -0.000773511 0.00329838 0.011519 0.000238256 -2.62611e-05 -0.00347411 -0.00436829 -0.00601868 0.00132031 0.0142055 -0.00376048 -0.001164 9.84435e-05 0.0010688 0.00140497 -0.00117335 0.00291967 0.00568019 0.000127992 -0.000701575 -0.00171031 -0.0014094 -0.00598166 -0.00746315 -0.0011389 -0.003175 -0.00283497 -0.00468684 -0.00544944 0.00681416 -0.000221216 0.00845519 -0.00125281 -0.00419431 0.0083438 -0.00542173 -0.00379876 -0.00125437 -0.00811715 -0.00490068 0.00235236 -0.00234069 0.00621564 -0.00624215 -0.00154786 -0.000654374 0.000109805 0.00534468
internal_weight=213929 71993 141936 66939 50055 52260 49984 19733 74997 15026 16884 913 287 89 15971 7365 7217 5429 6580 6005 5164 5000 841 575 4678 8606 7817 1446 6371 1219 6194 5252 4217 532 74945 67452 43511 43391 43239 762 427 13459 3917 28574 2866 2610 2425 256 36525 9904 26621 12727 7301 12524 2603 603 2000 1381 619 23686 2061 410 1651 21625 262 21363 1495 42477 41304 4585 203 481 322 224 196 136 637 406 23941 1044 232 4444 4374 1173 834 557 9542 231 2381 25708 7766 5838 5714 2115 3599 1807 1792 1709 17942 16612 922 877 15690 495 1928 1416 1330 108 1984 207 1777 1050 1349 1969 1533 3714 712 1027 249 199 577 1269 1468 1378 28523 597
internal_count=213929 71993 141936 66939 50055 52260 49984 19733 74997 15026 16884 913 287 89 15971 7365 7217 5429 6580 6005 5164 5000 841 575 4678 8606 7817 1446 6371 1219 6194 5252 4217 532 74945 67452 43511 43391 43239 762 427 13459 3917 28574 2866 2610 2425 256 36525 9904 26621 12727 7301 12524 2603 603 2000 1381 619 23686 2061 410 1651 21625 262 21363 1495 42477 41304 4585 203 481 322 224 196 136 637 406 23941 1044 232 4444 4374 1173 834 557 9542 231 2381 25708 7766 5838 5714 2115 3599 1807 1792 1709 17942 16612 922 877 15690 495 1928 1416 1330 108 1984 207 1777 1050 1349 1969 1533 3714 712 1027 249 199 577 1269 1468 1378 28523 597
is_linear=0
shrinkage=0.05


Tree=64
num_leaves=127
num_cat=0
split_feature=9 26 9 26 33 20 18 16 26 9 26 33 9 5 24 26 8 23 29 28 9 26 23 5 24 24 9 17 20 23 24 9 20 26 24 17 9 15 35 3 20 1 18 17 31 9 9 9 18 28 2 9 35 9 34 31 8 8 5 24 20 35 12 9 34 2 34 34 28 33 24 8 24 17 35 17 20 29 26 27 17 9 10 10 24 1 23 29 31 26 17 26 26 31 21 29 17 28 17 9 26 26 24 29 9 17 7 28 17 17 26 14 24 3 9 17 16 20 9 20 20 24 33 17 9 8
split_gain=61.6509 33.9093 17.4179 30.155 13.3112 12.436 11.3417 10.2618 9.91695 9.67532 10.0801 11.1046 11.5056 9.42027 9.81981 10.6834 8.84397 16.0173 9.03777 8.73511 8.58018 11.5986 8.3724 9.63944 10.4217 8.76383 8.3764 8.30851 8.19384 8.40698 8.34107 8.07469 7.86607 18.5668 9.59743 8.97652 10.3972 11.1903 11.9012 9.60653 9.1632 8.74133 12.8258 8.25418 7.84428 9.41161 7.81791 7.81164 7.70476 10.0097 10.0998 7.65451 8.64108 8.2119 9.02253 9.04739 8.01402 7.57582 9.02256 8.33529 7.42589 7.22808 7.61761 7.1246 7.11113 10.9342 7.0792 11.7922 6.9936 7.48669 6.83249 15.2202 8.76217 8.96893 7.53279 7.42135 7.31205 12.5837 6.80353 9.72752 9.28105 7.88902 20.3463 15.1249 12.4562 13.5567 12.0647 9.00808 17.5777 14.1082 8.9291 8.15538 9.07838 7.92046 7.71896 7.67638 7.25101 7.41495 7.0401 13.1041 7.02805 7.00476 6.81296 6.79538 7.47264 6.77089 6.76637 6.60698 6.51801 7.99412 6.51749 6.49483 7.18797 8.43155 8.15727 11.0836 7.84713 7.51532 7.34981 9.91842 6.41493 10.925 6.38988 6.32088 20.2238 22.0312
threshold=5.9290548116647663 216.50000000000003 6.8130858395866065 322.50000000000006 0.34386776301103378 0.97752525252525257 16.500000000000004 4.5000000000000009 400.50000000000006 9.7097404293550529 214.50000000000003 -0.1246921663798902 7.5651409024090057 -0.56174490092936669 1017.5000000000001 422.50000000000006 7.5000000000000009 1.9600559822354631 0.27784258825027391 0.0019871376696760442 5.5188231444133669 117.50000000000001 1.4502382000414757 1.0000000180025095e-35 1015.5000000000001 1012.5000000000001 7.9927718313694127 73.500000000000014 0.73385416666666681 1.0510651037159444 303.50000000000006 6.8930861258593401 0.95275297619047628 307.50000000000006 209.50000000000003 16.500000000000004 8.5510377375042737 1.0000000180025095e-35 -6.3891851523048396e-06 0.78656609248549303 0.64760348583878014 5.5000000000000009 8.5000000000000018 30.500000000000004 -0.0010479419174963364 7.1709977974850627 6.9564340911726621 7.802215811756688 5.5000000000000009 1.0335553151519114e-07 0.25881904510252091 3.1975886473094337 -0.0054993852755593911 1.8246898925473982 -0.0029147630823555359 0.00012057306041756467 7.5000000000000009 10.500000000000002 -0.56174490092936669 1007.5000000000001 0.62382075471698128 0.0030047749753479096 22.500000000000004 3.0827852708077614 0.00089066281573304965 -0.60355339059327362 0.0081954489233632636 0.0058543372654594585 0.0038010047351251602 -0.034044417965685185 208.50000000000003 11.500000000000002 1013.5000000000001 24.500000000000004 -0.00010219511537778763 15.500000000000002 0.92907444668008055 0.026357838552697879 17.500000000000004 1.0000000180025095e-35 1.5000000000000002 6.3583354666067455 1.5000000000000002 1.5000000000000002 1011.5000000000001 5.5000000000000009 1.7423673632902685 0.00030793515476145806 8.638454668041054e-05 314.50000000000006 64.500000000000014 412.50000000000006 409.50000000000006 6.771232627102346e-08 0.71651785714285732 0.35418937600095241 43.500000000000007 0.0024232106439961193 11.500000000000002 6.6151522862522247 310.50000000000006 302.50000000000006 1004.5000000000001 0.00092835061481399701 8.3040123642267609 6.5000000000000009 1.0000000180025095e-35 0.0031887887393573125 5.5000000000000009 12.500000000000002 320.50000000000006 1.0000000180025095e-35 1000.5000000000001 0.1294095225512602 2.4702248768463457 7.5000000000000009 1.5000000000000002 0.99333333333333351 2.6365389826204768 0.79610733182161764 0.94073748902546106 222.50000000000003 -0.0094414551066569347 32.500000000000007 3.1975886473094337 5.5000000000000009
decision_type=2 2 2 2 2 2 2 2 2 2 2 2 2 2 2 2 2 2 2 2 2 2 2 2 2 2 2 2 2 2 2 2 2 2 2 2 2 2 2 2 2 2 2 2 2 2 2 2 2 2 2 2 2 2 2 2 2 2 2 2 2 2 2 2 2 2 2 2 2 2 2 2 2 2 2 2 2 2 2 2 2 2 2 2 2 2 2 2 2 2 2 2 2 2 2 2 2 2 2 2 2 2 2 2 2 2 2 2 2 2 2 2 2 2 2 2 2 2 2 2 2 2 2 2 2 2
left_child=1 7 27 5 13 6 9 20 51 10 19 12 -12 -5 16 46 18 22 48 47 21 -1 44 26 25 31 -24 78 -11 57 -31 -25 35 61 -35 36 37 38 -13 41 -41 68 103 -36 45 -18 -16 60 49 50 -15 52 56 110 -55 111 -3 59 -59 108 -4 62 -34 105 65 -40 67 -51 69 -37 71 -46 74 75 76 -74 -72 -78 80 81 -2 82 -80 98 86 -86 -85 88 91 -90 95 92 102 -88 96 -89 97 106 -83 -100 -95 -92 -84 -43 -105 -57 -82 -71 -30 -110 -54 112 113 118 -114 -116 117 -117 119 -56 -93 -122 -23 -10 125 -125
right_child=2 8 3 4 -6 -7 -8 -9 123 28 11 32 -14 14 15 -17 17 -19 -20 -21 -22 122 23 24 -26 -27 -28 -29 29 30 -32 -33 33 34 43 39 -38 -39 64 40 -42 42 -44 -45 70 -47 -48 -49 -50 66 -52 -53 53 54 55 63 -58 58 -60 -61 -62 -63 -64 -65 -66 -67 -68 -69 -70 107 72 -73 73 -75 -76 -77 77 -79 79 -81 94 83 87 84 85 -87 93 90 89 -91 101 120 -94 100 -96 -97 -98 -99 99 -101 -102 -103 -104 104 -106 -107 -108 -109 109 -111 -112 -113 114 -115 115 116 -118 -119 -120 -121 121 -123 -124 124 -126 -127
leaf_value=-0.021137902275959783 -0.039979483089024777 0.018897843517010685 -0.0054039797863625564 0.00039515385398264781 0.0082997845834035088 0.00012392380728752672 -0.035884231231404246 0.0010724224700790982 -0.00011861496337463914 0.023494118148929891 0.01024489231092085 0.0041387802483410438 -0.025006908973886854 0.0034421453932958132 -0.00064860977048321875 0.001905688889854441 0.0056707978035760668 -0.015072431155442012 -0.018411838241257108 -0.0021395316151169132 -0.0036983596177350628 -0.0016265983744543537 0.0047696132210450944 0.0091283713469302898 -0.0054557119432603312 0.0070092995211503833 7.4511026923542977e-05 0.028428275982559256 -0.014423804527495743 -0.0058748818636531717 0.013457610434822255 -0.0021510036262704481 -0.0060122202981867101 0.028628137667126147 -0.0010473179016811719 -0.0054087016161727649 0.011737391996669859 0.019043104886190241 0.0090789160741821685 -0.033731570745320093 0.0041515592349581753 -0.0078383685029271045 0.010426972380029974 0.013742903432072399 0.0034477231585280477 2.7787702738981532e-05 -0.014350158319678147 0.0113743889841328 0.004409074881163425 -0.00050076605370252402 0.00061156497988831501 -0.00083916226472832722 0.0025957496539196333 -0.013542205956368554 0.010587125582498604 -0.013743096949650653 -0.013660578958562864 0.022646081118918054 -0.0081024359605772131 -0.0026781432505595666 0.0070849195238389985 0.0067363217289676206 0.0088910820415622777 -0.0049469030544564366 0.0037017432027587533 -0.0029723919329789159 0.0018223891129750371 -0.039747744285762089 0.0043749801109526781 -0.00026883044597572018 -0.0012984234280374049 -0.0029373191182692207 -0.0004214411862526511 -0.0012911464206929819 -0.0029877497827910798 0.0047426253380342042 -0.0016115803065015891 0.022275301932697385 -0.0057844203735744537 0.026694886891107456 0.010577324659554545 0.0044456316580777297 -9.612962382800496e-05 -0.000495522614554891 0.00090808126402289234 0.0061256706535676121 -0.0068687675895114019 -0.00050010309767462675 0.0007838322699174014 0.018154463946703996 -0.01429669874012374 0.01626447480877374 -0.0061573433291535092 -0.0021300052537786495 -0.051868616666878031 0.0023664184873999333 0.045096981678954075 -0.015755799582800361 -0.0023346699965549533 0.012535594554992034 0.0040470965760435402 0.0060686300656064996 0.0016970333959475028 -0.0046384023522191989 0.0080198086704992167 0.014187269934075222 -0.0014920207523470683 0.0072441079408288953 0.02350722011213361 0.012083573848658311 -0.003039190199816568 -0.010040168350596857 0.0016606138561516045 0.0073162313078376402 -0.020489557644568088 0.01391634667055105 -0.018498116945478295 -0.021272402543720228 -0.017000108324024266 -0.010403989539301757 0.0047807394209449473 -0.049589420428852719 -0.007560348351795078 0.0002628491023494186 3.5842079750998428e-05 0.01685380604954842
leaf_weight=1297 450 28 756 4097 126 10587 65 1305 21625 233 87 1321 36 201 159 77 67 147 54 1448 7709 1432 250 31 85 70 240 52 50 428 293 476 324 133 161 412 542 61 188 70 964 721 33 239 583 620 327 3875 218 2147 766 26972 161 230 80 106 229 89 255 186 13382 201 127 58 316 1409 451 102 268 5148 640 312 130 129 3150 169 274 108 12600 136 11274 6919 3066 13442 1148 169 485 9608 99 134 53 74 150 246 217 340 550 1043 4737 3630 82 264 1359 436 187 271 7042 68 161 945 24 398 311 191 264 46 215 42 120 95 87 69 6723 224 1651 186
leaf_count=1297 450 28 756 4097 126 10587 65 1305 21625 233 87 1321 36 201 159 77 67 147 54 1448 7709 1432 250 31 85 70 240 52 50 428 293 476 324 133 161 412 542 61 188 70 964 721 33 239 583 620 327 3875 218 2147 766 26972 161 230 80 106 229 89 255 186 13382 201 127 58 316 1409 451 102 268 5148 640 312 130 129 3150 169 274 108 12600 136 11274 6919 3066 13442 1148 169 485 9608 99 134 53 74 150 246 217 340 550 1043 4737 3630 82 264 1359 436 187 271 7042 68 161 945 24 398 311 191 264 46 215 42 120 95 87 69 6723 224 1651 186
internal_value=-0.000249153 -0.00144091 0.00035536 0.000980558 -0.000875023 0.00163141 0.00207857 -0.00328813 -0.000803397 0.00211788 0.0018837 0.000830795 0.0154883 -0.00100404 -0.0017115 -0.0081294 -0.00139168 -0.00240081 0.000525482 0.00261109 -0.0036131 -0.00462303 -0.00206636 0.00184097 -0.00209145 0.000373712 0.00712121 -0.000135326 0.00502836 0.00414283 -0.000375344 -0.00196777 0.000689779 0.00456933 0.0114452 0.000309491 0.00230804 0.00124621 0.00082896 -0.000614472 0.00388354 -0.00125618 -0.00483538 0.00740741 -0.00279538 0.00222905 -0.0108656 0.00291139 0.000819409 0.000270289 0.00462191 -0.00140965 -0.00386308 -0.00298815 -0.00376542 -0.00276226 -0.0125286 0.00607037 -0.000544412 0.00776169 0.00236477 -0.00109589 -0.00459978 0.00366477 -0.00169056 -0.00304775 -0.0012939 -0.00244122 -0.000416878 -0.000795313 -0.003425 0.000569445 -0.00420195 0.00258661 -0.00490065 0.00731086 -0.00116358 0.00427649 -0.000149003 -0.000422438 0.000633595 -0.000453876 -0.00106305 9.70424e-05 -0.00099955 0.0036441 -0.0014297 0.000162171 0.00189272 0.0151576 -0.000687682 0.00123441 0.000766922 -0.00732579 0.000793056 -0.000952476 0.000896229 0.000734482 0.00121411 0.000237996 -0.00129129 0.00750776 0.00118228 -0.00562639 -0.00177946 0.00619764 0.000968288 -0.000279639 0.00933678 0.0101395 0.00703947 -0.00435484 -0.0026954 0.00216904 -0.00538505 -0.0089292 -0.00232954 0.00989247 -0.003125 0.00340278 0.0103191 0.00428571 -0.00392004 -3.94659e-05 0.00260286 0.0124699
internal_weight=213929 71993 141936 62411 16206 46205 35618 18466 53527 35553 32913 13452 123 16080 11983 563 11420 7481 3939 19461 17161 9452 7334 1152 662 577 490 79525 2640 2407 721 507 13329 1185 533 12144 3837 3295 3234 8307 1034 7273 1377 400 6182 687 486 18013 3885 3667 967 29841 2869 2612 2427 2197 257 1686 344 1342 14138 652 451 435 1913 1597 2700 2249 5896 5628 5495 895 4600 428 4172 299 1022 382 79473 58897 20576 58761 27903 30858 15572 1317 14255 15303 5038 233 10265 4805 4575 813 20126 9948 19909 19359 15286 8367 328 317 4425 1344 623 377 18316 5216 1156 1106 185 1762 1364 486 878 567 303 88 295 175 230 156 8155 23686 2061 410
internal_count=213929 71993 141936 62411 16206 46205 35618 18466 53527 35553 32913 13452 123 16080 11983 563 11420 7481 3939 19461 17161 9452 7334 1152 662 577 490 79525 2640 2407 721 507 13329 1185 533 12144 3837 3295 3234 8307 1034 7273 1377 400 6182 687 486 18013 3885 3667 967 29841 2869 2612 2427 2197 257 1686 344 1342 14138 652 451 435 1913 1597 2700 2249 5896 5628 5495 895 4600 428 4172 299 1022 382 79473 58897 20576 58761 27903 30858 15572 1317 14255 15303 5038 233 10265 4805 4575 813 20126 9948 19909 19359 15286 8367 328 317 4425 1344 623 377 18316 5216 1156 1106 185 1762 1364 486 878 567 303 88 295 175 230 156 8155 23686 2061 410
is_linear=0
shrinkage=0.05


Tree=65
num_leaves=127
num_cat=0
split_feature=9 26 9 10 9 18 26 17 28 26 33 17 9 26 26 9 14 26 26 27 28 1 20 17 20 9 25 31 9 35 21 9 34 25 14 25 18 9 28 4 23 19 9 31 26 35 3 2 16 34 26 24 20 26 3 20 17 23 26 9 17 26 24 26 9 16 23 19 17 20 33 3 28 24 7 26 4 24 24 24 25 24 26 33 9 17 2 20 19 28 24 9 19 1 25 24 9 24 9 26 17 26 17 23 28 26 28 7 28 26 28 9 35 31 19 16 26 16 9 28 3 4 17 4 24 3
split_gain=55.1622 29.6471 15.6261 27.5035 13.685 11.3624 10.2605 9.46821 13.8937 11.3662 11.7074 8.84962 8.53269 10.0403 9.58512 10.5059 8.48509 8.23659 7.85753 8.44806 7.7564 7.71661 8.27365 7.69802 7.69294 7.60959 8.13631 8.4675 7.41749 8.81395 7.30713 7.14311 9.1632 6.95611 6.91024 14.6422 6.76343 6.72502 6.52507 6.35447 7.6847 7.04207 12.9999 11.4886 6.78955 19.8145 10.1464 8.46843 7.94831 7.38971 6.72241 6.49162 6.37159 7.25881 7.74032 7.36957 6.28969 6.24652 8.34403 8.46128 8.16899 8.10411 6.48123 6.22707 6.12479 9.52885 14.2246 11.473 12.3857 10.9263 9.60241 10.4166 8.58765 8.347 9.20102 8.16358 8.07524 7.75261 7.28511 12.7351 7.2336 8.62283 6.84601 6.81271 6.74572 7.27373 6.68801 8.14817 6.59201 6.54212 6.48064 9.19047 10.2305 6.91015 6.70482 6.3636 5.93811 5.92682 5.92029 9.0913 8.80478 10.8319 7.30176 7.65721 9.24786 9.34669 8.17258 7.61106 7.38083 7.24629 6.78267 6.36144 11.2614 5.89745 5.93324 7.57162 7.6647 7.21284 22.5027 16.0916 14.6434 12.4585 12.2286 10.8618 8.79437 10.0276
threshold=5.9290548116647663 222.50000000000003 6.6915261923490057 2.5000000000000004 8.3967914974307902 16.500000000000004 122.50000000000001 60.500000000000007 0.00083975996860137275 400.50000000000006 -0.16006091799829295 73.500000000000014 4.1892511986780283 117.50000000000001 16.500000000000004 5.1815417697773567 1.0000000180025095e-35 400.50000000000006 17.500000000000004 1.0000000180025095e-35 0.34784503273328221 1.0000000180025095e-35 0.66185031185031196 3.5000000000000004 0.88029850746268667 8.7041966274673417 30.500000000000004 0.0008976388973379125 3.1975886473094337 -0.0054993852755593911 0.80384615384615399 1.8246898925473982 0.00046215043122796413 105.50000000000001 1.0000000180025095e-35 40.500000000000007 15.500000000000002 2.9525637600956265 0.0019871376696760442 0.6078576107927941 1.6770791569407488 0.12933094384707292 6.1873831151498608 0.0019625512644500932 405.50000000000006 0.18523210654236213 -0.60355339059327384 0.25881904510252091 7.5000000000000009 1.3180912901764177e-05 200.50000000000003 101.50000000000001 0.75171232876712335 207.50000000000003 -0.60355339059327384 0.54653679653679665 59.500000000000007 0.66703042864369799 200.50000000000003 7.802215811756688 45.500000000000007 21.500000000000004 105.50000000000001 320.50000000000006 8.4640998867442594 5.5000000000000009 1.7863047925798559 0.10840188014101058 36.500000000000007 0.72029411764705886 0.006123608886124514 -0.98296291314453399 7.8142029251785783e-06 1002.5000000000001 1.0000000180025095e-35 318.50000000000006 0.87837969732492682 1022.5000000000001 1013.5000000000001 311.50000000000006 13.500000000000002 120.50000000000001 308.50000000000006 -0.0020643890095927305 9.412308328724011 37.500000000000007 0.91597561503675362 0.99333333333333351 0.12034482758620692 0.34784503273328221 217.50000000000003 8.6217987304150636 0.037386443046820407 1.5000000000000002 103.50000000000001 105.50000000000001 9.8505263167475814 102.50000000000001 6.2573395609730058 200.50000000000003 6.5000000000000009 311.50000000000006 4.5000000000000009 0.95783530382392057 9.2594030152064891e-06 300.50000000000006 0.00081976002035598079 1.0000000180025095e-35 0.00035468823114309737 308.50000000000006 1.0877436248888021e-06 6.0807447825968151 0.014286849477602807 -0.0030717798738463782 0.33666666666666673 2.5000000000000004 408.50000000000006 3.5000000000000004 3.7422261563057631 1.2646004042319834e-06 -0.12940952255126037 1.0000000180025095e-35 34.500000000000007 0.87837969732492682 1002.5000000000001 -0.98296291314453399
decision_type=2 2 2 2 2 2 2 2 2 2 2 2 2 2 2 2 2 2 2 2 2 2 2 2 2 2 2 2 2 2 2 2 2 2 2 2 2 2 2 2 2 2 2 2 2 2 2 2 2 2 2 2 2 2 2 2 2 2 2 2 2 2 2 2 2 2 2 2 2 2 2 2 2 2 2 2 2 2 2 2 2 2 2 2 2 2 2 2 2 2 2 2 2 2 2 2 2 2 2 2 2 2 2 2 2 2 2 2 2 2 2 2 2 2 2 2 2 2 2 2 2 2 2 2 2 2
left_child=1 12 11 4 38 7 -6 9 16 10 -5 18 -1 14 -14 -16 -9 28 20 39 23 22 -12 -2 -8 -18 -27 -28 29 33 56 63 34 -3 35 37 64 -33 57 40 44 42 -42 50 48 46 47 49 51 -46 -44 -20 53 -41 -55 -56 -25 61 60 -60 -59 -4 -63 -31 77 67 78 68 70 -68 71 -66 76 75 -75 90 -69 80 79 88 -23 86 -74 -77 -71 -86 87 -82 -67 -83 93 92 -92 -73 -93 -70 -85 -19 99 -53 101 110 107 106 105 -105 -104 109 -109 -101 -100 -108 -113 -99 117 -116 -117 121 120 -120 -119 -115 -122 -121 -123 -126
right_child=2 17 3 5 6 -7 24 8 -10 -11 21 -13 13 -15 15 -17 25 97 19 -21 -22 36 -24 30 -26 26 27 -29 -30 31 -32 32 -34 -35 -36 -37 -38 -39 -40 52 41 -43 43 -45 45 -47 -48 -49 -50 -51 -52 98 -54 54 55 -57 -58 58 59 -61 -62 62 -64 -65 65 66 69 72 95 84 -72 73 82 74 -76 83 -78 -79 -80 -81 81 89 -84 96 85 -87 -88 -89 -90 -91 91 94 -94 -95 -96 -97 -98 113 100 102 -102 -103 103 104 -106 -107 111 108 -110 -111 -112 112 -114 114 115 116 -118 118 119 123 122 124 -124 -125 125 -127
leaf_value=-0.01158658853063488 -0.01381126422552011 -0.012874701264757902 -0.0057722149781813826 0.019851970298057426 0.059371701280508705 -0.029405346939435462 0.017289967167875422 0.0083501149573050951 -0.0016735941636045752 -0.00047108428754822241 0.02001497701628626 0.027153326243049315 0.00406307874461576 -0.0028434420510706072 -0.029775715180530501 -0.010422859792905042 0.0099342986734826996 -0.0031840565664859907 -0.016521309582052696 0.025763025958680786 -0.030713142525712181 -0.010347403061371878 0.00236299033440736 0.0067027334537770019 0.0040448909775895976 0.049742626166643433 -0.00047256060486057077 -0.012291348500478088 -0.00074646312457636989 0.0024659621712236524 -0.058192469940912123 0.009640352466051395 0.0032827830614065843 0.017695430260716877 -0.009438963518858345 -0.0087122746902409988 0.0068615500920943297 -0.0081806010037795591 -0.0014628319004988555 -0.0024836263029154922 0.00094777759491812075 -0.00061483560763091573 -0.0011491865649869357 0.021380207378852462 0.0032824000214780394 0.011767242408381739 0.0012863940336852724 -0.0023859204977997005 -0.0042718014213497229 -0.00026723349457179803 -0.0076713600279570901 -0.0051369328081730644 -0.0020739409394466579 -0.00044568754584884974 -0.001846984730042059 0.0066531618938628139 0.086240844102386596 0.013395635239037296 -0.0004256572216311998 0.0094351272588754781 0.038264251867582477 -0.0092714499881965898 0.0037960092771469767 -0.0028872306898257392 0.022122921385659602 0.00084817077582455963 0.01620669758228074 0.016973540476770733 -0.0058224899914665505 0.011439756131839559 0.0089136909548130205 -0.016244291530946458 -0.0020720531568913514 -0.0014165720825055647 0.019845986634184729 -0.0018635011882522671 -0.02802030638152897 -0.0058603416130715465 -0.037484174675848532 0.017611435605353304 0.017879473936544547 -0.00021032252537083888 0.009817151920252544 0.0064185055837760966 -0.012964932792020011 0.0058659540743640319 -0.0016959924100770432 -0.0031938172000368619 -0.010243290690527394 0.020341196531428553 0.012381456097530882 -0.008953155762413163 -0.009104822725203519 0.0067493611970617061 0.021350890307064385 0.010285197794919232 -0.0048222646193577081 -0.0059567155155090092 0.0055077095515163729 0.0018018408254227597 -9.9489040153629901e-05 0.0074733683240110291 -0.0013811493398864199 0.00093697551685799092 0.00027076530164913635 0.010691399756477244 0.0024560323097506586 -0.0050086349265120404 0.0027000025274133677 0.019799459082842995 0.00060782343554880022 0.0005796115010161016 -0.011927423171217994 -0.0004177130943803699 0.0053167335344089708 -0.005651751254771048 -0.00063035142047008705 0.014685708786407937 -0.0017321473239941645 0.0025149279980410926 0.001474591295662384 0.0014622176910979649 0.032023995592113309 -0.02457985788528172 0.0032691302147554928 -0.001006236952589077
leaf_weight=1336 2309 228 2862 45 139 65 1370 738 594 15451 49 51 606 13601 426 3764 114 106 132 118 203 128 1564 17819 1463 43 271 69 25708 161 104 189 456 28 436 1287 27 57 2369 1475 159 826 78 25 189 112 2568 989 1006 350 328 6797 8893 323 50 341 141 5269 3057 986 834 245 13816 24 68 115 127 364 44 173 126 71 333 439 176 74 51 104 88 107 126 12508 214 111 138 97 93 42 355 75 59 890 55 325 48 774 27 163 1191 423 15754 113 3778 150 853 178 737 132 92 73 2533 460 118 12885 51 210 295 220 1162 2243 429 3516 78 109 168 2051
leaf_count=1336 2309 228 2862 45 139 65 1370 738 594 15451 49 51 606 13601 426 3764 114 106 132 118 203 128 1564 17819 1463 43 271 69 25708 161 104 189 456 28 436 1287 27 57 2369 1475 159 826 78 25 189 112 2568 989 1006 350 328 6797 8893 323 50 341 141 5269 3057 986 834 245 13816 24 68 115 127 364 44 173 126 71 333 439 176 74 51 104 88 107 126 12508 214 111 138 97 93 42 355 75 59 890 55 325 48 774 27 163 1191 423 15754 113 3778 150 853 178 737 132 92 73 2533 460 118 12885 51 210 295 220 1162 2243 429 3516 78 109 168 2051
internal_value=-0.000235831 -0.00136313 0.000335985 0.000868051 0.00193506 -5.29147e-05 0.00516628 -1.53348e-05 0.00348828 -0.000195494 0.000584962 -0.000181275 -0.00301411 -0.00273245 -0.00469902 -0.00554827 0.00650202 -0.0007395 -0.000196732 -0.000527566 0.000628736 0.000524914 0.00383653 0.000726642 0.00449524 0.00142928 -0.00197809 -0.00463768 -0.00131093 -0.0037217 0.00107422 -0.00283939 -0.00356481 -0.0124904 -0.00504179 -0.00344116 0.00023603 0.00762948 0.00160802 -0.000558938 -0.000266258 -0.00387755 -0.00802521 -0.0124943 -0.000133735 0.00176122 0.0011802 -0.00204175 -0.000364952 0.00298254 -0.014562 -0.000233151 -0.00161856 0.000796491 0.00491655 0.00960227 0.00115224 0.00182823 0.00280908 0.00104558 0.00397552 0.00123952 0.00173308 0.00651316 0.000196304 0.00160387 -0.00232365 0.0027145 0.00130392 0.00372685 -0.000465844 -0.00119996 0.00750259 -0.00179276 0.00316532 -0.00363363 0.0128869 -0.000390642 -0.00718284 -0.00503866 -0.000278954 -0.000158767 0.00333786 0.00543779 -0.000314769 -0.00578125 0.00875 0.0145665 -0.00857895 -0.000346957 -0.00497591 -0.00701987 0.00617647 0.000473816 -0.00864793 0.00661604 0.0118531 -5.00184e-05 -0.000188546 -0.000981987 0.000370102 0.00251627 0.000283613 -0.000265169 0.00335371 0.0104204 -0.00110681 0.00503448 -0.00257642 0.00846307 0.00204076 0.0022822 -0.00163808 4.24058e-06 7.11943e-05 -0.00500891 -0.00688725 0.000195815 0.00205546 0.000393578 0.0100307 -0.000228187 0.00525879 0.00277047 0.0017095 -0.000754271
internal_weight=213929 71993 141936 69965 32410 37555 2972 37490 1829 35661 20210 71971 19733 18397 4796 4190 1235 52260 71920 51344 20576 20165 1613 20373 2833 497 383 340 28574 2866 18064 2610 2425 256 1969 1533 18552 246 29438 51226 40144 1416 590 431 38728 4208 4096 1528 34520 539 406 33514 11082 2189 714 391 17960 27069 10146 4043 6103 16923 14061 185 18525 5449 1200 4249 3287 535 2469 2343 962 2275 615 1660 415 13076 665 577 12972 12844 547 212 408 235 261 168 470 12583 1448 1052 114 396 938 818 138 23686 33382 13791 19591 3837 6994 6274 1181 328 5093 720 224 496 3724 1315 578 23580 23417 556 505 22861 4241 3514 727 18620 507 2352 5735 2219
internal_count=213929 71993 141936 69965 32410 37555 2972 37490 1829 35661 20210 71971 19733 18397 4796 4190 1235 52260 71920 51344 20576 20165 1613 20373 2833 497 383 340 28574 2866 18064 2610 2425 256 1969 1533 18552 246 29438 51226 40144 1416 590 431 38728 4208 4096 1528 34520 539 406 33514 11082 2189 714 391 17960 27069 10146 4043 6103 16923 14061 185 18525 5449 1200 4249 3287 535 2469 2343 962 2275 615 1660 415 13076 665 577 12972 12844 547 212 408 235 261 168 470 12583 1448 1052 114 396 938 818 138 23686 33382 13791 19591 3837 6994 6274 1181 328 5093 720 224 496 3724 1315 578 23580 23417 556 505 22861 4241 3514 727 18620 507 2352 5735 2219
is_linear=0
shrinkage=0.05


Tree=66
num_leaves=127
num_cat=0
split_feature=9 10 9 10 9 32 1 31 17 20 9 18 2 32 35 18 2 9 35 20 20 23 19 24 20 29 18 9 32 35 0 17 17 35 3 8 23 25 9 17 2 35 17 9 35 9 24 2 19 24 30 9 31 3 35 31 9 17 10 34 30 9 2 18 21 17 9 30 17 9 35 9 9 9 17 24 9 9 20 0 9 23 25 0 24 10 30 30 0 29 29 19 20 17 17 18 35 1 25 24 34 24 8 0 9 30 8 29 23 3 25 8 9 24 35 20 1 24 29 0 24 17 19 20 25 30
split_gain=49.4133 26.7803 13.8302 27.0618 12.2451 8.73917 9.48107 15.7631 14.1198 11.0242 11.5005 12.0415 13.8029 10.1729 11.5306 13.8323 11.9627 10.2776 11.7655 10.0923 16.3203 10.8899 12.4727 11.6655 9.94257 9.90472 9.84582 9.68882 9.03526 8.72901 9.72203 8.68013 8.42565 18.9272 8.24697 8.78789 9.38021 12.9298 7.79635 7.79362 7.74829 7.73862 9.34937 9.06787 8.5722 16.3292 10.4347 10.1364 11.0396 9.01649 7.58341 13.8804 9.69275 10.6696 8.7846 8.02358 12.0474 7.684 7.56917 7.26913 7.17847 12.9106 10.3129 7.15852 10.1276 10.0631 7.06231 7.04312 6.97393 9.90537 6.93762 6.98355 6.87843 7.42322 6.7999 8.98921 7.89342 10.9712 7.57023 7.54139 6.69491 8.34806 7.6099 8.3482 7.54405 6.69008 7.65816 13.5379 11.9213 9.37352 8.71053 7.59777 57.0575 12.5157 9.88141 9.63368 8.71382 11.4628 11.7185 10.2341 7.79419 7.13354 7.05928 6.93976 10.8462 15.4045 9.32902 7.62026 7.14006 11.218 8.2258 12.547 13.1552 13.114 7.18589 6.73049 7.04431 11.1224 6.72745 9.4397 7.60513 9.81229 9.5429 19.1448 18.0327 11.2528
threshold=5.9290548116647663 2.5000000000000004 6.5936803181797652 2.5000000000000004 8.3967914974307902 0.019273973932289305 5.5000000000000009 -0.00059679582297702107 5.5000000000000009 0.71525096525096543 7.9927718313694127 1.0000000180025095e-35 0.91597561503675362 0.0026805443743723278 1.6933645686538135e-06 1.0000000180025095e-35 -0.98296291314453399 7.1468754221369535 1.0000000180025095e-35 0.88964992389649933 0.90976933514246949 0.90439373713699056 0.21103238866396765 1014.5000000000001 0.84877072612921689 0.18910123798066439 9.5000000000000018 7.7629309898717898 -0.0054276706302785757 -0.00037075081091812967 22.500000000000004 3.5000000000000004 58.500000000000007 0.12932883897634506 0.78656609248549303 8.5000000000000018 1.5217843656153405 102.50000000000001 6.0400115914625889 13.500000000000002 0.60355339059327384 0.00013665189725829043 16.500000000000004 7.0822212054384481 0.00030357629040474323 9.7097404293550529 1002.5000000000001 0.78656609248549325 0.18044171220400732 204.50000000000003 0.020575057970428034 7.6891396900590916 0.00027426802557549266 -0.9159756150367534 -0.080560084375683405 0.0010468941534386353 8.7041966274673417 20.500000000000004 1.5000000000000002 0.0012386386034626258 -0.02539534113012103 7.4884717321742622 0.60355339059327384 14.500000000000002 0.77525252525252542 22.500000000000004 3.7422261563057631 -1.0000000180025095e-35 59.500000000000007 6.8255492842682601 0.0016237698015904923 7.5378455683936911 8.0305847905571053 7.5651409024090057 21.500000000000004 521.50000000000011 6.6575909486486609 7.4292277797806276 0.79610733182161764 9.5000000000000018 8.9833684440751345 1.5217843656153405 101.50000000000001 1.5000000000000002 301.50000000000006 3.5000000000000004 -5.2937002577606966e-07 -0.00013897069244720819 1.0000000180025095e-35 0.1105567277210479 0.063374493299832038 0.066120218579234988 0.91202270381836958 13.500000000000002 41.500000000000007 5.5000000000000009 0.0026688688522867429 4.5000000000000009 11.500000000000002 1009.5000000000001 -0.01273793507167678 102.50000000000001 11.500000000000002 2.5000000000000004 4.8066873308449161 0.002842380160201522 9.5000000000000018 0.0036861915778299745 0.99117016018682558 -0.5 23.500000000000004 8.5000000000000018 5.5946762667250622 212.50000000000003 -0.044665355939063962 0.82637681159420306 3.5000000000000004 1005.5000000000001 -8.7011036560904128e-10 10.500000000000002 1012.5000000000001 24.500000000000004 0.079156223893066008 0.92907444668008055 53.500000000000007 0.31997036353754182
decision_type=2 2 2 2 2 2 2 2 2 2 2 2 2 2 2 2 2 2 2 2 2 2 2 2 2 2 2 2 2 2 2 2 2 2 2 2 2 2 2 2 2 2 2 2 2 2 2 2 2 2 2 2 2 2 2 2 2 2 2 2 2 2 2 2 2 2 2 2 2 2 2 2 2 2 2 2 2 2 2 2 2 2 2 2 2 2 2 2 2 2 2 2 2 2 2 2 2 2 2 2 2 2 2 2 2 2 2 2 2 2 2 2 2 2 2 2 2 2 2 2 2 2 2 2 2 2
left_child=1 31 32 4 67 6 13 25 27 -10 11 70 -13 14 16 41 -5 68 26 21 -21 24 23 -23 40 28 34 -9 -8 60 -31 -1 38 -34 35 36 -19 -38 39 59 -17 42 43 -16 45 46 -43 74 49 -49 51 52 -15 57 -55 -52 -57 -54 -6 -2 61 -7 -63 64 85 -66 -33 -4 -18 -70 71 -11 73 -20 75 78 -76 -78 -46 -80 82 -82 84 -84 -36 118 87 88 -87 90 91 100 94 -94 95 96 -93 98 -98 -99 -88 -102 -95 104 105 106 -103 -107 110 -110 111 113 -113 -105 -112 -89 -117 -118 119 -3 122 -122 123 124 -120 -125
right_child=2 63 3 5 58 29 7 8 9 10 -12 12 -14 50 15 19 17 18 72 20 -22 22 -24 -25 -26 -27 -28 -29 -30 30 -32 66 33 -35 80 -37 37 -39 -40 -41 -42 44 -44 -45 47 -47 -48 48 -50 -51 55 -53 53 54 -56 56 -58 -59 -60 -61 -62 62 -64 -65 65 -67 -68 -69 69 -71 -72 -73 -74 -75 76 -77 77 -79 79 -81 81 -83 83 -85 -86 86 89 115 -90 -91 -92 92 93 102 -96 -97 97 99 -100 -101 101 103 -104 108 -106 107 -108 -109 109 -111 114 112 -114 -115 -116 116 117 -119 120 -121 121 -123 -124 125 -126 -127
leaf_value=-0.010145384620683158 -0.0030440600154099016 -0.0001864766709148342 -0.00061867010592260184 -0.009328088223786106 0.056415500595949755 0.0099291524084244697 0.0026444306511324428 0.0097810399271289691 0.0011207997982418745 -0.0011494361332545183 -0.0007096334610290668 -0.0050618165235313132 0.00060878064532487455 -0.010555711931788284 -0.0051210766313208641 -0.035059418922283973 -0.00029238869577803505 0.0061712165946829489 0.0084066200004919954 0.017635740266140256 0.0021529314185372152 0.00015016026516119512 0.0088099134168292143 0.0078448625286711305 0.0026099048336416888 -0.00037246978855891803 -0.010684455114683286 0.0021158132208241543 0.024272452449523824 0.0042605899352364659 -0.00099312477965968768 -0.013099558503507403 0.0011492825809278553 0.013568726851632905 -0.000671632115374183 0.00088121947273032031 0.011085168002727193 -0.0074544449063383327 -0.00056171249525688728 0.0029029091369799031 -0.0018534036284525096 0.018687674072885321 -0.0099504205006967529 0.00046393778982813474 0.016723406231259935 -0.0044444914163260293 -0.0041013033279202237 -0.017004587574401719 -0.0083936673712187715 -0.0010677913618919038 -0.0081986792857656164 0.0023745318118818179 0.021558057293474445 -0.02547845687938434 -5.7949785649850288e-05 0.0092576348026446719 -0.0044077561287705069 -0.0015319321944676509 0.009566392350246861 0.0027933948107937007 -0.00025110038243900248 0.0047026260436644641 -0.0020495556132916373 0.007542952743608629 -0.010014268324381258 0.010107926880092634 -0.0035990759373394875 0.0042364757457267746 -0.00043374952072838813 0.0088378490301549983 0.0045118809629724954 -0.003201680785614744 0.011140231820558967 -0.00050395907928828742 -0.0056171598428045874 0.0006890268408501609 0.003863770842899661 0.00021038701286985457 -0.00045258017033390134 -0.0053458615912701209 0.0048092321649206796 -0.0077605893875398501 0.014723461354455569 -0.00034298755568317255 -0.0063338928632430723 -0.010627301189954469 0.017018816557030993 -0.091394128354506818 7.1558708240762213e-07 0.0075054351935202436 -0.0032792046602584477 0.0003430243156388442 -0.00099730761233542044 0.028069697707558711 0.0095289605047108508 0.034843045855013591 -0.0061442012808699325 -0.011402724534003235 0.0050154489487096287 0.018375119078993429 -0.0052396799441220172 0.0019689124982112251 0.00064491937683710263 -0.00097256002949128596 -0.00041593311751851109 -0.004176128316497287 0.0098717184007714124 0.0011673166400746845 0.0032396170507199215 -0.0082671792574730684 -0.029469816912161835 0.00034191248162392763 0.030697885350625745 0.0069580081099699376 -0.00032496401515230906 0.00066543130438162631 -0.014189732580974657 0.01443443267751034 -0.010476153346200154 0.0050444320513520213 -0.0027050608398028627 -0.012264236775053738 -8.8270503973745908e-05 -0.00090910452523614092 -0.001447100115675405 0.044494194909879242
leaf_weight=3236 7970 972 4372 225 141 81 432 78 268 1512 2431 935 244 183 120 284 4921 2538 38 184 421 1611 132 128 169 827 87 157 120 597 33 374 1355 121 478 5160 187 201 42996 7184 217 216 464 443 70 190 73 124 221 1770 1039 656 66 192 437 233 347 47 2831 5556 1336 172 91 109 592 111 16481 29728 172 129 190 668 107 109 93 767 386 837 935 715 551 75 94 382 286 125 156 97 2799 100 780 7272 73 434 135 40 65 431 266 51 68 71 67 501 573 71 160 178 119 289 92 145 174 70 8136 231 328 22 986 342 2653 170 11850 8944 1001 53
leaf_count=3236 7970 972 4372 225 141 81 432 78 268 1512 2431 935 244 183 120 284 4921 2538 38 184 421 1611 132 128 169 827 87 157 120 597 33 374 1355 121 478 5160 187 201 42996 7184 217 216 464 443 70 190 73 124 221 1770 1039 656 66 192 437 233 347 47 2831 5556 1336 172 91 109 592 111 16481 29728 172 129 190 668 107 109 93 767 386 837 935 715 551 75 94 382 286 125 156 97 2799 100 780 7272 73 434 135 40 65 431 266 51 68 71 67 501 573 71 160 178 119 289 92 145 174 70 8136 231 328 22 986 342 2653 170 11850 8944 1001 53
internal_value=-0.000229521 -0.00129646 0.000311679 0.000766491 0.00173774 -0.000140978 -0.000325601 -0.00186793 -0.00290035 -0.00335519 -0.00380117 -0.0056141 -0.00973606 8.55503e-05 0.000409463 -0.000867612 0.00126707 0.00143444 0.0023507 0.00190892 0.00768443 0.000521407 0.00248001 0.00133171 -0.00492593 0.00297869 0.00207811 0.00901042 0.00813286 0.00284017 0.00783465 -0.00284621 -0.000223894 0.00350439 0.00222758 0.00291868 0.00510577 -0.00211196 -0.000310542 0.000486363 -0.00844368 -0.00204469 -0.00606347 -0.00170334 -0.00139527 0.00500517 0.0124065 -0.0019171 -0.0046875 -0.00343075 -0.0025741 -0.000108764 -0.0040457 -0.00146586 -0.00402602 -0.00497383 -0.00025641 0.0123517 0.00481357 -0.000220604 0.000949555 0.00733524 0.00180037 -0.000696341 -0.000723821 -0.00666314 -0.00238953 0.00146899 -0.000372106 0.00695261 -0.00354737 -0.00434783 0.0128764 0.00554276 -0.000372242 -0.00190911 0.00252839 0.00360953 -0.00391304 -0.00460725 -0.000766969 0.00343106 -0.00289157 0.00205821 -0.00596879 -0.000641452 -3.6374e-05 -0.00216108 -0.000679412 0.000337078 0.000260382 0.00046673 0.00155391 0.0167271 0.000490019 0.000262916 0.000134426 -0.00475856 0.00238839 -0.00964066 -0.000422603 -0.000587448 0.0195208 -0.000479733 0.00336248 0.00886598 0.0180191 0.000187008 -0.00090599 -0.00733656 -0.000614381 0.00393855 0.0117978 -0.000516492 -0.00110895 -0.00849927 -0.00635239 -0.0107746 -0.00118244 0.00230099 -0.00136125 -0.00380746 -0.00105806 -0.00211939 -0.00655497 -0.00113669
internal_weight=213929 71993 141936 76754 37072 39682 37372 7862 6483 6248 5980 3549 1179 29510 26310 10570 15740 15515 10293 3146 605 2541 1871 1739 670 1379 10039 235 552 2310 630 20091 65182 1476 9952 8086 2926 388 63706 20710 501 7424 1027 563 6397 479 289 5918 2115 1894 3200 1581 925 742 629 1619 580 113 2972 13526 1680 344 263 51902 51793 703 16855 34100 5222 301 2370 2180 254 147 3803 2487 1316 1223 1720 1650 1866 626 1240 476 764 51090 24119 3602 2924 20517 20417 19637 8834 574 8260 8125 8085 813 331 482 10803 10647 501 10579 1053 480 231 249 9526 408 9118 890 319 571 8228 678 581 350 26971 1314 25657 2823 22834 10984 1987 8997
internal_count=213929 71993 141936 76754 37072 39682 37372 7862 6483 6248 5980 3549 1179 29510 26310 10570 15740 15515 10293 3146 605 2541 1871 1739 670 1379 10039 235 552 2310 630 20091 65182 1476 9952 8086 2926 388 63706 20710 501 7424 1027 563 6397 479 289 5918 2115 1894 3200 1581 925 742 629 1619 580 113 2972 13526 1680 344 263 51902 51793 703 16855 34100 5222 301 2370 2180 254 147 3803 2487 1316 1223 1720 1650 1866 626 1240 476 764 51090 24119 3602 2924 20517 20417 19637 8834 574 8260 8125 8085 813 331 482 10803 10647 501 10579 1053 480 231 249 9526 408 9118 890 319 571 8228 678 581 350 26971 1314 25657 2823 22834 10984 1987 8997
is_linear=0
shrinkage=0.05


Tree=67
num_leaves=127
num_cat=0
split_feature=9 26 9 10 9 26 16 26 26 8 7 30 25 0 35 8 35 1 9 35 35 31 35 2 3 29 9 33 9 2 9 21 1 18 18 33 3 26 29 4 30 31 33 20 7 9 9 9 18 3 9 35 9 8 9 28 26 9 2 14 35 18 31 9 35 35 10 26 10 9 33 30 9 25 28 7 9 28 9 25 4 21 2 9 0 0 8 9 33 1 9 9 8 29 9 15 34 26 31 16 3 2 31 2 9 2 18 29 20 8 9 9 3 31 8 20 35 3 28 18 9 0 2 2 20 20
split_gain=44.021 23.8555 12.2044 23.8827 11.0453 10.2451 9.43855 8.60137 10.3036 11.9829 17.3402 23.1625 12.686 10.888 10.395 11.2168 10.1618 8.44798 8.30606 14.6287 9.86619 8.21534 7.96816 7.8338 7.82038 7.80319 7.77069 7.68081 10.1374 9.39447 7.72721 10.2941 8.09347 12.7325 12.9147 12.0887 10.5126 10.4285 10.0601 12.1275 8.86799 8.6294 15.2218 10.5246 9.57929 16.2316 14.8753 8.42044 8.31468 8.25608 8.16153 17.386 14.9816 11.7847 9.1752 7.59043 7.50624 8.326 10.2721 10.2311 14.1853 8.67455 8.12861 7.66817 9.60476 9.04993 7.50439 9.7565 7.41563 7.31068 7.15141 7.10905 7.07389 7.05838 7.45881 6.96212 13.8432 8.95684 8.88825 11.0378 8.33144 8.68407 7.41508 7.23593 7.83136 7.53822 7.22419 8.33915 6.8957 8.57139 9.18576 6.90136 6.83626 6.83125 6.78108 6.8982 6.76504 15.8427 9.48507 6.90516 6.69427 6.48338 6.39597 7.53845 6.37345 7.22292 6.3605 7.77462 7.40897 6.34979 6.48443 6.286 6.24674 6.20252 5.98409 14.2376 13.0485 13.1456 12.3188 14.1867 12.9812 12.7797 11.06 10.9378 19.2503 18.0776
threshold=5.9290548116647663 211.50000000000003 6.5374542106201234 2.5000000000000004 8.2205202850595303 122.50000000000001 4.5000000000000009 17.500000000000004 311.50000000000006 10.500000000000002 1.0000000180025095e-35 0.00021232807859135377 105.50000000000001 5.5000000000000009 -0.004508636418922316 11.500000000000002 0.00066196326282450891 5.5000000000000009 6.0675422633543983 0.0016237698015904923 0.0012041814365694205 0.00053813833600120794 -0.0010180768035544074 -0.91597561503675329 0.91597561503675351 0.00023030836960339997 5.3076979500471628 -0.16006091799829295 7.4884717321742622 0.78656609248549325 9.8505263167475814 0.75735294117647067 5.5000000000000009 1.5000000000000002 8.5000000000000018 -0.032550345257484077 0.37940952255126048 303.50000000000006 0.20521599658010567 0.87837969732492682 -0.064896933510747837 -0.00053093029659069329 -0.0056374570521439691 0.83447488584474894 1.0000000180025095e-35 6.6356269538031087 8.2205202850595303 6.646692610877845 6.5000000000000009 0.25881904510252057 8.0772341169730471 0.029863437275011659 7.8688572590266093 7.5000000000000009 7.2814007519761708 6.3228290624814296e-07 400.50000000000006 3.8397218567063534 0.60355339059327384 1.0000000180025095e-35 0.017116209265186009 1.5000000000000002 -0.0030717798738463782 4.4525110950346276 0.012665276170100598 -0.0019051740783042877 1.5000000000000002 100.50000000000001 1.5000000000000002 10.308179188010698 -0.051786677324636189 -0.082377813168152583 6.8658811164318214 103.50000000000001 7.7665153325433134e-07 1.0000000180025095e-35 3.4882108358713162 6.5622803510321338e-05 1.8246898925473982 101.50000000000001 1.0000000180025095e-35 0.97500000000000009 1.0000000180025095e-35 3.3247595522736924 16.500000000000004 13.500000000000002 7.5000000000000009 3.0827852708077614 -2.0548934559379514e-05 5.5000000000000009 4.3670047918406736 5.8593768666142356 6.5000000000000009 0.012402001628611372 5.6438992411713 1.0000000180025095e-35 0.36879226450807762 413.50000000000006 0.0030907952579083309 5.5000000000000009 -0.9159756150367534 0.60355339059327384 2.9040125042585044e-05 0.98296291314453421 3.6497551770592547 0.91597561503675362 1.5000000000000002 0.0012696458822624096 0.90397787144362496 6.5000000000000009 10.023761682234982 7.1960548678353025 -0.5 0.0029828218291396949 8.5000000000000018 0.7416573971078978 -0.00042845496427473741 -0.9159756150367534 0.0018791551174694862 5.5000000000000009 8.9833684440751345 8.5000000000000018 0.78656609248549325 0.60355339059327384 0.89680527383367148 0.88657804459691258
decision_type=2 2 2 2 2 2 2 2 2 2 2 2 2 2 2 2 2 2 2 2 2 2 2 2 2 2 2 2 2 2 2 2 2 2 2 2 2 2 2 2 2 2 2 2 2 2 2 2 2 2 2 2 2 2 2 2 2 2 2 2 2 2 2 2 2 2 2 2 2 2 2 2 2 2 2 2 2 2 2 2 2 2 2 2 2 2 2 2 2 2 2 2 2 2 2 2 2 2 2 2 2 2 2 2 2 2 2 2 2 2 2 2 2 2 2 2 2 2 2 2 2 2 2 2 2 2
left_child=1 6 7 4 66 -6 26 25 113 13 11 16 21 18 15 -13 24 106 19 -10 55 22 -12 -16 -11 -2 68 28 -5 -30 31 32 35 41 36 38 47 48 49 50 -37 42 -34 102 -45 -46 -47 -35 -38 -29 52 -52 53 96 -55 -20 57 61 88 62 63 75 -60 -61 65 -65 67 -4 -1 -7 -28 -41 -68 74 -32 76 77 80 -77 -80 81 82 -3 -81 85 -85 87 -79 89 91 -91 -59 -67 -92 95 -94 99 -98 -99 -40 -78 -84 103 112 105 -63 107 -15 -108 -75 -111 -49 -43 -9 115 122 117 -116 119 120 -117 -122 -42 124 125 -118
right_child=2 56 3 27 5 69 -8 8 9 10 12 14 -14 17 23 -17 -18 -19 20 -21 -22 -23 -24 -25 -26 -27 70 30 29 -31 73 -33 33 34 -36 40 37 -39 39 71 114 43 -44 44 45 46 -48 111 -50 -51 51 -53 -54 54 -56 -57 -58 58 59 60 -62 104 -64 64 -66 92 72 -69 -70 -71 -72 -73 -74 109 -76 78 100 86 79 83 -82 -83 101 84 -86 -87 -88 -89 -90 90 93 -93 94 -95 -96 -97 97 98 -100 -101 -102 -103 -104 -105 -106 -107 108 -109 -110 110 -112 -113 -114 -115 116 118 123 -119 -120 -121 121 -123 -124 -125 -126 -127
leaf_value=-0.023773792338503255 -0.0051463918782207393 0.016237933018299431 -0.00022753680595460053 0.0082501589499244764 0.044195049668582141 0.0069351684017091679 0.00168662793402968 -0.00076615262433392319 -0.0033680440997387951 0.0006391984230864501 -0.011489356303649015 -8.2109773836922732e-05 0.0058142658111685749 -0.0029906992321256584 0.0016891727754739059 0.027711967374035102 -0.0074321952777401589 0.0037078872374427573 -0.0049500680295098496 0.0089487946449903176 -0.014460850930398898 0.0021393871611027275 -0.0012542464476470181 0.014382606769631108 0.0093965144359600909 0.0073234976442842397 0.0071893832038415588 -0.0009125575212378782 0.0027540833533534828 -0.0031457912332893581 0.0044319822543649884 -0.019530698171276752 0.00084616849294716443 0.007101066837353987 0.011115920554817952 0.0028637925285096319 0.0046551963649940648 -0.0051042007130267511 -0.0092278442418475045 -0.0067189401095592684 0.0074913338091877543 0.0010402433389331133 0.020786299584097712 -0.00045230664304873874 0.0084833908147029947 -0.0055725300822017038 0.0049699842120907957 -0.0029267482628014402 -0.13693420144783355 -0.010212598382774994 -0.0093931900779136296 -5.0599742518697692e-05 0.0064213313089613285 0.0020806481134920335 -0.00077554447194968287 0.00029734554210118455 -2.2910946975415858e-05 -0.0033339518417426599 -0.012156916216447364 0.0038138217215955583 0.0033777109219190835 0.0010638910861885064 -0.00021444616060992206 -0.0069029446008280248 -0.015075982009062135 -0.0043023161906004951 -0.00089416321938573452 0.0086648975320429405 -0.0071451517346246274 0.027781936884230557 -0.0042511497304039509 -0.0053077647367906627 0.0017585541143184972 0.02563959323534179 -0.00017458952107212954 0.0026253110122828882 -0.0031627865979891021 0.012958015216590261 -0.006443428546522397 -0.0039518815168040995 -0.006634643339262572 -0.0093988787997771224 -0.0065336660748969311 0.0036579932251035369 0.0060152001297527251 -0.0073667791418448383 -0.013766802243913322 -0.0080525033223910244 -0.0005676606056694561 -0.017325747862814062 -0.0028658694368927109 0.0026991214972457551 0.0028360277973619348 0.0028508839759523188 -0.0017580872354505024 0.034203414616454784 0.018612053753547454 -0.028518589538341285 0.0027083665802840303 -0.0015209587612732643 -0.016814793641368214 0.0074164811434608421 0.0053618954948803435 0.004574685755058136 -0.0053942639206862163 0.012611960637013831 0.00061647127591910186 0.00014526616210422874 0.063426392760498579 0.020254749560518651 -0.00030960045764192093 -0.0010027989466088951 -0.003023417846259896 -0.004546102031389501 0.0083392653070550691 0.0001741267747450997 -0.00022500708867996015 0.00066856220568698463 -0.0041009903944349236 0.011312064044999353 0.0013389168566584164 0.015007479107654684 0.00021273871431354586 0.00021530379176693565 -0.002720350523818802 0.020440294571822615
leaf_weight=761 6133 153 5198 92 229 3268 1143 30600 230 747 201 208 84 799 72 75 158 441 294 156 277 328 813 402 71 14423 226 475 197 68 782 232 1056 31 40 309 94 610 298 134 415 359 126 2137 74 793 207 192 38 296 230 582 135 738 414 375 23686 6019 142 425 391 487 7631 236 79 262 4081 17027 5092 192 8550 81 9776 223 2853 137 155 67 1721 307 458 40 253 440 100 47 580 100 8722 74 393 354 973 495 290 49 87 64 43 475 443 309 200 68 95 108 1236 1393 74 31 266 868 321 1806 509 7411 3200 2880 872 263 411 326 285 4880 2840 158
leaf_count=761 6133 153 5198 92 229 3268 1143 30600 230 747 201 208 84 799 72 75 158 441 294 156 277 328 813 402 71 14423 226 475 197 68 782 232 1056 31 40 309 94 610 298 134 415 359 126 2137 74 793 207 192 38 296 230 582 135 738 414 375 23686 6019 142 425 391 487 7631 236 79 262 4081 17027 5092 192 8550 81 9776 223 2853 137 155 67 1721 307 458 40 253 440 100 47 580 100 8722 74 393 354 973 495 290 49 87 64 43 475 443 309 200 68 95 108 1236 1393 74 31 266 868 321 1806 509 7411 3200 2880 872 263 411 326 285 4880 2840 158
internal_value=-0.000223444 -0.00123048 0.000287374 0.00069216 0.00156382 0.00416825 -0.0029486 -0.000243644 -0.000663483 0.000892879 0.0033257 0.00667865 -0.00075821 -0.000565814 0.0132119 0.00549479 0.00156983 0.000755446 -0.00446522 0.00170077 -0.00697687 -0.00196362 -0.00418548 0.017714 0.00382139 0.000590439 -0.00329045 -0.00015825 0.00709254 0.00199074 -0.000223173 -0.000457296 -0.000388911 -0.00188599 -0.00542732 -1.37938e-05 -0.0060623 -0.0106359 -0.00254375 -0.00133064 0.000400683 -0.000640198 0.00312131 -0.00171169 -0.00307758 -0.00691844 -0.00860696 -0.00291743 0.0020438 -0.0076643 -0.000516118 -0.00479804 0.00103364 -1.29467e-05 0.00339672 -0.00363872 -0.000748274 -0.00124116 -0.000860493 0.000357246 0.00300277 -0.00292256 -0.000564733 0.0015028 0.000130676 0.000895317 0.00129701 0.00186628 -0.00470169 0.00347763 -0.00234711 -0.0126705 0.000383603 0.00181791 0.00103365 -0.00360771 -0.00548381 -0.00343511 -0.00185709 -0.00251431 -0.000773809 0.00245066 0.00376736 0.00198554 0.00522382 0.00252541 -0.00772274 0.00140988 -0.00165499 -0.0027844 0.00160807 -0.00344818 0.00227042 0.00304591 0.00374336 0.00565239 -0.0040715 0.00419598 -0.00854911 -0.00616003 -0.0121144 0.00106702 0.00290661 0.000756973 0.00233813 0.00427083 -6.98597e-05 -0.00171598 0.00268061 0.0072381 0.00237583 -0.00370892 -0.000875912 -0.00106862 0.000293397 0.00123473 -0.000356377 0.00235636 0.000714094 0.00130139 0.000928493 0.00723383 0.00808511 -0.00118695 -0.0025802 -1.63539e-05
internal_weight=213929 71993 141936 80540 39771 3689 15772 61396 40840 8434 3159 1733 1426 5275 757 283 976 3943 1332 386 946 1342 1014 474 818 20556 14629 40769 357 265 40412 36257 36025 7214 1873 28811 1833 742 4052 3281 24759 5341 1182 4159 3211 1074 1000 1091 132 771 3066 812 2254 2119 1152 669 56221 32535 26535 10478 2705 6000 7773 2314 1889 1810 36082 22225 5853 3460 8776 215 13857 4155 3635 5310 2558 1960 2752 2615 1213 755 715 894 587 487 747 167 16057 7335 962 6373 1574 888 1312 1022 967 194 107 773 598 562 948 748 690 595 3502 2192 1310 520 297 1060 680 32406 24450 9983 14467 3389 9283 8411 8148 737 700 11078 6198 3358
internal_count=213929 71993 141936 80540 39771 3689 15772 61396 40840 8434 3159 1733 1426 5275 757 283 976 3943 1332 386 946 1342 1014 474 818 20556 14629 40769 357 265 40412 36257 36025 7214 1873 28811 1833 742 4052 3281 24759 5341 1182 4159 3211 1074 1000 1091 132 771 3066 812 2254 2119 1152 669 56221 32535 26535 10478 2705 6000 7773 2314 1889 1810 36082 22225 5853 3460 8776 215 13857 4155 3635 5310 2558 1960 2752 2615 1213 755 715 894 587 487 747 167 16057 7335 962 6373 1574 888 1312 1022 967 194 107 773 598 562 948 748 690 595 3502 2192 1310 520 297 1060 680 32406 24450 9983 14467 3389 9283 8411 8148 737 700 11078 6198 3358
is_linear=0
shrinkage=0.05


Tree=68
num_leaves=127
num_cat=0
split_feature=9 26 9 10 9 28 32 9 10 26 32 21 35 30 35 35 19 3 29 2 32 14 24 34 34 34 9 8 26 26 30 28 30 32 24 3 24 19 8 3 26 26 19 28 24 24 9 24 25 1 29 9 9 9 20 20 30 19 19 9 35 26 9 3 9 9 3 20 32 24 19 32 32 35 3 25 24 34 8 21 9 9 1 26 3 8 9 4 9 32 9 9 9 32 7 26 1 24 8 8 30 4 11 3 9 26 24 26 24 19 19 34 26 9 26 26 2 2 35 25 4 20 28 20 19 30
split_gain=39.0709 20.9804 10.7321 23.0645 9.65666 8.41567 8.33137 8.14091 10.877 8.6633 7.63697 7.69244 7.5156 14.9693 12.2145 13.4734 12.4787 9.44877 9.16012 17.8667 13.0162 10.5656 16.1269 10.3973 10.0886 9.65683 8.66794 8.34295 8.20824 10.0588 8.77173 7.88594 7.86694 7.84048 7.82249 12.7673 14.2078 12.8531 11.6861 10.2284 8.91343 8.73506 8.56134 8.15943 11.6665 8.14164 13.8201 7.62525 7.56314 7.68499 7.53373 7.5266 9.2838 8.59875 8.75589 24.4142 8.86604 9.34183 17.0954 15.7411 11.9134 12.33 10.2256 10.0089 8.57019 8.12218 8.01293 19.5887 7.89271 7.8269 7.78475 7.49107 7.90137 10.9496 10.1565 8.9814 11.511 9.4262 7.89218 7.69812 7.58479 7.48896 7.44712 7.37587 8.73279 7.73482 7.36943 7.36206 18.779 14.7083 12.4343 10.5254 16.4835 9.56713 8.2517 14.7581 14.9454 11.6453 7.96569 7.29479 15.7379 20.2396 10.338 9.15968 9.07941 7.76885 8.23225 7.51003 10.6041 14.3031 8.90995 7.27717 7.27171 9.11566 7.25621 8.54895 8.22549 16.1259 20.0154 9.25779 8.9103 14.8651 12.0289 9.16988 7.93141 7.64163
threshold=5.9290548116647663 211.50000000000003 6.5832199049931264 2.5000000000000004 10.308179188010698 0.0019871376696760442 -3.0864119608093362e-05 7.7629309898717898 1.5000000000000002 100.50000000000001 -0.012700643960577735 0.94097222222222232 -0.038251293468558829 0.33978909003684427 -0.0070330215629839212 -0.0082051163085386288 0.41277890466531447 -0.98296291314453399 0.0071201314629351824 -0.37940952255126059 0.0013846322821046491 1.0000000180025095e-35 302.50000000000006 0.10887828446918556 0.017652661520487813 0.015161727474689879 5.6438992411713 10.500000000000002 409.50000000000006 306.50000000000006 0.024890613808638284 0.00011976956097898069 0.049773355189842015 0.0017155868782188647 310.50000000000006 0.25881904510252057 110.50000000000001 0.079156223893066008 7.5000000000000009 -0.9159756150367534 314.50000000000006 409.50000000000006 0.090230664857530549 4.0740625819290141e-05 309.50000000000006 712.50000000000011 3.5624033520609206 512.50000000000011 72.500000000000014 1.0000000180025095e-35 0.18910123798066439 4.7307625036772025 4.8066873308449161 4.4779329514174799 0.64346246973365628 0.62583333333333346 -2.2223775858933208e-05 0.095564253098499682 0.066120218579234988 3.0827852708077614 1.2077124536020805e-05 408.50000000000006 4.3670047918406736 -0.9159756150367534 3.4882108358713162 4.2315501622290013 -0.60355339059327384 0.97590011614401873 -1.0000000180025095e-35 1011.5000000000001 0.24417344173441738 0.0182037300295298 0.002876596267427662 -0.00046324684742684376 -0.12940952255126037 33.500000000000007 204.50000000000003 0.050638844485099595 6.5000000000000009 0.63961038961038974 8.5510377375042737 3.8397218567063534 5.5000000000000009 310.50000000000006 -0.60355339059327384 7.5000000000000009 5.1815417697773567 0.87837969732492682 5.419754394101461 -7.2695614489103448e-05 3.4882108358713162 2.9525637600956265 4.0907957772037857 -2.0749889353661272e-07 1.0000000180025095e-35 302.50000000000006 3.5000000000000004 100.50000000000001 7.5000000000000009 8.5000000000000018 -0.001957374500880881 0.87837969732492682 1.5000000000000002 -0.60355339059327384 8.8625539294412121 402.50000000000006 307.50000000000006 417.50000000000006 1016.5000000000001 0.066120218579234988 0.045804195804195813 -0.029180720489045672 308.50000000000006 3.5624033520609206 17.500000000000004 303.50000000000006 0.25881904510252091 0.78656609248549325 0.21508431036020317 105.50000000000001 0.6078576107927941 0.74833333333333341 0.00025107037056737322 0.91341829085457282 0.14839839839839844 0.00011047268234650624
decision_type=2 2 2 2 2 2 2 2 2 2 2 2 2 2 2 2 2 2 2 2 2 2 2 2 2 2 2 2 2 2 2 2 2 2 2 2 2 2 2 2 2 2 2 2 2 2 2 2 2 2 2 2 2 2 2 2 2 2 2 2 2 2 2 2 2 2 2 2 2 2 2 2 2 2 2 2 2 2 2 2 2 2 2 2 2 2 2 2 2 2 2 2 2 2 2 2 2 2 2 2 2 2 2 2 2 2 2 2 2 2 2 2 2 2 2 2 2 2 2 2 2 2 2 2 2 2
left_child=1 6 114 4 5 7 -1 8 9 -4 -3 12 13 -12 15 16 17 27 20 23 24 32 -23 -20 25 34 31 -14 29 50 -30 -22 -21 -17 35 36 -16 38 40 -40 -38 -42 -39 44 -44 46 -36 -33 49 -48 -24 53 70 54 55 112 -56 58 62 -60 61 65 -58 -63 83 -61 69 -68 -66 -55 -53 72 73 74 -5 76 77 -74 -78 -80 -77 -51 99 -59 -85 -86 -8 89 90 -37 -89 -91 -93 -94 95 -95 -97 -96 -92 100 101 103 -101 -75 -102 106 -105 108 -104 -110 -109 -31 113 -47 -2 -116 119 -118 120 -117 123 -122 124 -119 125 -123
right_child=2 10 3 71 -6 -7 86 -9 -10 -11 11 -13 14 -15 18 33 -18 -19 19 21 26 22 28 -25 -26 -27 -28 -29 30 111 -32 47 -34 -35 45 87 37 42 39 -41 41 -43 43 -45 -46 51 48 -49 -50 81 -52 52 -54 66 56 -57 57 64 59 60 -62 63 -64 -65 68 -67 67 -69 -70 -71 -72 -73 75 82 -76 80 78 -79 79 -81 -82 -83 -84 84 85 -87 -88 88 -90 91 98 92 93 94 97 96 -98 -99 -100 102 104 -103 107 105 -106 -107 -108 110 109 -111 -112 -113 -114 -115 115 116 117 118 -120 -121 121 122 -124 -125 -126 -127
leaf_value=-0.0011785546178461231 0.0034354855375595575 0.00065883744470878933 0.0012320985851122113 0.0033171831234188771 0.026392840040019024 -0.0014801850153843702 -0.0098575814841546719 0.0079847363612087115 1.7488123517207187e-05 0.010110091322333203 -0.0032946867402088758 -0.011825269362735537 0.0058769141564516932 0.0091164971936237606 -0.0023086519778960663 0.018174871241728917 -0.029057738670231051 0.0017887847677798879 -0.0057671020139798083 -0.0025053927278357404 0.00029113279624461201 -0.001389503478499615 0.0015535630791962966 0.0043877598038370722 0.011210809817943181 -0.0059106333482343183 0.01797568530712022 -0.011569353868138139 0.019122674294801516 -0.0049006288979832465 -0.011795260343990149 0.0020927833706956885 0.00019597721071534305 -0.015605363827216376 0.0010107368057054925 -0.012400618547516187 -0.0099774060708455615 0.020456322884641966 0.007287856815006372 0.00054232439130859453 0.0012717866935743631 -0.0072938674892638906 0.0020270995690909095 0.012397917366373936 -0.010270709996647283 0.0094584782856843921 -0.0095849926959574207 0.010122793030450741 -0.016702310129024022 -0.01099037722472395 0.0065445561966797549 0.0021755042306154434 1.3738728486934973e-05 -0.016280977755789228 -0.013815130267514925 0.0091122160737488658 -0.0011302535765771238 -0.011051083846795505 0.029910452713349786 0.0089609566391540621 -0.0039176515251793959 0.0090097073292513385 0.0067663080590354505 -0.0057905159602627404 0.01079521694052521 0.0026233899713275777 -0.0087954963157130372 0.0036989148475926759 -0.0056695136718410664 -0.0014520219694915569 0.0062609239260070773 0.00088049451757610188 0.0016426656128431549 0.0058072618438483334 -0.0003256484807096135 -0.0017170363074034832 -0.00103960607781591 -0.010369800897278209 0.011733541661543365 -0.19184125064847635 -0.0088634757697449787 -0.0012478327743520078 -0.001152688579028149 0.0081627977978922621 -0.051154762374686275 -6.1411130459560634e-05 -0.0042646202770543493 -0.0055917711200783211 -0.01157801278026652 0.005472273458768692 0.0025760835925515593 -0.0094962341789654164 0.010459768010823489 -0.011348910421864832 0.0069043813422260724 -0.0013735748484762903 0.0073657505766561507 -0.0030290364122831427 0.0054525287356876053 0.005716435102726021 0.00069824570904316772 -0.0077479507776948469 -0.00042133230450929382 0.00067412087240337583 0.0052441603250117808 -0.0036126869278429287 -0.0018444011967676363 -0.014150212037091251 -0.021354003240171362 0.0043801356832602074 -0.00068274292285183669 0.0014554929100113975 -0.0092839232450427338 -0.002422327017896457 -0.0011084936302093154 0.00067320972981415694 -0.0017059607948390705 -1.8599717441651318e-05 0.0095412662994205887 0.0051197670398544469 0.0063438743231644225 0.015346147446406342 -0.0077276085403064744 0.0019052520313002045 -0.018673612591188965 -0.0044879241009234605
leaf_weight=3627 20556 2686 4870 3763 192 3007 4203 5853 9815 13873 2390 360 73 78 330 189 86 2865 1992 4303 1527 947 192 73 95 348 127 174 263 207 29 147 1316 29 1600 290 377 187 212 1488 130 77 1410 323 128 128 404 131 171 388 189 469 7450 351 107 141 3221 334 145 271 270 84 196 190 73 211 538 342 799 359 350 2520 144 151 2737 2026 172 197 381 22 635 5938 6185 337 80 681 7942 132 181 300 454 440 108 213 41 531 428 1068 230 358 5517 198 11194 570 1339 307 606 130 55 251 442 399 135 165 30852 3996 3014 3015 133 160 109 190 354 1787 108 152
leaf_count=3627 20556 2686 4870 3763 192 3007 4203 5853 9815 13873 2390 360 73 78 330 189 86 2865 1992 4303 1527 947 192 73 95 348 127 174 263 207 29 147 1316 29 1600 290 377 187 212 1488 130 77 1410 323 128 128 404 131 171 388 189 469 7450 351 107 141 3221 334 145 271 270 84 196 190 73 211 538 342 799 359 350 2520 144 151 2737 2026 172 197 381 22 635 5938 6185 337 80 681 7942 132 181 300 454 440 108 213 41 531 428 1068 230 358 5517 198 11194 570 1339 307 606 130 55 251 442 399 135 165 30852 3996 3014 3015 133 160 109 190 354 1787 108 152
internal_value=-0.00022064 -0.00116937 0.000260602 0.00065697 0.00154526 0.00148692 -0.00278063 0.00170858 0.00135998 0.00206595 -0.00071715 -0.00084773 -0.000797997 -0.00348969 -0.000666656 0.00221865 0.00138776 0.00191851 -0.000875285 -0.00222642 -0.000516837 -0.00113535 0.00177723 -0.0063587 -0.000734825 -0.000779575 0.00347445 -0.00737103 0.0054303 0.00321825 0.0127273 0.00256216 -0.00228974 0.0141031 -0.000696495 0.000566443 0.00239019 0.00315425 0.000572303 0.00266862 -0.00550085 0.00279481 0.00602533 0.00497187 0.00343163 -0.0011387 -0.00240683 0.0102297 -0.00337714 -0.0031069 0.0095272 -0.00051959 0.000573786 -0.0015066 -0.000802852 0.00513502 -0.00128891 -0.00106133 0.00024385 0.0054443 0.00321533 0.00642576 -0.00154369 -0.00202509 -0.00365526 0.0112012 -0.00484326 -0.00163842 -0.00754846 -0.00877622 0.00560983 -0.000180428 -0.000358432 -0.00012179 0.00172175 -0.00259143 0.0016721 -0.00555636 0.00596983 0.00976103 -0.00405945 -0.00267493 -0.000560916 -0.00126653 0.000720762 -0.00224869 -0.00340844 -0.00135942 0.00241268 -0.0024613 0.00565164 -0.00145262 -0.00240032 -0.000752923 -0.00145341 0.00146984 0.00412085 -0.00453546 0.00835994 -0.000113856 0.000997355 -0.00311377 -0.000890631 -0.00125991 0.00209736 -0.00246472 -0.000601185 -0.00114018 -0.000860495 0.00824759 -0.00670711 -0.00079378 -0.000877598 0.00354866 -0.000216277 -0.000579487 0.000494894 -0.000365963 0.00116522 0.00232877 0.000710228 -0.00380447 -0.00616811 0.00157167 -0.000714285 0.00304035
internal_weight=213929 71993 141936 77510 37610 37418 15772 34411 28558 18743 56221 53535 53175 2468 50707 3416 3198 3112 47291 9910 37381 7845 2226 2065 35449 35354 1932 247 1279 987 292 1805 5619 218 35006 9078 4662 4332 2284 1700 584 207 2048 1861 1538 25928 8501 278 6901 6730 381 17427 8269 9158 7568 569 6999 6892 4588 1171 1026 756 3417 274 2304 482 1590 880 872 710 819 39900 37380 33803 6500 3577 916 341 575 403 2661 6326 27303 1432 1098 761 12145 4416 997 3419 816 3129 2829 2389 2281 1172 959 1109 684 21118 8688 1832 12430 1634 6856 1483 1176 12072 11500 306 572 606 428 293 64426 43870 13018 8862 5848 4156 5715 913 804 4802 450 342
internal_count=213929 71993 141936 77510 37610 37418 15772 34411 28558 18743 56221 53535 53175 2468 50707 3416 3198 3112 47291 9910 37381 7845 2226 2065 35449 35354 1932 247 1279 987 292 1805 5619 218 35006 9078 4662 4332 2284 1700 584 207 2048 1861 1538 25928 8501 278 6901 6730 381 17427 8269 9158 7568 569 6999 6892 4588 1171 1026 756 3417 274 2304 482 1590 880 872 710 819 39900 37380 33803 6500 3577 916 341 575 403 2661 6326 27303 1432 1098 761 12145 4416 997 3419 816 3129 2829 2389 2281 1172 959 1109 684 21118 8688 1832 12430 1634 6856 1483 1176 12072 11500 306 572 606 428 293 64426 43870 13018 8862 5848 4156 5715 913 804 4802 450 342
is_linear=0
shrinkage=0.05


end of trees

feature_importances:
account_baseline=1357
rejected_tag_count=748
cat_x_hour=493
history_x_hour=472
irrelevant_tag_ratio=392
history_depth_code=357
text_svd_7=343
month=342
semantic_tag_ratio=299
text_svd_0=295
hour=288
text_svd_5=284
text_svd_3=272
text_svd_4=267
text_svd_2=245
text_svd_6=243
cat_x_weekday=220
text_svd_1=212
hour_sin=205
tag_category_entropy=197
hour_cos=183
accepted_tag_count=163
generic_tag_count=163
weekday=137
weekday_cos=109
time_basis_utc_fallback=104
weekday_sin=103
has_secondary_cat=50
context_source_code=44
tag_alignment_mean=44
primary_cat_code=34
primary_subcat_code=20
media_type_code=6
is_weekend=3

parameters:
[boosting: gbdt]
[objective: quantile]
[metric: quantile]
[tree_learner: serial]
[device_type: cpu]
[data_sample_strategy: bagging]
[data: ]
[valid: ]
[num_iterations: 500]
[learning_rate: 0.05]
[num_leaves: 127]
[num_threads: 16]
[seed: 42]
[deterministic: 0]
[force_col_wise: 0]
[force_row_wise: 0]
[histogram_pool_size: -1]
[max_depth: -1]
[min_data_in_leaf: 20]
[min_sum_hessian_in_leaf: 0.001]
[bagging_fraction: 0.85]
[pos_bagging_fraction: 1]
[neg_bagging_fraction: 1]
[bagging_freq: 0]
[bagging_seed: 400]
[bagging_by_query: 0]
[feature_fraction: 0.8]
[feature_fraction_bynode: 1]
[feature_fraction_seed: 30056]
[extra_trees: 0]
[extra_seed: 12879]
[early_stopping_round: 0]
[early_stopping_min_delta: 0]
[first_metric_only: 0]
[max_delta_step: 0]
[lambda_l1: 0]
[lambda_l2: 5]
[linear_lambda: 0]
[min_gain_to_split: 0]
[drop_rate: 0.1]
[max_drop: 50]
[skip_drop: 0.5]
[xgboost_dart_mode: 0]
[uniform_drop: 0]
[drop_seed: 17869]
[top_rate: 0.2]
[other_rate: 0.1]
[min_data_per_group: 100]
[max_cat_threshold: 32]
[cat_l2: 10]
[cat_smooth: 10]
[max_cat_to_onehot: 4]
[top_k: 20]
[monotone_constraints: ]
[monotone_constraints_method: basic]
[monotone_penalty: 0]
[feature_contri: ]
[forcedsplits_filename: ]
[refit_decay_rate: 0.9]
[cegb_tradeoff: 1]
[cegb_penalty_split: 0]
[cegb_penalty_feature_lazy: ]
[cegb_penalty_feature_coupled: ]
[path_smooth: 0]
[interaction_constraints: ]
[verbosity: -1]
[saved_feature_importance_type: 0]
[use_quantized_grad: 0]
[num_grad_quant_bins: 4]
[quant_train_renew_leaf: 0]
[stochastic_rounding: 1]
[linear_tree: 0]
[max_bin: 255]
[max_bin_by_feature: ]
[min_data_in_bin: 3]
[bin_construct_sample_cnt: 200000]
[data_random_seed: 175]
[is_enable_sparse: 1]
[enable_bundle: 1]
[use_missing: 1]
[zero_as_missing: 0]
[feature_pre_filter: 1]
[pre_partition: 0]
[two_round: 0]
[header: 0]
[label_column: ]
[weight_column: ]
[group_column: ]
[ignore_column: ]
[categorical_feature: ]
[forcedbins_filename: ]
[precise_float_parser: 0]
[parser_config_file: ]
[objective_seed: 16083]
[num_class: 1]
[is_unbalance: 0]
[scale_pos_weight: 1]
[sigmoid: 1]
[boost_from_average: 1]
[reg_sqrt: 0]
[alpha: 0.55]
[fair_c: 1]
[poisson_max_delta_step: 0.7]
[tweedie_variance_power: 1.5]
[lambdarank_truncation_level: 30]
[lambdarank_norm: 1]
[label_gain: ]
[lambdarank_position_bias_regularization: 0]
[eval_at: ]
[multi_error_top_k: 1]
[auc_mu_weights: ]
[num_machines: 1]
[local_listen_port: 12400]
[time_out: 120]
[machine_list_filename: ]
[machines: ]
[gpu_platform_id: -1]
[gpu_device_id: -1]
[gpu_device_id_list: ]
[gpu_use_dp: 0]
[num_gpu: 1]

end of parameters

pandas_categorical:[]
